更新时间,公司名称,企业性质,行业分类,招聘岗位,工作地点,截止时间,届次,学历要求,批次,公告来源,公告链接,投递链接,专业要求,是否笔试,⚠筛选前先看使用说明！,父记录,父记录 2,字段 1
,（必看）表格使用说明,,,工作日持续更新...,先看使用说明,,,,,,,,,,,,,
,☝筛选前必看使用说明,,,,大企业都是全国多地有岗，按城市筛选不到哈,,,,,,,,,,,,,
2026/07/27,高标科技,民企,智能硬件,"结构,电机,仿真,软件,硬件,测试,项目管理,产品开发,客户经理助理,制造技术,采购,计划,物流,仓储,财务,人力资源,IT技术,质量,运营支持","东莞, 无锡, 重庆, 台州, 徐州, 天津, 海外",尽快投递,2027届,本科、硕士,秋招专场,高标科技,https://mp.weixin.qq.com/s/wP8SAfHYSbOWa_CR6d0rVA,https://kjgb.zhiye.com/,/,/,,,,
2026/07/27,碧新小学,事业单位,教育/培训/科研,秋季实习生（教学实习，含备课、试讲、上台授课，配导师带教）,深圳,2026-08-20,"2026届, 2027届",本科,实习,碧新小学,https://mp.weixin.qq.com/s/QBYRv9Ia-CShbdJlkN2Vng?scene=1&click_id=1643372069,https://mp.weixin.qq.com/s/QBYRv9Ia-CShbdJlkN2Vng?scene=1&click_id=1643372069,师范类专业,/,,,,
2026/07/27,爱可拓,民企,咨询,总经理助理实习生（文字内容撰写、公众号运营、信息核查）,"线上, 上海",尽快投递,"2026届, 2027届, 2028届",本科、硕士、博士,实习,爱可拓,https://mp.weixin.qq.com/s/wdVI96NrqTPwHaCysTYRTg?scene=1&click_id=572002401,https://mp.weixin.qq.com/s/wdVI96NrqTPwHaCysTYRTg?scene=1&click_id=572002401,/,/,,,,
2026/07/27,红树林基金会,央国企,农林牧渔,重建海上森林高级项目专员（全职）、生态公园副园长（全职）、保育数据库实习生、合作发展实习生（公众号运营、新媒体、短视频、图片处理）,深圳,尽快投递,"2026届, 2027届",本科、硕士、博士,实习,红树林基金会,https://mp.weixin.qq.com/s/TMhldMsmv7oaOt67SRMmJA?scene=1,https://mp.weixin.qq.com/s/TMhldMsmv7oaOt67SRMmJA?scene=1,环境科学、生态学、海洋科学、林学、自然资源管理、气候变化、可持续发展、管理学、园林、环境教育、生物学、地理信息科学、计算机科学、数据科学、统计学等相关专业,/,,,,
2026/07/27,信永中和,民企,财务/审计/税务,管理咨询实习生（基金产品合规性审阅）,北京,2026-08-28,"2026届, 2027届, 2028届",硕士、博士,实习,信永中和,https://mp.weixin.qq.com/s/NFAPriycXtv7jIVoxuP0JA?scene=1,https://mp.weixin.qq.com/s/NFAPriycXtv7jIVoxuP0JA?scene=1,/,有笔试,,,,
2026/07/27,泰和泰律所,民企,法律,金融方向实习生、执行方向实习生、常年法律顾问方向实习生,长沙,尽快投递,"2026届, 2027届, 2028届",本科、硕士、博士,实习,泰和泰律所,https://mp.weixin.qq.com/s/Vs-Rqsyk75jZdzJg5SS0kA?scene=1&click_id=834384497,https://mp.weixin.qq.com/s/Vs-Rqsyk75jZdzJg5SS0kA?scene=1&click_id=834384497,法学,/,,,,
2026/07/27,黑龙江省龙江化工有限公司,央国企,能源/化工/环保,化工装置操作岗,大庆,2026-08-04,"2025届, 2026届",本科、硕士、博士,春招补招,黑龙江省龙江化工有限公司,https://mp.weixin.qq.com/s/cZamTsw1Y6RqOVxlTTZcYg,https://www.iguopin.com/job/detail?id=210638480026372343,/,/,,,,
2026/07/27,中科院空天院,央国企,高端装备与国防科技/航空航天/船舶/轨道交通装备/军工卫星,科研岗、技术岗、管理岗,"北京, 苏州, 济南, 文昌",2026-08-18,"2026届, 2027届",硕士、博士,秋招提前批,中科院空天院,https://mp.weixin.qq.com/s/EWWcco0ufDklFRKstoJLhw?scene=1&click_id=9,https://zhaopin.aircas.ac.cn/,绝大多数理工类专业,有笔试,,,,
2026/07/27,网是科技,民企,通信/电子/半导体,项目专员（研发与生产项目管理）、项目助理（26届应届毕业生）,深圳,尽快投递,2026届,本科、硕士、博士,春招补招,网是科技,https://mp.weixin.qq.com/s/pP1FMVjE9sFqbkMFgyw0Bw?scene=1,https://mp.weixin.qq.com/s/pP1FMVjE9sFqbkMFgyw0Bw?scene=1,通信工程、电子信息工程、自动化等专业,/,,,,
2026/07/27,京东方,民企,通信/电子/半导体,工艺整合研究员（玻璃基先进封装方向）、钙钛矿研发工程师、量子点材料研究员、量子点图案化工艺研究员、新材料/新工艺研究员（柔性）、新材料研究员（电池材料）、新材料研究员（合成）、新工艺研究员（触觉）、新型功能器件研究员、磁学研究员、量子点电致发光器件研究员、面板设计研究员、模拟/混合信号设计工程师、生信分析研究员、管理培训生（电池材料）、仿生模块算法研究员、技术合作研究员、技术企划研究员、技术战略研究员、专利申请与挖掘研究员、工艺开发研究员、新工艺研究员（OLED方向）、产品整合研究员、器件开发研究员、电路开发研究员、管培生（异质集成方向）、大模型算法研发、仿真算法研究员、算法开发研究员、运筹优化算法研发、细胞研究员、质量检测专员,"北京, 烟台, 合肥, 成都",尽快投递,2027届,博士,秋招提前批,京东方,https://mp.weixin.qq.com/s/inZhFMSUfX25_fl-JT-IQg?scene=1,https://campus.boe.com/,材料、微电子、物理、化学、力学、化工、电子、数学、机电、自动化、新能源科学与工程、计算机、统计、生物信息学、生物医学工程、机器人、机械、光学、能源、法学、人工智能、模式识别、软件工程、工业工程、细胞生物学、基础医学、肿瘤学、免疫学、组织工程学、发育生物学、分子生物学、生物化学、药学等相关专业,/,,,,
2026/07/27,汕头超声印制板公司,合资,通信/电子/半导体,化学工程师、工艺工程师、设备工程师、制前设计工程师,汕头,尽快投递,2026届,本科、硕士,秋招专场,汕头超声印制板公司,https://mp.weixin.qq.com/s/OEq4hRLOJaeEgiCEIAjEpQ?scene=1&click_id=2,https://mp.weixin.qq.com/s/OEq4hRLOJaeEgiCEIAjEpQ?scene=1&click_id=2,化学类、化工与制药类、材料类、机械类、仪器类、电气类、自动化类、计算机类、电子信息类、数学类、物理类等相关专业,/,,,,
2026/07/27,天津和平投资发展集团,央国企,金融业,集团公司法务岗,天津,2026-07-26,"2024届, 2025届, 2026届",本科、硕士、博士,春招补招,天津和平投资发展集团,https://mp.weixin.qq.com/s/0-nGBSdraUXPE9cR7KwlaQ,https://mp.weixin.qq.com/s/0-nGBSdraUXPE9cR7KwlaQ,法学类,/,,,,
2026/07/27,超星学习通,民企,教育/培训/科研,产品经理（高校数字校园方向）,武汉,尽快投递,2026届,本科、硕士、博士,春招补招,超星学习通,https://www.xiaohongshu.com/explore/6a603ff5000000000100c456?app_platform=android&ignoreEngage=true&app_version=9.31.0&share_from_user_hidden=true&xsec_source=app_share&type=normal&xsec_token=CB_jSNUU7cLwRg_JQ94KPMj_vJFlDWzrnTp4iWogfk4sA=&author_share=1&xhsshare=CopyLink&shareRedId=N0g0RkRLPDxMPko6S0E0SkczO0A2Sj45&apptime=1784858932&share_id=f623cb87b4704edcb0362643826a715e&share_channel=copy_link,https://www.xiaohongshu.com/explore/6a603ff5000000000100c456?app_platform=android&ignoreEngage=true&app_version=9.31.0&share_from_user_hidden=true&xsec_source=app_share&type=normal&xsec_token=CB_jSNUU7cLwRg_JQ94KPMj_vJFlDWzrnTp4iWogfk4sA=&author_share=1&xhsshare=CopyLink&shareRedId=N0g0RkRLPDxMPko6S0E0SkczO0A2Sj45&apptime=1784858932&share_id=f623cb87b4704edcb0362643826a715e&share_channel=copy_link,/,/,,,,
2026/07/27,亿星软件,民企,IT/互联网/游戏,软件销售管培生|软件销售助理,"厦门, 广州, 泉州, 青岛",尽快投递,"2025届, 2026届",本科、硕士、博士,春招补招,亿星软件,https://mp.weixin.qq.com/s/rkcXEaHyadZclvb09NiZtw,https://esunsoft.zhiye.com/,专业不限，国际经济与贸易、市场营销、会计学、财务管理、计算机、工商管理、会展经济与管理等相关专业优先,/,,,,
2026/07/27,吉利,民企,汽车制造/维修/零配件,校园大使,"远程, 线上",2026-08-08,"2027届, 2028届",本科、硕士、博士,秋招专场,吉利,https://mp.weixin.qq.com/s/xLoYKs7NHp-YUDVwy8apzQ,https://app.mokahr.com/m/campus-recruitment/geely/170390#/job/7db6f34c-47f3-44a1-ae2e-7ef4adf3ace0?from=qrcode,专业不限,/,,,,
2026/07/27,虎扑,民企,文化/传媒/广告/体育,足球赛事运营实习生、用户研究实习生,上海,尽快投递,"2027届, 2028届",本科、硕士、博士,实习,虎扑,https://mp.weixin.qq.com/s/F7ymRYE3Mhz2M38oJfNuPA,https://hupu.zhiye.com/social,专业不限，社会学、心理学、传播学、经济学、统计学等均可,/,,,,
2026/07/27,高露洁,合资,快速消费品,校园大使,"远程, 线上",2026-08-14,"2027届, 2028届",本科、硕士、博士,秋招专场,高露洁,https://mp.weixin.qq.com/s/iBweuBuoLTQSuPhNvwymgA,https://app.mokahr.com/apply/colpal/28788#/job/14becf80-36ce-4026-91de-951c021168f6?from=qrcode&isRecommendation=false,/,有笔试,,,,
2026/07/27,TCL,民企,耐用消费品,校园大使,"远程, 线上",2026-08-31,"2026届, 2027届, 2028届",本科、硕士、博士,秋招专场,TCL,https://mp.weixin.qq.com/s/jgigXUTzX_eO5UpvIiqnWQ,https://jsj.top/f/r8bNbC,专业不限,有笔试,,,,
2026/07/27,北京金融大数据,央国企,IT/互联网/游戏,出纳岗,北京,尽快投递,"2027届, 2028届",本科、硕士、博士,实习,北京金融大数据,https://mp.weixin.qq.com/s/1474dKLrEKiwiW2olhKc2Q,https://mp.weixin.qq.com/s/1474dKLrEKiwiW2olhKc2Q,财务管理、会计、税务、经济金融类等相关专业,有笔试,,,,
2026/07/27,联众力社工,事业单位,机构/组织/政府,残障项目实习生、评估服务项目实习生、社区服务项目实习生,西安,尽快投递,"2027届, 2028届",本科、硕士、博士,实习,联众力社工,https://mp.weixin.qq.com/s/tG2365IxkV0VPel1aXqXNw?scene=1&click_id=2070590336,https://mp.weixin.qq.com/s/tG2365IxkV0VPel1aXqXNw?scene=1&click_id=2070590336,社会工作、社会学、心理学等相关专业优先,/,,,,
2026/07/27,豪迈,民企,能源/化工/环保,校园大使,"远程, 线上",尽快投递,2027届,硕士、博士,秋招专场,豪迈,https://mp.weixin.qq.com/s/-g80HhYTqotEO1k2NvAyUA,https://himile.zhiye.com/1601369545/detail?jobAdId=3a175c52-02e6-4b05-8a4a-8a5e04dc52df,/,/,,,,
2026/07/27,中国日报,事业单位,文化/传媒/广告/体育,新媒体中心招实习生,北京,尽快投递,"2027届, 2028届",本科、硕士、博士,实习,中国日报,https://mp.weixin.qq.com/s/-OVtAfyva20UTt8xd75d3g,https://mp.weixin.qq.com/s/-OVtAfyva20UTt8xd75d3g,专业不限，广播电视、新媒体相关专业优先,有笔试,,,,
2026/07/27,申洲集团,民企,能源/化工/环保,校园大使,全国多地,尽快投递,"2027届, 2028届",本科、硕士、博士,秋招专场,申洲集团,https://mp.weixin.qq.com/s/mQek1RFDPpe3H6uXyik-CQ?scene=1,https://career.shenzhouintl.com/campus/detail?jobAdId=fc07d685-8756-4924-86e3-42f866f96522,专业不限,/,,,,
2026/07/27,一台好戏,民企,文化/传媒/广告/体育,场馆运营实习生（剧场日常管理、人员排班、演出保障、物料管理）、剧场志愿者（检票引导、物料摆放、活动执行）,杭州,尽快投递,"2026届, 2027届, 2028届",本科、硕士、博士,实习,一台好戏,https://mp.weixin.qq.com/s/OACJ4bzU-mBzSM33ouAxaA?scene=1,https://mp.weixin.qq.com/s/OACJ4bzU-mBzSM33ouAxaA?scene=1,专业不限,/,,,,
2026/07/27,中国物流,央国企,交通/物流/仓储,物流类 IT类 综合类、物流管理、供应链管理、物资管理、管理科学与工程、数据库、网络、大数据分析、系统运维、云计算、国际贸易、财务会计、法学理论、工商管理、语言类等,"北京, 上海, 江苏, 广州, 全国多地",2026-08-02,2026届,本科、硕士、博士,春招补招,中国物流,https://mp.weixin.qq.com/s/B6w58CmYbYIOgj4muBpnvg,https://chinalogisticsgroup.hotjob.cn/,物流管理、供应链管理、物资管理、管理科学与工程、数据库、网络、大数据分析、系统运维、云计算、国际贸易、财务会计、法学理论、工商管理、语言类,有笔试,,,,
2026/07/27,诺瓦星云,民企,通信/电子/半导体,2027届校招岗位，具体见投递链接,"北京, 深圳, 西安",尽快投递,2027届,本科、硕士、博士,秋招专场,诺瓦星云,http://mp.weixin.qq.com/s/hyLMfjhsnzSA8MGEOCKo8w,http://mp.weixin.qq.com/s/hyLMfjhsnzSA8MGEOCKo8w,/,/,,,,
2026/07/26,奥马冰箱,民企,耐用消费品,研发技术类 工业设计类 工艺技术类 设备技术类 品质技术类 信息技术类 财务管理类 企业管理类 国内营销类 国际营销类,中山,尽快投递,2027届,本科、硕士,秋招专场,奥马冰箱,https://mp.weixin.qq.com/s/2TiFTmgUwEF_BgNXR9Bxng,https://homa-hr.zhiye.com/campus/jobs,/,/,,,,
2026/07/26,国轩高科-轩锐计划,民企,新能源,产品研发 工程技术 生产管理 职能管理,"合肥, 上海, 六安",尽快投递,2027届,硕士、博士,实习,国轩高科-轩锐计划,https://mp.weixin.qq.com/s/VX_Rh8uCvpqppDvdu9gheg,https://gotion.zhiye.com/intern/jobs,/,/,,,,
2026/07/26,中国融通集团,央国企,"农林牧渔, 商务服务业, IT/互联网/游戏, 医疗/医药/生物, 教育/培训/科研, 金融业",下属单位岗位，具体见投递方式链接,"北京, 西安, 乌鲁木齐, 喀什地区, 南京, 淮安, 上海, 巴音郭楞, 郴州, 曲靖",2026-08-14,2026届,本科、硕士、博士,春招补招,中国融通集团,https://mp.weixin.qq.com/s/iaCnXiUhO0qpYiu3X-o-FQ,https://job.crtc-hr.com/portal/#/recruitment/campus/searchAll,工学、经济学、理学、医学、农学、文学、管理学、法学,有笔试,,,,
2026/07/26,中国物流,央国企,交通/物流/仓储,物流类 IT类 综合类,"北京, 上海, 江苏, 广州, 全国其他",2026-08-02,2026届,本科、硕士、博士,春招补招,中国物流,https://mp.weixin.qq.com/s/B6w58CmYbYIOgj4muBpnvg,https://chinalogisticsgroup.hotjob.cn/,物流管理、供应链管理、物资管理、管理科学与工程、数据库、网络、大数据分析、系统运维、云计算、国际贸易、财务会计、法学理论、工商管理、语言类,有笔试,,,,
2026/07/26,比亚迪-半导体团队专场补录,民企,汽车制造/维修/零配件,工艺开发工程师、工艺整合工程师、设备工程师、工艺工程师、机电工程师、水气化二工程师、现场工程师、计划专员、AMHS工程师、品质工程师,成都,尽快投递,2026届,本科、硕士,春招补招,比亚迪-半导体团队专场补录,https://mp.weixin.qq.com/s/PGUQiWgL0ycrtYgDGu0knA,https://mp.weixin.qq.com/s/PGUQiWgL0ycrtYgDGu0knA,电子信息、微电子、机械工程、材料科学、自动化、,/,,,,
2026/07/25,圣邦微电子,民企,通信/电子/半导体,模拟集成电路设计工程师、数字集成电路设计工程师、数字验证工程师、工艺开发工程师、版图设计工程师、版图工程师、PDK工程师、测试研发工程师、项目管理工程师、TPE测试产品工程师、PCB Layout工程师、应用工程师、销售工程师、现场应用工程师,"哈尔滨, 北京, 大连, 成都, 武汉, 上海, 苏州, 杭州, 江阴, 深圳, 厦门, 香港",尽快投递,2027届,本科、硕士、博士,秋招专场,圣邦微电子,https://mp.weixin.qq.com/s/SihQ-xL024yDX2KbhLpHHA,https://campus.51job.com/sgmicro2027/job.html,/,有笔试,,,,
2026/07/25,昆仑芯科技,民企,通信/电子/半导体,芯片硬件类、芯片软件类,"北京, 上海, 杭州, 深圳",尽快投递,2027届,本科、硕士、博士,秋招专场,昆仑芯科技,https://mp.weixin.qq.com/s/7XmnxkhQ1wYyqVEep3vV1A,https://kunlunxin1.zhiye.com/custom/xiaoyuan?hideAll=true,/,/,,,,
2026/07/25,经纬恒润,民企,汽车制造/维修/零配件,Layout工程师-campus-2027、测试开发工程师-campus-2027、商业BP-campus-2027、AI控制算法工程师-campus-2027、控制算法工程师-campus-2027,"北京, 天津, 南昌, 上海",尽快投递,2027届,本科、硕士、博士,秋招专场,经纬恒润,https://app.mokahr.com/campus-recruitment/jingweihengrun/168294?locale=zh-CN#/,https://app.mokahr.com/social-recruitment/jingweihengrun/168299?locale=zh-CN,/,有笔试,,,,
2026/07/25,宽德智能学习实验室,民企,IT/互联网/游戏,AI研究员、研发工程师、数据策略师,"上海, 北京",尽快投递,2027届,本科、硕士、博士,秋招专场,宽德智能学习实验室,https://mp.weixin.qq.com/s/Ae7aXYKrscnPd10OVlAFbw,https://mp.weixin.qq.com/s/Ae7aXYKrscnPd10OVlAFbw,/,/,,,,
2026/07/25,瑞银,外企,金融业,管理培训生项目,"北京, 上海, 香港, 台湾, 新加坡, 澳大利亚",2026-09-30,"2025届, 2026届, 2027届",本科、硕士、博士,秋招专场,瑞银-亚太区,https://mp.weixin.qq.com/s/26fctJ55xaFk7BXb3jOxkA,https://mp.weixin.qq.com/s/26fctJ55xaFk7BXb3jOxkA,/,有笔试,,,,
2026/07/25,Momenta,民企,汽车制造/维修/零配件,嵌入式软件工程师、基础组件研发工程师、功能安全工程师、SDK开发工程师、电子工程师、系统基础工程师,"北京, 苏州, 上海",尽快投递,2027届,本科、硕士、博士,秋招专场,Momenta,https://momenta.jobs.feishu.cn/campus/?keywords=&category=&location=&project=7664524042879830335&type=&job_hot_flag=&current=1&limit=10&functionCategory=&tag=&sessionid=,https://momenta.jobs.feishu.cn/campus/?keywords=&category=&location=&project=7664524042879830335&type=&job_hot_flag=&current=1&limit=10&functionCategory=&tag=&sessionid=,/,/,,,,
2026/07/25,Momenta-Mstar顶尖人才计划,民企,汽车制造/维修/零配件,世界模型算法工程师及实习生、端到端大模型算法工程师及实习生、端到端决策规划工程师及实习生、训练推理优化工程师及实习生,"深圳, 上海, 北京, 苏州, 广州",尽快投递,2027届,硕士、博士,秋招专场,Momenta-Mstar顶尖人才计划,https://mp.weixin.qq.com/s/oYbKQqmJyvrD0RLtF6kf5A,https://momenta.jobs.feishu.cn/campus/?keywords=&category=&location=&project=7537265013606943018&type=&job_hot_flag=&current=1&limit=10&functionCategory=&tag=&sessionid=,/,/,,,,
2026/07/25,艾飞智控,民企,智能硬件,AI算法工程师、适航工程师、飞控算法工程师（飞控软件/控制律方向）、嵌入式软件工程师,"深圳, 南京, 西安",尽快投递,2027届,硕士、博士,秋招专场,艾飞智控,https://mp.weixin.qq.com/s/6CJcEQoux6szokXQVGTTMA,https://mp.weixin.qq.com/s/6CJcEQoux6szokXQVGTTMA,/,/,,,,
2026/07/25,申万宏源,民企,金融业,博士后研究员,上海,2026-10-15,2027届,博士,秋招专场,申万宏源,https://mp.weixin.qq.com/s/dxbSSRTtXWk4aNg70Dvxew,https://mp.weixin.qq.com/s/dxbSSRTtXWk4aNg70Dvxew,/,有笔试,,,,
2026/07/25,滴滴-未来精英,民企,交通/物流/仓储,全球顶尖人才,北京,尽快投递,2027届,本科、硕士、博士,秋招专场,滴滴-未来精英,https://mp.weixin.qq.com/s/s4yiavdRU_T0OylghCZrpg,https://outreach.didichuxing.com/elite/,/,/,,,,
2026/07/25,江西省建工集团（第二批次）,央国企,房地产业/建筑业,小语种翻译岗（境外）、财务管理岗（境外）、成本核算岗、财务管理岗、综合岗,"全国, 海外",2026-07-30,"2026届, 2024届, 2025届",本科、硕士、博士,春招补招,江西省建工集团（第二批次）,https://gzw.jiangxi.gov.cn/jxsgzw/rczp/content/content_2080225211822284800.html,https://gzw.jiangxi.gov.cn/jxsgzw/rczp/content/content_2080225211822284800.html,阿拉伯语、法语、俄语、金融学类、会计学、财务管理、审计学、土木建筑大类、工程管理、工程造价、管理科学与工程类、中国语言文学类,有笔试,,,,
2026/07/25,广州市天河区事业单位,事业单位,机构/组织/政府,中共广州市天河区委党校教研室、广州市天河区民防指挥信息保障中心、广州市天河区绿化管理中心、广州市天河区建设工程技术中心、广州市天河区水务设施管养中心、广州市天河区水上环境卫生管理所、广州市天河区农村集体资产交易中心、广州市天河区金融发展服务中心等事业单位岗位,广州,2026-08-04,2026届,本科、硕士、博士,春招补招,广州市天河区事业单位,http://www.thnet.gov.cn/thdt/tzgg/rsxx/rszp/content/post_10913681.html,https://www.qgsydw.com/,马克思主义哲学、中国哲学、伦理学、科学技术哲学、政治经济学、国民经济学、区域经济学、产业经济学、马克思主义理论、中共党史（含党的学说与党的建设）、人工智能、新一代电子信息技术、大数据技术与工程、电子信息科学与技术、电子信息工程、通信工程、计算机科学与技术、数据科学与大数据技术,/,,,,
2026/07/25,江西省建工集团（第三批次）,央国企,房地产业/建筑业,造价员、施工员、安全员、施工员（境外）,"海外, 全国多地",2026-07-30,"2026届, 2024届, 2025届",本科、硕士、博士,春招补招,江西省建工集团（第三批次）,https://gzw.jiangxi.gov.cn/jxsgzw/rczp/content/content_2080225951777202176.html,https://gzw.jiangxi.gov.cn/jxsgzw/rczp/content/content_2080225951777202176.html,土木建筑大类、水利大类、城市轨道交通类、交通运输类、机电设备类、自动化类、工程造价、工程管理,有笔试,,,,
2026/07/25,中国一汽,央国企,汽车制造/维修/零配件,智能网联研发岗、整车研发岗、新能源研发岗、数智化岗、智能制造岗,"北京, 天津, 长春, 上海, 无锡, 青岛, 成都",尽快投递,"2025届, 2026届",本科、硕士、博士,春招补招,中国一汽,http://www.sasac.gov.cn/n2588035/n2588325/n2588350/c35666878/content.html,https://faw-zhaopin.hotjob.cn/mobile/brand?recruitType=1,/,有笔试,,,,
2026/07/25,江西省高速实化新能源,央国企,生活服务业,财务管理部实习生,南昌,尽快投递,2027届,本科、硕士,实习,江西省高速实化新能源,https://www.ncrczpw.com/index.php?m=&c=notice&a=notice_show&id=7957,https://www.ncrczpw.com/index.php?m=&c=notice&a=notice_show&id=7957,税务、审计、会计类,/,,,,
2026/07/25,瓦肆,民企,文化/传媒/广告/体育,新媒体运营实习生,上海,尽快投递,"2027届, 2028届",本科、硕士、博士,实习,瓦肆,https://mp.weixin.qq.com/s/8Fos4wY3LQab8d-ePljzwA?scene=1,https://mp.weixin.qq.com/s/8Fos4wY3LQab8d-ePljzwA?scene=1,/,/,,,,
2026/07/25,我乐家居,民企,耐用消费品,营销实习生、制造实习生、原创设计实习生,南京,尽快投递,2027届,本科、硕士、博士,秋招提前批,我乐家居,https://mp.weixin.qq.com/s/OrUzF6Fnqm3V2MqSBreGuQ,https://olo-home.zhiye.com/campus/jobs,不限专业；家具设计、自动化、工业工程、机械类、木材科学与工程、产品设计、工业设计、室内设计、环境设计等相关专业,/,,,,
2026/07/25,长亭科技,民企,IT/互联网/游戏,AI研发工程师、AI攻防工程师、产品经理、销售经理、解决方案架构师、PDE工程师,"北京, 上海, 深圳, 广州, 杭州, 成都, 南京, 全国其他",尽快投递,2027届,本科、硕士、博士,秋招专场,长亭科技-AI顶尖人才,https://mp.weixin.qq.com/s/vrlGJJIuzP90lo8_n_Q4pQ,https://join.chaitin.cn/plugins/career_site/sites/default,/,/,,,,
2026/07/25,士兰微电子,民企,通信/电子/半导体,模拟IC研发类、数字IC研发类、MEMS传感器技术研发类、器件/模块及工艺研发类、封装设计研发类、系统应用测试开发类、AI芯片研发类、销售市场类、职能管理类,"杭州, 上海, 北京, 西安, 成都, 厦门, 无锡, 深圳",尽快投递,2027届,硕士、博士,秋招专场,士兰微电子,https://mp.weixin.qq.com/s/Tq1okMUfcQ4tZH7lrEnY_A,https://www.silan.com.cn/index.php/about/post.html,微电子、集成电路工程、电气工程、电子信息、电子科学与技术、控制工程、电子封装、光电工程、材料科学与工程,有笔试,,,,
2026/07/25,岚图汽车,央国企,汽车制造/维修/零配件,动力电池系统开发、VLM/VLA大模型、世界模型、数据科学、车载数字人大模型、智慧底盘系统架构,武汉,尽快投递,2027届,博士,秋招专场,岚图汽车-博士人才校招,https://mp.weixin.qq.com/s/nXDdDmmKYM90VUk0xu6eYQ,https://app.mokahr.com/campus-recruitment/voyah/146293#/jobs?project=100120298,/,/,,,,
2026/07/25,三安集成,民企,通信/电子/半导体,工艺工程师、设备工程师、滤波器设计工程师、器件研发工程师、长晶工艺工程师、减薄工艺工程师、GaAs研发工程师、GaN研发工程师、外延研发工程师、制程整合工程师,"泉州, 厦门",尽快投递,2027届,本科、硕士、博士,秋招专场,三安集成,https://mp.weixin.qq.com/s/i9w27V4Nnssdk5TLORxqoQ,https://mp.weixin.qq.com/s/i9w27V4Nnssdk5TLORxqoQ,/,/,,,,
2026/07/25,时代共赢私募基金,民企,金融业,AI算法研究员、高频因子策略研究员、量化研究员（组合优化）,"北京, 上海",尽快投递,2027届,本科、硕士、博士,秋招专场,时代共赢私募基金,https://mp.weixin.qq.com/s/FsEKdNvZEhsNXPeDyG6nXQ,https://mp.weixin.qq.com/s/FsEKdNvZEhsNXPeDyG6nXQ,/,/,,,,
2026/07/24,科大讯飞,民企,IT/互联网/游戏,研究算法类、研发类、AI研发类、大数据类、产品类、测试类、营销类、教育类、设计类、职能类、资源类、医学类、工程类、交付类,"合肥, 北京, 上海, 武汉, 深圳, 广州, 杭州, 南京, 苏州, 西安, 成都, 南昌, 济南, 郑州, 石家庄, 长春, 昆明, 福州, 乌鲁木齐",尽快投递,"2025届, 2026届, 2027届",本科、硕士、博士,秋招专场,科大讯飞,https://mp.weixin.qq.com/s/5lMeIe_scrERyeWHrGNiHg,https://iflytek.zhiye.com/campus/jobs?sessionid=,/,/,,,,
2026/07/24,中国兵器,央国企,机械/制造业,人工智能、兵器/武器研发、计算机/软件、电子/电器、化学/材料、光学/光电、数学/物理、航空航天、仪器/设备,"成都, 太原, 重庆, 绵阳, 北京, 齐齐哈尔, 辽阳, 湖北, 内蒙古, 西藏, 辽宁, 陕西, 新疆",尽快投递,2027届,博士,秋招提前批,中国兵器,https://mp.weixin.qq.com/s/XDNbYhn2NJElXHCKLqP0mg?scene=1&click_id=919654967,https://norincogroupzhaopin.zhiye.com/campus/jobs,人工智能、兵器/武器研发、计算机/软件、电子/电器、化学/材料、光学/光电、数学/物理、航空航天、仪器/设备相关专业,有笔试,,,,
2026/07/24,小鹏集团-营销服,民企,汽车制造/维修/零配件,新零售实习生/培训生、新媒体实习生/培训生、交付实习生/培训生、售后实习生/培训生,全国多地,尽快投递,2027届,本科、硕士、博士,秋招专场,小鹏集团-营销服,https://mp.weixin.qq.com/s/GUoJplVQUES2Crr8RtxeJg,https://xiaopeng.jobs.feishu.cn/campus/position/list?functionCategory=7256710601693972794,/,/,,,,
2026/07/24,极飞科技,民企,智能硬件,算法类、AI&软件类、产品&测试类、机械结构类、自动化类、硬件类、财务类、人事行政类、供应链类、项目管理类、销售支持类、销售类,"广州, 东莞",尽快投递,2027届,本科、硕士、博士,实习,极飞科技,https://mp.weixin.qq.com/s/Syy4Fh4sMEMW2rVUUQRW6A,https://zhaopin.xa.com/campus/jobs,/,/,,,,
2026/07/24,华海清科,央国企,通信/电子/半导体,研发类、技术类、职能类,"天津, 北京, 上海, 广州, 昆山, 武汉, 合肥, 杭州, 成都, 青岛, 无锡, 苏州, 宁波, 西安, 深圳, 泉州",尽快投递,2027届,本科、硕士、博士,秋招专场,华海清科,https://mp.weixin.qq.com/s/ax1_k9OTRlBYmqfpkUj7Vw,https://hwatsing1.zhiye.com/campus/jobs,/,/,,,,
2026/07/24,四川天穹智创,民企,机械/制造业,无人机气动、结构、控制律设计岗；航空活塞发动机实验测试、结构设计岗；燃气涡轮发动机实验测试、结构设计岗；ECU控制系统设计岗；发动机机电电控系统研发岗；实验室运维与设备管理岗；销售助理,眉山,尽快投递,2027届,本科、硕士、博士,实习,四川天穹智创,https://mp.weixin.qq.com/s/_GJ2siPf3eFGru2B0GAt2A,https://mp.weixin.qq.com/s/_GJ2siPf3eFGru2B0GAt2A,飞行器设计、流体力学、空气动力学、热能与动力工程、航空发动机、航空宇航科学与技术、机械设计、结构力学、电力电子与电力传动、电气工程、信号与信息处理、人工智能、自动化、测控技术与仪器,/,,,,
2026/07/24,鑫源欣纺织,民企,耐用消费品,经编研发、纬编研发、研发留学生、纺织/染整技术员、打样/研发/检测员、品保、中控、设备工、助理、市场专员、国内/国外销售助理、外贸跟单员、营销留学生、会计助理、采购专员、人力行政专员,福州,尽快投递,2027届,本科、硕士、博士,秋招专场,鑫源欣纺织,https://mp.weixin.qq.com/s/08jTWAwAXeY8LxhhHIy5Kg,https://mp.weixin.qq.com/s/08jTWAwAXeY8LxhhHIy5Kg,纺织、服装类相关专业；纺织类、自动化相关专业；英语、国际贸易相关专业；财务、人力资源、工商管理相关专业,/,,,,
2026/07/24,中祥英,民企,IT/互联网/游戏,算法研发岗、仿真算法岗（器件仿真方向）、仿真算法岗（电路仿真方向）、仿真算法岗（AI模型方向）,"北京, 成都, 重庆",尽快投递,2027届,硕士、博士,秋招提前批,中祥英,https://mp.weixin.qq.com/s/NLHDFgQVsLK747xQQOAceA,https://mp.weixin.qq.com/s/NLHDFgQVsLK747xQQOAceA,计算机科学与技术、软件工程、自动化、人工智能、模式识别、自然语言处理、物理学、电子科学与技术、微电子学与固体电子学、应用数学等相关专业,/,,,,
2026/07/24,极目智能,民企,汽车制造/维修/零配件,感知算法工程师、深度学习算法工程师、路径规划算法工程师、控制算法工程师、硬件开发工程师、嵌入式软件开发工程师、JAVA开发工程师、车载测试工程师、销售工程师、售前工程师,武汉,尽快投递,2027届,本科、硕士、博士,秋招专场,极目智能,https://mp.weixin.qq.com/s/ROTZrE678GYJPoCChpTCcQ?click_id=904456192,https://mp.weixin.qq.com/s/ROTZrE678GYJPoCChpTCcQ?click_id=904456192,/,有笔试,,,,
2026/07/24,中国科学院空天信息创新研究院,事业单位,教育/培训/科研,科研岗、技术岗、管理岗,"北京, 苏州, 济南, 文昌",尽快投递,"2026届, 2027届",本科、硕士、博士,秋招提前批,中国科学院空天信息创新研究院,https://mp.weixin.qq.com/s/EWWcco0ufDklFRKstoJLhw,https://zhaopin.aircas.ac.cn/index,电子科学与技术、信息与通信工程、测绘科学与技术、计算机科学与技术、控制科学与工程类、地理学类、光学工程、自动化类、软件工程、航空宇航科学与技术、地球物理类、电气工程类、电子信息类、机械工程类、材料科学与工程类、仪器科学与技术类、大气与海洋科学类、环境科学与技术类、生态学类、化学类、物理学类、数学类、管理科学与工程类,/,,,,
2026/07/24,比亚迪,民企,汽车制造/维修/零配件,电子信息类、材料类、机械类、电气类、物理学类、化学类、自动化类、能源动力类、力学类、计算机类、生物科学类等专业,"深圳, 上海, 重庆, 惠州, 西安, 北京",尽快投递,"2026届, 2027届",博士,秋招专场,比亚迪-博士校招,https://mp.weixin.qq.com/s/vhFFMMRRa7KBK0jWKBTY0g,https://job.byd.com/portal/pc/?sessionid=#/school/schoolPhQ?1wdfb1LbMwhz4TymXhCJbg==,电子信息类、材料类、机械类、电气类、物理学类、化学类、自动化类、能源动力类、力学类、计算机类、生物科学类等专业,/,,,,
2026/07/24,新东方合肥,民企,教育/培训/科研,文学素养教师、双语阅读教师、理科脑力思维教师、初中学习机语文教师、初中学习机数学教师、初中学习机英语教师、初中学习机物理教师、高中数学教师、高中英语教师、高中物理教师、高中化学教师,"合肥, 芜湖",尽快投递,2027届,本科、硕士、博士,秋招提前批,新东方合肥,https://mp.weixin.qq.com/s/1knLseWZ3aTZLgY_273R9Q?scene=1,https://zhaopin.xdf.cn/jobs?activityGuid=2cce8436-e561-4200-b7f4-268f90efb8c6&memory=&silence=1,/,/,,,,
2026/07/24,潍柴集团,民企,机械/制造业,新能源（电池、电机、电控）方向、SOFC固体氧化物燃料电池方向、电力能源方向、人工智能方向、大缸径发动机方向,上海,尽快投递,"2026届, 2027届",博士,秋招专场,潍柴集团,https://mp.weixin.qq.com/s/okMHnCO03fF3cf-RIl9CXA?scene=1&click_id=3,https://weichai.zhiye.com/custom/boshi?hideMenu=1,/,/,,,,
2026/07/24,货拉拉,民企,交通/物流/仓储,全球拓展管培生（Global Management Trainee）,"深圳, 香港, 海外",尽快投递,"2024届, 2025届, 2026届, 2027届",本科、硕士、博士,秋招专场,货拉拉,https://mp.weixin.qq.com/s/iB8SFW7-7xqTd_8I6c2oJA?scene=1&click_id=1,https://app.mokahr.com/campus-recruitment/huolalahr/98660?sourceToken=832309c8596be192c0b5f5120dd1960a&sessionid=,/,/,,,,
2026/07/24,华设设计集团北京民航设计研究院,民企,机械/制造业,场道设计师、低空设计师、咨询工程师,北京,尽快投递,2026届,本科、硕士、博士,春招补招,华设设计集团北京民航设计研究院,https://mp.weixin.qq.com/s/OIeZgMzoG5EkD2BcSO10mw,https://mp.weixin.qq.com/s/OIeZgMzoG5EkD2BcSO10mw,机场规划与设计、交通运输工程（交通工程、机场工程研究方向）、土木工程、道路与桥梁工程、电子信息工程、计算机科学与技术、测绘工程、适航技术、航空航天工程等相关专业,有笔试,,,,
2026/07/24,行动亚洲,事业单位,机构/组织/政府,可持续零皮草时尚项目实习生（产业共建、人才赋能、项目落地、公众传播、行业研究、内容创作）,上海,尽快投递,"2027届, 2028届",本科、硕士,实习,行动亚洲,https://mp.weixin.qq.com/s/NKn-7nvAH8p9qv7Exl-puw?scene=1,https://mp.weixin.qq.com/s/NKn-7nvAH8p9qv7Exl-puw?scene=1,时尚传播、时尚设计、时尚管理等时尚相关专业,/,,,,
2026/07/24,设制场,民企,IT/互联网/游戏,剪辑师（实习）,上海,尽快投递,"2026届, 2027届, 2028届",本科、硕士、博士,实习,设制场,https://mp.weixin.qq.com/s/cdlS-IWA49M65pYhk7_ktA?scene=1&click_id=635505153,https://mp.weixin.qq.com/s/cdlS-IWA49M65pYhk7_ktA?scene=1&click_id=635505153,/,/,,,,
2026/07/24,上海青少年训练,央国企,文化/传媒/广告/体育,训练部业务管理、综合部业务管理、体教结合业务管理,上海,尽快投递,"2027届, 2028届",本科、硕士、博士,实习,上海青少年训练,https://mp.weixin.qq.com/s/nJa3SxNI1rn_o23c4LcPPA,https://mp.weixin.qq.com/s/nJa3SxNI1rn_o23c4LcPPA,体育学类、新闻传播学类,/,,,,
2026/07/24,中兴通讯,央国企,通信/电子/半导体,SMT技术员、维修技术员、库存管理员、质量技术员、测试维护员、装配技术员、设备技术员、工艺技术员,南京,尽快投递,2027届,本科、硕士、博士,实习,中兴通讯,https://mp.weixin.qq.com/s/xDShE7dcZJWgeFkjjxbYWA,https://app.mokahr.com/m/campus-recruitment/ztehr4/150449#/job/a4ce01e4-fc37-42d6-a60a-d8deef870834?from=qrcode,通信、电子、信息、软件、机电、机械、物流、自动化、计算机、机器人等理工类相关专业,/,,,,
2026/07/24,新东方南京,民企,教育/培训/科研,助教,南京,尽快投递,"2027届, 2028届",本科、硕士、博士,实习,新东方南京,https://mp.weixin.qq.com/s/SYDVwe3V-qRsfzd5Zk7koQ,https://mp.weixin.qq.com/s/SYDVwe3V-qRsfzd5Zk7koQ,小学教育、幼师、师范类、数理化英教育背景相关专业,/,,,,
2026/07/24,森大集团,民企,贸易/批发/零售,校园大使,"远程, 线上",尽快投递,"2027届, 2028届",本科、硕士、博士,秋招专场,森大集团,https://mp.weixin.qq.com/s/FMbaYbDzdvWWtZUqkUoM5Q,https://mp.weixin.qq.com/s/FMbaYbDzdvWWtZUqkUoM5Q,/,/,,,,
2026/07/24,兰境文化,民企,文化/传媒/广告/体育,制作实习生、市场实习生,上海,尽快投递,"2026届, 2027届, 2028届",本科、硕士、博士,实习,兰境文化,https://mp.weixin.qq.com/s/SVL2imlK6CbJPCH-A623pA?scene=1,https://mp.weixin.qq.com/s/SVL2imlK6CbJPCH-A623pA?scene=1,/,/,,,,
2026/07/24,芒果TV,央国企,文化/传媒/广告/体育,编剧策划组、人物编剧组、执行组、宣传组、统筹组、商务组,长沙,尽快投递,"2027届, 2028届",本科、硕士、博士,实习,芒果TV,https://mp.weixin.qq.com/s/dwnXq80RA5il02_6jtxSZg?scene=1,https://app.mokahr.com/m/campus-recruitment/mgtv/118889?locale=zh-CN,/,有笔试,,,,
2026/07/24,上饶国控投资集团,央国企,金融业,会计岗实习生、市政工程施工管理岗实习生、园林养护管理岗实习生、检测岗实习生、技术岗实习生,上饶,2026-08-01,"2027届, 2028届",本科、硕士,实习,上饶国控投资集团,https://mp.weixin.qq.com/s/fK5kIaTKx_EkFK4Ci9Pjuw?scene=1,https://mp.weixin.qq.com/s/fK5kIaTKx_EkFK4Ci9Pjuw?scene=1,/,/,,,,
2026/07/24,北京心舍,民企,教育/培训/科研,培训与运营（全职）、市场运营（实习生）,北京,尽快投递,"2026届, 2027届, 2028届",本科、硕士、博士,实习,北京心舍,https://mp.weixin.qq.com/s/0gyqSI0OADF0v0azD6wjNQ?scene=1&click_id=717137319,https://mp.weixin.qq.com/s/0gyqSI0OADF0v0azD6wjNQ?scene=1&click_id=717137319,心理学、教育学等相关专业,/,,,,
2026/07/24,凯创御聘,民企,IT/互联网/游戏,企业服务顾问（实习岗）、项目助理（实习岗）、运营专员（实习岗）,广州,尽快投递,2027届,本科、硕士、博士,实习,凯创御聘,https://mp.weixin.qq.com/s/wR4W4gt4hkiuxkBb3dMKDg?clicktag=bar_share&scene=1&clickpos=0&from_safari=0,https://mp.weixin.qq.com/s/wR4W4gt4hkiuxkBb3dMKDg?clicktag=bar_share&scene=1&clickpos=0&from_safari=0,不限专业,/,,,,
2026/07/24,超星集团,民企,"IT/互联网/游戏, 教育/培训/科研",产品经理岗·高校数字校园方向、计算机、软件工程、教育技术,武汉,尽快投递,2026届,本科、硕士、博士,春招补招,超星集团,https://www.xiaohongshu.com/explore/6a603ff5000000000100c456?app_platform=android&ignoreEngage=true&app_version=9.31.0&share_from_user_hidden=true&xsec_source=app_share&type=normal&xsec_token=CB_jSNUU7cLwRg_JQ94KPMj_vJFlDWzrnTp4iWogfk4sA=&author_share=1&xhsshare=CopyLink&shareRedId=N0g0RkRLPDxMPko6S0E0SkczO0A2Sj45&apptime=1784858932&share_id=f623cb87b4704edcb0362643826a715e&share_channel=copy_link,https://www.xiaohongshu.com/explore/6a603ff5000000000100c456?app_platform=android&ignoreEngage=true&app_version=9.31.0&share_from_user_hidden=true&xsec_source=app_share&type=normal&xsec_token=CB_jSNUU7cLwRg_JQ94KPMj_vJFlDWzrnTp4iWogfk4sA=&author_share=1&xhsshare=CopyLink&shareRedId=N0g0RkRLPDxMPko6S0E0SkczO0A2Sj45&apptime=1784858932&share_id=f623cb87b4704edcb0362643826a715e&share_channel=copy_link,/,/,,,,
2026/07/24,三明市城市建设发展集团,央国企,房地产业/建筑业,储备干部、市场专员、区域专员（招采）,三明,2026-07-29,2026届,本科、硕士、博士,春招补招,三明市城市建设发展集团,https://www.smcfjt.com/wenzhang/12708.html,https://www.smcfjt.com/wenzhang/12708.html,电气工程及其自动化、建筑电气与智能化、土木工程、市场营销、工程管理类,有笔试,,,,
2026/07/24,康华生物,民企,医疗/医药/生物,管理培训生,"北京, 上海, 成都",尽快投递,"2026届, 2027届",硕士、博士,春招补招,康华生物,https://mp.weixin.qq.com/s/XZcSM07MAoGS499iQKxiGg,https://mp.weixin.qq.com/s/XZcSM07MAoGS499iQKxiGg,生命科学、医学、经管财务、法律等相关专业,/,,,,
2026/07/24,株洲市公共交通集团有限责任公司,央国企,交通/物流/仓储,新能源技术管理员、营运管理员（运输工程及汽车工程方向）、网络工程管理员、软件工程管理员、安全管理员、经营管理员、工程管理员（工程造价及工程预决算方向）、车辆技术管理员、广告设计管理员、宣传管理员,株洲,2026-08-05,"2025届, 2026届",本科、硕士、博士,春招补招,株洲市公共交通集团有限责任公司,https://www.zhuzhoubus.com/News_Detail.asp?id=1155,https://zpks.sun-hrm.com/nindex/?ecode=zhrzp,新能源科学与工程、储能科学与工程、能源服务工程、可持续能源、智能电网信息工程、电气工程与智能控制、能源互联网工程、交通运输、交通运输与规划管理、交通工程、道路交通运输、智能交通技术运用、智能运输工程、交通运营管理、网络工程、信息安全、电子信息工程技术、信息安全与管理、计算机科学与技术、计算机系统结构、计算机技术、软件工程、工业软件、软件工程技术、人工智能、计算机软件与理论、计算机应用技术、安全工程、应急技术与管理、安全生产监管、安全科学与工程、会计学、应用经济学、经济统计学、应用统计、经济工程、工程造价、工程审计、工程管理、土木、水利与交通工程、土木工程规划与管理、智能建造工程、土木工程、汽车运用与维修技术、汽车车身维修技术、交通设备与控制工程、车辆工程、艺术设计学、视觉传达设计、美术学、设计学、戏剧影视美术设计、公共艺术、网络与新媒体、播音与主持艺术、新闻传播学等相关专业,有笔试,,,,
2026/07/24,沈阳航空产业集团,央国企,机械/制造业,出纳、客服专员、财务、会计、金融,沈阳,2026-07-31,"2024届, 2025届, 2026届",本科、硕士、博士,春招补招,沈阳航空产业集团,https://gzw.shenyang.gov.cn/rcdwjszl/202607/t20260722_5061107.html,https://gzw.shenyang.gov.cn/rcdwjszl/202607/t20260722_5061107.html,/,有笔试,,,,
2026/07/24,自然资源部所属单位,事业单位,教育/培训/科研,专业技术岗位1、专业技术岗位7、综合管理岗、训练业务岗、海洋碳酸盐体系动力学研究岗、海洋有机化学分析岗2、海洋渔业资源研究岗、海洋生物制品研究岗、海洋生物功能活性物质开发利用岗,北京,2026-07-31,"2024届, 2025届, 2026届",本科、硕士、博士,春招补招,自然资源部所属单位,https://www.mohrss.gov.cn/SYrlzyhshbzb/fwyd/SYkaoshizhaopin/zyhgjjgsydwgkzp/gxbyszpzl/202607/t20260722_580688.html,https://www.mohrss.gov.cn/SYrlzyhshbzb/fwyd/SYkaoshizhaopin/zyhgjjgsydwgkzp/gxbyszpzl/202607/t20260722_580688.html,港口、海岸及近海工程、物理海洋学、地图学与地理信息系统、气象学、计算数学、应用数学、流体力学、英语语言文学、国际政治、国际关系、法学、心理学、体育学、海洋科学（海洋化学或海洋生物学/海洋生物技术方向）、地球化学、环境科学与工程、生态学、化学（分析化学/有机化学方向）、海洋生物学、渔业资源、药学,/,,,,
2026/07/23,理想汽车,民企,汽车制造/维修/零配件,算法与软件 芯片研发芯片架构操作系统与嵌入式开发芯片前端设计信息安全电子电器架构,"北京, 上海, 杭州, 深圳, 香港",尽快投递,2027届,本科、硕士、博士,秋招提前批,理想汽车,https://mp.weixin.qq.com/s/OucaQ21na9h1LXnfTPWbmQ,https://www.lixiang.com/employ/campus/list.html?job_mode=1&project_id=15&employchannelcode=7B8MZAZ&fromJob=1&sessionid=,/,/,,,,
2026/07/23,深信服,民企,IT/互联网/游戏,AI算法类、AI-infra类、Agent开发类,"深圳, 北京, 长沙, 成都",尽快投递,2027届,本科、硕士、博士,秋招提前批,深信服,https://mp.weixin.qq.com/s/tBepcnSahMW3uXUsBn013g,https://app.mokahr.com/campus-recruitment/sangfor/27944?locale=zh-CN#/jobs?commitment%5B0%5D=%E5%85%A8%E8%81%8C&zhineng%5B0%5D=192154,/,/,,,,
2026/07/23,辉瑞中国,外企,医疗/医药/生物,研发AIPilot实习生项目:人工智能、计算机科学、数据科学、生物信息等相关专业,"上海, 北京, 武汉",尽快投递,2027届,本科、硕士、博士,实习,辉瑞中国,https://mp.weixin.qq.com/s/M98n8YccOR1cZC72GtMsXw,https://careersite.tupu360.com/pfizercampus/position/detail?positionId=6a5dc53acf856c3f733f81b3,人工智能、计算机科学、数据科学、生物信息等相关专业,/,,,,
2026/07/23,超参数科技,民企,IT/互联网/游戏,后台开发工程师强化学习研究员算法工程师机器学习研究员,深圳,尽快投递,2027届,本科、硕士、博士,秋招专场,超参数科技,https://app.mokahr.com/campus-recruitment/chaocanshu/45562#/job/874e83ff-7956-4329-a497-d741e45ec54c,https://app.mokahr.com/campus-recruitment/chaocanshu/45562#/job/874e83ff-7956-4329-a497-d741e45ec54c,/,/,,,,
2026/07/23,普源精电,民企,机械/制造业,AI开发工程师ATE测试工程师 财务会计数据科学家营销培训生现场应用工程师IT开发工程师供应链管培生射频IC工程师 机械结构工程师 模拟IC工程师半导体工艺工程师LTCc工艺工程师FPGA工程师软件工......,"苏州, 上海, 西安, 北京, 深圳",尽快投递,2027届,本科、硕士、博士,秋招专场,普源精电,https://rigolportal.jobs.feishu.cn/campus/position/list?spread=9HENZ3G,https://rigolportal.jobs.feishu.cn/campus/position/list?spread=9HENZ3G,/,/,,,,
2026/07/23,中望软件,民企,IT/互联网/游戏,图形算法工程师算法研究员AI算法工程师C++研发工程师CAE研发工程师C++研发工程师C++研发工程师CAM工程开发师AI算法工程师,"广州, 上海, 武汉, 西安",尽快投递,2027届,本科、硕士、博士,秋招专场,中望软件,https://www.zwsoft.cn/job/campus,https://www.zwsoft.cn/job/campus,/,有笔试,,,,
2026/07/23,Meshy,民企,IT/互联网/游戏,Generative AI Researcher Geometry Processing Engineer Creator Marketing Specialist Fullstack Engine......,"上海, 北京, 深圳",尽快投递,2027届,本科、硕士、博士,秋招专场,Meshy,https://mp.weixin.qq.com/s/K5yQ89R1D0why_H-F5X--A,https://mp.weixin.qq.com/s/K5yQ89R1D0why_H-F5X--A,/,/,,,,
2026/07/23,文远知行,民企,汽车制造/维修/零配件,研究算法类硬件类 市场类其他类岗位,"广州, 上海, 北京, 深圳, 武汉",尽快投递,2027届,本科、硕士、博士,秋招专场,文远知行,https://app.mokahr.com/campus_apply/jingchi/2137?sessionid=-216910244#/jobs?page=1&anchorName=jobsList,https://app.mokahr.com/campus_apply/jingchi/2137?sessionid=-216910244#/jobs?page=1&anchorName=jobsList,/,有笔试,,,,
2026/07/23,埃科光电,民企,通信/电子/半导体,"FPGA硬件开发工程师,嵌入式开发工程师,软件开发工程师,图像算法工程师,光学系统工程师,结构设计工程师,销售工程师,现场应用工程师","北京, 苏州, 合肥, 深圳, 成都",尽快投递,2027届,本科、硕士、博士,秋招专场,埃科光电,https://mp.weixin.qq.com/s/upYD0r12Bq_KQ62xKoA_bA,http://career.i-tek.cn/front.home.index/schoolList,/,/,,,,
2026/07/23,原力灵机,民企,"IT/互联网/游戏, 机械/制造业","算法研发,AI Infra,机器人整机系统,软件研发,硬件研发,测试质量,产品",北京,尽快投递,2027届,本科、硕士、博士,秋招专场,原力灵机,https://mp.weixin.qq.com/s/_6Ukk_5pxbyRJQNadJhaSA,https://dexmal-inc.jobs.feishu.cn/285572/position/list,/,/,,,,
2026/07/23,新凯来,央国企,"通信/电子/半导体, 机械/制造业","光学技术工程师,光电工程师,电子光学工程师、光电工程、通信工程、光学工程、微电子、物理学、仪器仪表、测控、电子工程、物理、光学、凝聚态物理、粒子物理、带电粒子光学、物理电子学","北京, 长春, 上海, 杭州, 武汉, 深圳",尽快投递,"2027届, 2026届",本科、硕士、博士,秋招专场,新凯来,http://mp.weixin.qq.com/s?__biz=MzkwNjc0Mjc4Mw==&mid=2247485673&idx=1&sn=fddae8058b9d498b9640e5acfffcfa7e&chksm=c0e29679f7951f6fb9efa47710618f5594783c484dc1f79fccf2ab964aad2af03630a93c62f2#rd,https://career.sicarrier.com/#/,光电工程、通信工程、光学工程、微电子、物理学、仪器仪表、测控、电子工程、物理、凝聚态物理、粒子物理、带电粒子光学、物理电子学等相关专业,有笔试,,,,
2026/07/23,苏州城投集团-第三批次,央国企,房地产业/建筑业,财务会计、数据治理工程师、设备工程师、给排水工程师、电气工程师、硬件工程师、运营管理岗、财会类、经济金融类、计算机类、机械类、电气类、电子信息类、自动化类、市政工程、给排水、环境工程、电气工程、控制科学与工程,苏州,2026-08-05,"2024届, 2025届, 2026届",本科、硕士、博士,春招补招,苏州城投集团-第三批次,https://mp.weixin.qq.com/s/FUOh6ibrEKVYnb7L3bJSLQ,https://zhaopin.szgzjg.com,/,有笔试,,,,
2026/07/23,BCG波士顿咨询,外企,咨询,Consultant,"北京, 上海, 深圳, 香港, 台湾省",尽快投递,2027届,硕士、博士,秋招专场,BCG波士顿咨询,http://mp.weixin.qq.com/s?__biz=MzAxMjE3NTYzMg==&mid=2650632300&idx=1&sn=b4c53f26f95ffcd6d3556b6e69508c80&chksm=8277fa03f091bf32fb62acc3d27561d4f980f3b0162415042a96f97fcbe6a6eef0957c1f6434&scene=0#rd,"https://careers.bcg.com/global/en/job/58579/Consultant-International-Full-Time-MBA-USCampus, https://careers.bcg.com/global/en/job/58720/Consultant-Full-Time-Advanced-Degree-US-Campus-Greater-China",/,/,,,,
2026/07/23,中国杭州低碳科技馆,事业单位,教育/培训/科研,"办公室助理,工程助理,科普辅导助理,设计助理,多媒体助理、行政管理、汉语言文学、机械、电气、自动化、电子信息、土木工程、建筑、给排水、智能建造、播音主持、戏剧影视文学、工业设计、机械设计、数字媒体艺术、多媒体设计制作",杭州,2026-07-26,"2027届, 2028届",本科、硕士、博士,实习,中国杭州低碳科技馆,https://mp.weixin.qq.com/s/U-Gu3uDCrV07M6ZsYzACwg,https://mp.weixin.qq.com/s/U-Gu3uDCrV07M6ZsYzACwg,行政管理、汉语言文学、机械、电气、自动化、电子信息、土木工程、建筑、给排水、智能建造、播音主持、戏剧影视文学、工业设计、机械设计、数字媒体艺术、多媒体设计制作等相关专业,/,,,,
2026/07/23,首旅集团,央国企,生活服务业,文化与旅游管理、投融资与公司治理、科技与数字化建设、财务管理与审计、市场营销与品牌管理、党群工作与文化宣传、综合事务管理,北京,尽快投递,2026届,硕士、博士,春招补招,首旅集团,https://mp.weixin.qq.com/s/LuXMO_v1_U1DmHR6KRxvpA,https://mp.weixin.qq.com/s/LuXMO_v1_U1DmHR6KRxvpA,旅游管理、酒店管理、会展经济与管理、文化产业管理、体育经济与管理、金融学、投资学、经济学、企业管理、工商管理、计算机科学与技术、软件工程、会计学、财务管理、税务、审计、资产评估、市场营销、马克思主义理论、中共党史党建学、思想政治教育、新闻传播学、法学、法律、人力资源管理、行政管理、安全科学与工程等相关专业,有笔试,,,,
2026/07/23,中国金融四十人论坛（CF40）,事业单位,金融业,青年研究员、研究助理（国际）,北京,尽快投递,"2024届, 2025届, 2026届",硕士、博士,春招补招,中国金融四十人论坛（CF40）,https://mp.weixin.qq.com/s/7lGarY1-imNfp4tUWc1jCQ?scene=1&click_id=43,https://mp.weixin.qq.com/s/7lGarY1-imNfp4tUWc1jCQ?scene=1&click_id=43,经济/金融大类或AI、能源、生物医药等理工类相关专业；翻译、国际关系、政治经济学等相关专业,/,,,,
2026/07/23,天津和平产业发展集团,央国企,房地产业/建筑业,集团本部出纳岗,天津,2026-07-28,2026届,本科、硕士、博士,秋招专场,天津和平产业发展集团,https://mp.weixin.qq.com/s/5_d1OqhjrLyxhjPcZwkkNg?scene=1&click_id=48,https://mp.weixin.qq.com/s/5_d1OqhjrLyxhjPcZwkkNg?scene=1&click_id=48,工商管理类、财政学类、经济学类、金融学类相关专业,/,,,,
2026/07/23,网易游戏雷火,民企,IT/互联网/游戏,游戏策划（数值、战斗、关卡、文案、系统、任务、运营、商业化外观策划）、游戏研发（引擎/渲染、客户端、服务端、技术美术、技术策划）、美术（角色原画/制作、场景原画/制作/编辑、特效、动作、界面GUI/VX）,"北京, 深圳, 杭州, 上海",尽快投递,2027届,本科、硕士、博士,秋招提前批,网易游戏雷火,https://mp.weixin.qq.com/s/37kWvAPamXvKDWjfAWuZvw?scene=1&click_id=50,https://docs.popo.netease.com/meta-base-share/form/znEK2bA,/,/,,,,
2026/07/23,大疆,民企,文化/传媒/广告/体育,Data Infra工程师、传感器算法工程师（毫米波雷达）、大模型推理部署算法工程师、多媒体算法工程师、多模态大模型算法工程师、机器学习算法工程师（语音识别）、空间智能基础模型算法工程师、世界模型算法工程师、数据闭环与自动标注算法工程师、图传AI算法工程师、音频算法工程师、图像算法工程师、空间智能应用开发工程师、空间智能OS工程师、测试Infra工程师、AI DevOps工程师、AI Infra工程师、大前端开发工程师、后端开发工程师,"北京, 上海, 深圳",尽快投递,2027届,本科、硕士、博士,秋招专场,大疆,https://mp.weixin.qq.com/s/qu-tFefWdzs_9VzZNV260w?scene=1&click_id=53,https://careers.dji.com/,/,/,,,,
2026/07/23,银河证券,央国企,金融业,博士后研究员（理论政策研究方向、数字经济研究方向、国际经济研究方向、国际ESG研究方向、区域经济研究方向、资本市场研究方向）,北京,2026-09-30,"2023届, 2024届, 2025届, 2026届",博士,春招补招,银河证券,https://mp.weixin.qq.com/s/Dmb1fOA-61vtXxGEn1rKoA?scene=1&click_id=56,https://mp.weixin.qq.com/s/Dmb1fOA-61vtXxGEn1rKoA?scene=1&click_id=56,/,有笔试,,,,
2026/07/23,德州仪器,合资,"通信/电子/半导体, 机械/制造业",设备工程师、工艺工程师、质量工程师、产品工程师、现场技术应用工程师（嵌入式方向）、现场技术应用工程师（模拟方向）、模拟IC设计工程师、人力资源发展项目、客户运营、,"成都, 上海, 深圳, 杭州, 北京, 广州",尽快投递,2026届,本科、硕士、博士,春招补招,德州仪器,https://mp.weixin.qq.com/s/y9Zs_b1JMbmjkpfg8r7I-Q?scene=1&click_id=58,https://app.mokahr.com/m/campus-recruitment/ti/143986?sourceToken=9ff24acf550b24fc3477d5003d6191ac#/home,/,/,,,,
2026/07/23,中建一局,央国企,房地产业/建筑业,博士后研究员（基础设施领域：公路/桥梁/隧道/新能源/水利水电/新型储能/地下管网方向；智能建造领域：工程装备智能化方向；绿色低碳建筑领域：碳中和/绿色建筑设计方向）,北京,尽快投递,"2024届, 2025届, 2026届",博士,春招补招,中建一局,https://mp.weixin.qq.com/s/uU7dDabuLUrrJm_7-TOjAw?scene=1&click_id=61,https://1bhr.cscec.com/recruit#/portal_job_list?job_class=_HB4_c29jaWFs&filter_dict=_HB4_eyJzZWxlY3RfZGVwYXJ0IjpudWxsfQ3D3D,土木工程（道路/桥梁/隧道方向）、新能源科学与工程、能源与动力工程、水利工程、电气工程及其自动化、储能技术、智能科学与技术、机械设计制造及自动化、电子科学与技术、建筑学、城乡规划学、建筑技术科学、暖通工程、环境工程、热能工程、工程热物理等相关专业,有笔试,,,,
2026/07/23,中国航空制造技术研究院,央国企,机械/制造业,智能制造方向（智能工业机器人）、先进新材料方向（高性能金属材料、纳米功能材料、橡胶密封材料、材料计算/人工智能、功能涂料与薄膜）、结构设计方向（消音减振功能结构、防隔热材料和结构、电磁功能结构）、光电装备方向（高能激光电源、高能激光热管理、智能目标探测与识别）,北京,尽快投递,2026届,博士,秋招专场,中国航空制造技术研究院,https://mp.weixin.qq.com/s/RI_4SDjRyCI1zSu2YbP8pQ?scene=1&click_id=63,https://mp.weixin.qq.com/s/RI_4SDjRyCI1zSu2YbP8pQ?scene=1&click_id=63,/,有笔试,,,,
2026/07/23,广州新东方,民企,教育/培训/科研,素养班课教师（少儿双语/博文/益智/口才/编程）、一对一教师（中学双语/益智/动手实验）、秋季助教、人力实习生（新媒体运营/招聘/员工关系方向）、市场推广实习生、营销管培生（店面/学管/市场方向）、课程顾问,"湛江, 清远, 汕头, 中山, 广州全城40+校区, 广州各区域就近分配, 南海",尽快投递,"2026届, 2027届, 2028届",本科、硕士、博士,实习,广州新东方,https://mp.weixin.qq.com/s/YIg_FPDNQSkCcOPg1hsACA?scene=1,https://mp.weixin.qq.com/s/YIg_FPDNQSkCcOPg1hsACA?scene=1,相关专业；市场推广岗位专业不限,/,,,,
2026/07/23,广州新东方-市场推广,民企,教育/培训/科研,市场推广实习生（线下推广、学情咨询、信息收集）,广州,尽快投递,"2027届, 2028届",本科、硕士、博士,实习,广州新东方-市场推广,https://mp.weixin.qq.com/s/_opSmN8-l8xdtxBqeUd2jQ?scene=1&click_id=2044487747,https://mp.weixin.qq.com/s/_opSmN8-l8xdtxBqeUd2jQ?scene=1&click_id=2044487747,专业不限,/,,,,
2026/07/23,沃尔玛/山姆,合资,贸易/批发/零售,主管（楼面/收银/云仓/大单/鲜食/电商/前台/后区/B2B/资产保护/维修）、主厨/助厨、鲜食技工（肉类/面包/熟食/寿司/小食吧/果切/鲜花）、叉车司机、合规员工指导、全职员工、兼职/在校实习生,"台州, 朝阳, 柳州, 无锡江阴, 佛山禅城, 北京房山, 天通苑, 顺义, 天津红桥, 成都温江, 南宁东盟, 深圳福田",尽快投递,"2027届, 2028届",本科、硕士、博士,实习,沃尔玛/山姆,https://mp.weixin.qq.com/s/mTSr_aktb9IKsUL0JoLFKg?scene=1,https://mp.weixin.qq.com/s/mTSr_aktb9IKsUL0JoLFKg?scene=1,/,有笔试,,,,
2026/07/23,纳雍富民村镇银行,其他,金融业,暑期实习生（由银行结合实际安排岗位）,贵州,2026-07-26,"2027届, 2028届",本科、硕士、博士,实习,纳雍富民村镇银行,https://mp.weixin.qq.com/s/6A-d3l3cqv9EVL538m9Gdg?scene=1,https://mp.weixin.qq.com/s/6A-d3l3cqv9EVL538m9Gdg?scene=1,/,有笔试,,,,
2026/07/23,源乐晟资产管理有限公司,民企,金融业,投研日常实习生（行业研究、行业专题报告撰写、专家/券商研究资源深度学习）,"北京, 上海, 香港, 西藏拉萨",尽快投递,2028届,硕士、博士,实习,源乐晟资产管理有限公司,https://mp.weixin.qq.com/s/OnBuYjYHrUZBsSAolf976w?scene=1,https://mp.weixin.qq.com/s/OnBuYjYHrUZBsSAolf976w?scene=1,经济、金融及理工科背景优先,有笔试,,,,
2026/07/23,华安证券,央国企,金融业,投资岗（股权投资方向）、投资岗（母子基金方向）、实习生（股权投资方向）、实习生（母子基金方向）,安徽,尽快投递,2027届,硕士、博士,实习,华安证券,https://mp.weixin.qq.com/s/UAXdM-rWjQ3Mp-FJh7cJvA?scene=1,https://hahr.hazq.com:8083/eip4ha-hyapp/recruitment/mobileJobList?type=05,物理学、光电科学与工程、材料科学、电子科学与技术、计算机科学技术、金融学、经济学、会计、财务管理等相关专业,有笔试,,,,
2026/07/22,影石Insta360,民企,智能硬件,技术类、产品类、业务类、综合类、艺术类,"深圳, 上海, 珠海",2026-10-31,2027届,"本科,硕士,博士",秋招专场,影石Insta360,https://mp.weixin.qq.com/s/GZmXkrq_P2aB35s6nPOmiA,https://arashivision.jobs.feishu.cn/campus/?keywords=&category=&location=&project=7657111951542143268&type=&job_hot_flag=&current=1&limit=10&functionCategory=&tag=,/,有笔试,,,,
2026/07/22,艾为电子,民企,通信/电子/半导体,模拟 IC 设计工程师，ESD 设计工程师，射频 IC 设计工程师，模拟版图设计工程师，数字 IC 设计工程师，数字后端设计工程师，软件工程师，应用工程师，算法工程师，技术服务工程师，器件开发工程师，器件建模工程师，封装设计工程师，封装 NPI 工程师，硬件工程师，测试开发工程师，测试工程师（软件），测试工程师（硬件），PCB Layout 工程师，PTE 工程师，客户经理，新媒体运营，AI 产品经理，CAD 工程师，桌面运维工程师，项目工程师，生产计划专员，费用会计，品宣专员，设备工程师，工艺工程师，质量工程师,"北京, 大连, 哈尔滨, 五大连池, 上海, 无锡, 苏州, 合肥, 深圳, 成都, 西安",尽快投递,2027届,本科、硕士、博士,秋招专场,艾为电子,https://mp.weixin.qq.com/s/CJD4SD0lXXgX0sN1x2QoQg,https://awinic1.zhiye.com/jobs?activityGuid=03a406b6-c78e-4ae2-9506-ba04b0e66f6f,/,/,,,,
2026/07/22,康明斯,合资,金融业,通信软件工程师、嵌入式软件集成工程师,"北京, 武汉, 徐州",尽快投递,"2024届, 2025届, 2026届",本科、硕士、博士,春招补招,康明斯,https://mp.weixin.qq.com/s/_misyMKMpTRQDHEArx0JtQ?scene=1,https://mp.weixin.qq.com/s/_misyMKMpTRQDHEArx0JtQ?scene=1,/,/,,,,
2026/07/22,快手,民企,文化/传媒/广告/体育,AI工程与应用、AI infra、引擎研发、系统架构、搜索、广告、推荐、音视频、大模型,"北京, 深圳, 上海, 杭州",尽快投递,"2026届, 2027届",本科、硕士、博士,秋招专场,快手,https://mp.weixin.qq.com/s/FpEajX-sS9o0sRPQkfdV2A,https://campus.kuaishou.cn/recruit/campus/e/#/campus/jobs?pageNum=1&positionLabel=kstar&positionNatureCode=fulltime,/,/,,,,
2026/07/22,瑞声科技,民企,智能硬件,直销业务代表、大客户经理、现场应用工程师,"上海, 常州",尽快投递,"2024届, 2025届, 2026届",本科、硕士、博士,春招补招,瑞声科技,https://mp.weixin.qq.com/s/sDlQPl62X80nOh1HJY0gUA,https://mp.weixin.qq.com/s/sDlQPl62X80nOh1HJY0gUA,商业、工商管理、市场营销、国际贸易、经济学、供应链管理等相关专业；技术岗位要求理工科专业，声学、物理、电子、机械、材料科学等专业优先,/,,,,
2026/07/22,长城搅拌,民企,机械/制造业,研发技术、智能制造、市场商务、综合职能,"温州, 上海",尽快投递,2026届,本科、硕士、博士,春招补招,长城搅拌,https://mp.weixin.qq.com/s/mZ19p-eQ5huQa6yMjlOpZw,https://mp.weixin.qq.com/s/mZ19p-eQ5huQa6yMjlOpZw,机械类、过程装备与控制工程（化）、机械设计制造及其自动化、机械工程、机械电子工程、材料成型与控制工程、机电一体化；电气工程及自动化、自动化、仪器仪表、控制理论与控制工程；工业工程、质量管理、计量检测、国际贸易、商务英语、市场营销、工商管理、物流管理、计算机科学与技术、信息管理、人工智能、大数据等,/,,,,
2026/07/22,21世纪经济报道,央国企,文化/传媒/广告/体育,实习记者4名,北京,尽快投递,"2026届, 2027届, 2028届",硕士,实习,21世纪经济报道,https://mp.weixin.qq.com/s/jnL8J0nbf1bq7Dp81PA3Eg,https://mp.weixin.qq.com/s/jnL8J0nbf1bq7Dp81PA3Eg,新闻、财经类专业优先,/,,,,
2026/07/22,MACA艺术中心,民企,文化/传媒/广告/体育,行政运营实习生,北京,尽快投递,"2026届, 2027届, 2028届",本科、硕士、博士,实习,MACA艺术中心,https://mp.weixin.qq.com/s/9UN05vQ2s-MWUK0wx1--_A,https://mp.weixin.qq.com/s/9UN05vQ2s-MWUK0wx1--_A,不限专业,/,,,,
2026/07/22,一探 OneXplore,民企,生活服务业,人物采编、国际机会研究、新媒体运营,线上远程,尽快投递,"2026届, 2027届, 2028届",本科、硕士、博士,实习,一探 OneXplore,https://mp.weixin.qq.com/s/8vL0ItCKyoSJsVWibTECQw,https://mp.weixin.qq.com/s/8vL0ItCKyoSJsVWibTECQw,不限专业,/,,,,
2026/07/22,EasyRef 灵感行星,民企,IT/互联网/游戏,内容编辑、社群媒体运营、AI创意、AI知识库与RAG支持,线上远程,2026-07-31,"2026届, 2027届, 2028届",本科、硕士、博士,实习,EasyRef 灵感行星,https://mp.weixin.qq.com/s/_2SSa05w5H6Qh9-HQQ9-rw,https://mp.weixin.qq.com/s/_2SSa05w5H6Qh9-HQQ9-rw,/,/,,,,
2026/07/22,容诚,民企,财务/审计/税务,校园大使,"远程, 线上",2026-08-20,"2027届, 2028届",本科、硕士,秋招专场,容诚,https://mp.weixin.qq.com/s/RD--Z3DLUEuYvGtkqawTHw,https://mp.weixin.qq.com/s/RD--Z3DLUEuYvGtkqawTHw,/,/,,,,
2026/07/22,数花智算,民企,IT/互联网/游戏,商业化数据运营实习生（Agent方向）,"上海, 杭州",尽快投递,"2026届, 2027届, 2028届",本科、硕士、博士,实习,数花智算,https://mp.weixin.qq.com/s/HCyWMpqahMZTG7riB2g8hA?scene=1,https://mp.weixin.qq.com/s/HCyWMpqahMZTG7riB2g8hA?scene=1,计算机、统计学、数据科学或相关专业,/,,,,
2026/07/22,希奥端,民企,"机械/制造业, 通信/电子/半导体",校园大使,"远程, 线上",2026-07-24,2027届,硕士、博士,秋招专场,希奥端,https://mp.weixin.qq.com/s/i_uU2eXUxObofTPgzXoFRw,https://mp.weixin.qq.com/s/i_uU2eXUxObofTPgzXoFRw,理工类专业,/,,,,
2026/07/22,国机重装,央国企,机械/制造业,未明确招聘岗位、机械类、金属材料类、冶金工程、智能制造、计算机、电气控制、流体力学、能源动力,德阳,尽快投递,"2026届, 2027届",硕士、博士,秋招提前批,国机重装,https://mp.weixin.qq.com/s/ZUUD2K_xFio5ZKHeKYD3Wg,https://wecruit.hotjob.cn/SU66c20abb1c240e39b5c2ff61/mc/detail?postId=111601&recruitType=campus,机械类专业、金属材料类专业、冶金工程、智能制造、计算机、电气控制、流体力学、能源动力（能源装备研发）等理工科专业,/,,,,
2026/07/22,青海省烟草专卖局（第二批）,央国企,快速消费品,专卖稽查、客户经理、安全后勤专员、法务专员、组织人事与培训鉴定专员、行政专员、法务规范专员、审计专员、法学、法律、政治学、管理科学与工程、图书馆情报与档案管理、法学类、公安学类、公安技术类、计算机类、图书情报与档案管理类、应用经济学、公共管理、工商管理、金融、经济学类、财政学类、金融学类、经济与贸易类、工商管理类、公共管理类、安全科学与工程、安全工程、哲学、社会学、马克思主义理论、中国语言文学、新闻传播学、会计学、企业管理、财务管理、会计、审计、税务,"西宁, 海东, 黄南藏族自治州, 海南藏族自治州, 玉树, 格尔木",2026-07-27,"2024届, 2025届, 2026届",本科、硕士、博士,春招补招,青海省烟草专卖局（第二批）,http://www.tobacco.gov.cn/gjyc/zpxx/202607/d8d1ffdacf0c41f389e4e5f438d9e6ec.shtml,https://qhtobacco.zhaopin.com,法学、法律、政治学、管理科学与工程、图书馆情报与档案管理、法学类、公安学类、公安技术类、计算机类、图书情报与档案管理类、应用经济学、公共管理、工商管理、金融、经济学类、财政学类、金融学类、经济与贸易类、工商管理类、公共管理类、安全科学与工程、安全工程、哲学、社会学、马克思主义理论、中国语言文学、新闻传播学、会计学、企业管理、财务管理、会计、审计、税务,有笔试,,,,
2026/07/22,希夕智能,民企,智能硬件,运动控制、多模态感知、机器人开发、智能模型研发、机械设计、实施顾问,"北京, 上海, 宁波, 威海",尽快投递,2027届,本科、硕士、博士,秋招专场,希夕智能,https://mp.weixin.qq.com/s/zNavAA6Fvir0aHXGobGPlg,https://sunseed.zhiye.com/,/,/,,,,
2026/07/22,盛虹控股,民企,能源/化工/环保,工艺储备、设备储备、电仪储备、营销储备人员、品牌专员、化工、纺织类、材料类、机电、机械制造、自动化、电气、纺织工程类、英语类、国际贸易类、纺织专业类、英语,"苏州, 宿迁",尽快投递,2027届,本科、硕士、博士,秋招专场,盛虹控股,https://mp.weixin.qq.com/s/UYGuv-I6O7Nc9PW-PesfbQ,https://mp.weixin.qq.com/s/UYGuv-I6O7Nc9PW-PesfbQ,化工、纺织、材料、机电、机械制造、自动化、电气、纺织工程、英语、国际贸易等相关专业,/,,,,
2026/07/22,江苏钟山宾馆集团有限公司,央国企,生活服务业,未明确招聘岗位、经济学类、旅游管理、酒店管理、企业管理、工商管理、行政管理、人力资源管理、市场营销、财务（会计）类、审计类、商务礼仪、航空服务类（空乘）、新闻传播、广告摄影、会展设计、视觉传达、工程管理、软件工程、计算机、烹饪与营养教育,南京,2026-07-27,"2024届, 2025届, 2026届",本科、硕士、博士,春招补招,江苏钟山宾馆集团有限公司,https://zjzx.91job.org.cn/index.php?m=home&c=article&a=show&site=1&id=10835,https://jobs.51job.com/nanjing/172953320.html?s=sou_sou_soulb&t=0_0&req=d54032aaa4d0d1cc8d6cdd9c06252547,经济学类、旅游管理、酒店管理、企业管理、工商管理、行政管理、人力资源管理、市场营销、财务（会计）类、审计类、商务礼仪、航空服务类（空乘）、新闻传播、广告摄影、会展设计、视觉传达、工程管理、软件工程、计算机、烹饪与营养教育,有笔试,,,,
2026/07/22,中工武大设计集团,央国企,房地产业/建筑业,工程规划设计师、水工结构设计师、水工设计师、水文咨询设计师、水文规划设计师、会计、行政专员、人力资源专员、农田水利工程、水文学及水资源、水利工程水文水资源方向、水利水电工程、农业水利工程、农业水土工程、水力学及河流动力学、水文水资源类相关专业、会计学等相关专业、管理学等相关专业、人力资源管理、劳动与社会保障等相关专业,"武汉, 合肥, 乌鲁木齐",尽快投递,2026届,本科、硕士、博士,春招补招,中工武大设计集团,https://www.hbggzp.cn/views/News/NewsDetails.html?UCL001=2588452334312883197&ZXLX=4,https://www.hbggzp.cn/views/News/NewsDetails.html?UCL001=2588452334312883197&ZXLX=4,农田水利工程、水文学及水资源、水利工程水文水资源方向、水利水电工程、农业水利工程、农业水土工程、水力学及河流动力学、水文水资源类相关专业、会计学等相关专业、管理学等相关专业、人力资源管理、劳动与社会保障等相关专业,/,,,,
2026/07/22,乐学培优,民企,教育/培训/科研,小学主讲教师、理科竞赛教练、初中主讲教师、英语管培生、高中主讲教师、奥数管培生,"北京, 无锡, 广州, 太原, 天津, 长沙, 杭州, 西安, 苏州",尽快投递,"2026届, 2027届",本科、硕士、博士,秋招提前批,乐学培优,https://mp.weixin.qq.com/s/gfHNNPzm9REAv4O_1kz6CA,https://lexue.com/join?referralCode=A01-XY-whx,不限专业,/,,,,
2026/07/22,妙芯微,民企,通信/电子/半导体,IC设计工程师、IC验证工程师、FPGA工程师、系统软件工程师、硬件工程师、FAE现场应用工程师,"无锡, 苏州",尽快投递,2027届,本科、硕士、博士,秋招专场,妙芯微,https://mp.weixin.qq.com/s/nOoltn4vYMq_5q1U6fYv1w,https://mp.weixin.qq.com/s/nOoltn4vYMq_5q1U6fYv1w,微电子、电子工程、电子信息、通信、计算机、自动化等相关专业，具体按岗位,/,,,,
2026/07/22,珠海赛纬,民企,能源/化工/环保,研发技术类、质量管理类、制造类、销售及职能类,"珠海, 合肥, 淮南, 抚州",尽快投递,2027届,本科、硕士、博士,秋招专场,珠海赛纬,https://mp.weixin.qq.com/s/WnijcmSytloAPmQs_fwl-A?click_id=335232203,https://mp.weixin.qq.com/s/WnijcmSytloAPmQs_fwl-A?click_id=335232203,/,/,,,,
2026/07/22,靖戈量化,民企,金融业,C++、机器学习、数据分析,"上海, 南京",尽快投递,2027届,本科、硕士、博士,秋招专场,靖戈量化,https://mp.weixin.qq.com/s/PslJk-8PW9NVmfmSC9wpWg,https://mp.weixin.qq.com/s/PslJk-8PW9NVmfmSC9wpWg,/,有笔试,,,,
2026/07/21,vivo,民企,通信/电子/半导体,产品总经理储备计划：硬件方向、软件方向；,东莞,2026-08-28,2027届,"本科,硕士,博士",秋招专场,vivo招聘,https://mp.weixin.qq.com/s/sXa9Iu_Cci-TJXEuOO0CcA?scene=25&id=aTeLlN&Esessionid=&click_id=3#wechat_redirect,"https://hr-campus.vivo.com/jobs?1=[{""id"":""13"",""label"":""%E4%BA%A7%E5%93%81%E6%80%BB%E7%BB%8F%E7%90%86%E5%82%A8%E5%A4%87%E8%AE%A1%E5%88%92""}]",电子/通信/电气/自动化/集成电路/光电/仪器科学/测控技术/计算机/软件/人工智能等专业优先,有笔试,,,,
2026/07/21,航天东方红,央国企,机械/制造业,卫星智能信息处理系统架构设计岗;电子类载荷设计岗;环境工程岗;机械总体设计岗;热控总体设计岗;供配电设计岗;通信总体设计岗;通信研发岗;卫星应用岗;总装工艺设计岗;智能测试技术岗,北京,2026-07-24,2027届,"硕士,博士","暑期实习, 秋招提前批",航天东方红卫星有限公司,https://mp.weixin.qq.com/s/a0d8ufEEVxQwKhu5cgEvwA,https://mp.weixin.qq.com/s/a0d8ufEEVxQwKhu5cgEvwA,"信息与通信工程,计算机,软件开发,人工智能,机械工程,机械设计及其自动化,飞行器设计与工程,机器人工程,固体力学,工程力学,流体力学,工程热物理,热能工程,电气工程,自动控制,电力电子,通信工程,通信与信息系统,电磁场与微波,通信网络,测绘科学与技术,材料科学与工程,航空宇航科学与技术,兵器科学与技术,电子信息,软件",/,,,,
2026/07/21,迅雷,民企,IT/互联网/游戏,X-PEP产品星计划：产品经理岗位,"北京, 深圳",2026-10-31,2027届,"本科,硕士,博士",秋招专场,迅雷招聘,https://mp.weixin.qq.com/s/snB28jt_BaZ8E-TXfmf1WA,https://app.mokahr.com/campus-recruitment/xunlei/26600?sessionid=#/job/1dead992-7754-403f-aa21-801c3ef7172a?from=qrcode,/,有笔试,,,,
2026/07/21,宇通-海外校招,民企,汽车制造/维修/零配件,海外营销管培生(销售方向)海外营销管培生(售后方向)海外销售海外售后海外营销职能海外人力资源管理,郑州,尽快投递,2027届,本科、硕士,秋招提前批,宇通-海外校招,https://mp.weixin.qq.com/s/QThzx9UCHNZqW2TF8anSvg,https://wecruit.hotjob.cn/SU64a37a4dbef57c3af71c2478/pb/index.html#/,/,/,,,,
2026/07/21,思考乐,民企,教育/培训/科研,"小学初中教师,高中语文教师,高中数学教师,高中英语教师,高中物理教师,高中化学教师","东莞, 佛山, 广州, 深圳",尽快投递,2027届,"本科,硕士,博士",秋招专场,思考乐选聘,https://mp.weixin.qq.com/s/ySlINhdtuub3psuRK7L3aA,https://jobs.skledu.com/jobs,/,有笔试,,,,
2026/07/21,前海开源基金,民企,金融业,行业研究员(医药方向);行业研究员(TMT方向);行业研究员(高端制造方向);行业研究员(金融方向);行业研究员(周期方向);指数研究员;华北机构销售;华北渠道销售;第三方运营岗,"上海, 北京, 深圳",尽快投递,2027届,"硕士,博士","实习, 暑期实习, 秋招专场",前海开源基金,https://mp.weixin.qq.com/s/IzcAgAhGir7_ZivQJhSPIA?scene=25&id=aTeLlN&Esessionid=&click_id=3#wechat_redirect,https://qhkyfund.zhiye.com/4/jobs,/,/,,,,
2026/07/21,箭元科技,民企,机械/制造业,弹道设计岗;姿控设计岗;导航设计岗;制导设计岗;半实物仿真设计岗;气动热设计岗;载荷环境设计岗;结构设计岗;贮箱设计岗;强度设计岗;动力系统设计岗;增压输送设计岗;管路设计岗;阀门设计岗;流体仿真设计岗;电气设计岗;软件设计岗;发射支持及回收设计岗;加注供气设计岗;总装工艺岗;钣金工艺岗;焊接工艺岗;计划调度岗;质量控制岗,"北京, 杭州",尽快投递,2027届,"本科,硕士,博士",秋招专场,箭元科技SEPOCH,https://mp.weixin.qq.com/s/YRwHuW3l4GfvHflYYtk8tw,https://mp.weixin.qq.com/s/YRwHuW3l4GfvHflYYtk8tw,"飞行器设计,固体力学,流体力学,工程力学,机械设计,自动化,精密仪器及机械,动力工程及工程热物理,电气工程,信息与通信工程,通信与信息系统,导航制导与控制,控制理论与控制工程,计算科学与技术",/,,,,
2026/07/21,乐亦思,民企,教育/培训/科研,SAT教师;雅思教师;托福教师;国际课程理科教师;国际高中备考教师;青少教师;SAT督导;雅思督导;托福督导;国际课程督导;国际高中备考督导;青少督导;线下随班助教,"上海, 宁波, 杭州",尽快投递,2027届,"本科,硕士,博士",秋招专场,Roys Family,https://mp.weixin.qq.com/s/sqQT_toKriW4Qh2l47JvSw,https://www.wjx.top/vm/tFMrhjw.aspx,/,有笔试,,,,
2026/07/21,妙芯微,民企,通信/电子/半导体,IC设计工程师 IC验证工程师 FPGA Emul工程师 系统软件工程师 硬件工程师 FAE现场应用工程师 ,"无锡, 苏州",尽快投递,2027届,"本科,硕士,博士",秋招专场,妙芯微,https://mp.weixin.qq.com/s/nOoltn4vYMq_5q1U6fYv1w,https://mp.weixin.qq.com/s/nOoltn4vYMq_5q1U6fYv1w,"微电子,电子工程,计算机,通信,自动化等相关专业",/,,,,
2026/07/21,星纵物联,民企,通信/电子/半导体,应用开发工程师;单片机开发工程师;软件测试工程师;国际业务专员;海外技术支持工程师;海外售前工程师;项目专员;人力资源专员,厦门,尽快投递,2027届,"本科,硕士,博士",秋招专场,星纵招聘,https://mp.weixin.qq.com/s/0_8l9IU9D1jNGx38iaSipg,https://milesight.zhiye.com/campus,/,有笔试,,,,
2026/07/21,乐学培优,民企,教育/培训/科研,小学主讲教师理科竞赛教练初中主讲数师英语管培生高中主讲教师奥数管培生,"北京, 无锡, 广州, 太原, 天津, 长沙, 杭州, 西安, 苏州",尽快投递,"2026届, 2027届",本科、硕士、博士,秋招提前批,乐学培优,https://mp.weixin.qq.com/s/gfHNNPzm9REAv4O_1kz6CA,https://lexue.com/join?referralCode=A01-XY-whx,不限专业,/,,,,
2026/07/21,四方股份,民企,能源/化工/环保,"系统分析工程师,嵌入式软件开发工程师,PCS仿真算法工程师,多模态算法开发工程师,网络安全工程师,AI开发工程师,智能体开发工程师,前瞻产品开发工程师,主回路设计工程师,结构研发工程师,嵌入式硬件开发......","北京, 保定, 南京, 湖州, 武汉, 深圳, 西安",尽快投递,2027届,本科、硕士、博士,秋招提前批,四方股份,https://mp.weixin.qq.com/s/KP6IUxB3fdr2YdvJ5YyELg,https://sf-auto.zhiye.com/campus/jobs,/,/,,,,
2026/07/21,同花顺,民企,IT/互联网/游戏,多模态算法工程师、大模型算法工程师、agent算法工程师、图像生成算法工程师、视频生成算法工程师、数据算法工程师、Ai Infra算法工程师、代码生成算法工程师、语音智法工程师(ASR、TTS、合成)......,杭州,尽快投递,"2026届, 2027届",本科、硕士、博士,秋招提前批,同花顺,https://mp.weixin.qq.com/s/Gb7rKxMN5_sUF2qgODrqwA,http://campus.10jqka.com.cn/mobile/job/list,/,/,,,,
2026/07/21,网易游戏（互娱）,民企,IT/互联网/游戏,"游戏策划类,游戏程序类,游戏艺术类,技术类,运营类,市场渠道类,用户体验及设计类,人工智能类,游戏测试类,产品类,项目管理类,职能支持类","上海, 杭州, 广州",尽快投递,2027届,本科、硕士、博士,秋招专场,网易游戏（互娱）,https://mp.weixin.qq.com/s/_JEgNaWh1kxlg1O81fjF9w,https://campus.game.163.com/app/job/position?id=102,/,/,,,,
2026/07/21,鹏新旭,民企,IT/互联网/游戏,"TD 制程整合技培生,TD 工艺技培生,TD 良率提升技培生,OPC 技培生,PDE (产品) 技培生、集成电路、微电子、材料、物理、光学、化学",深圳,尽快投递,"2026届, 2027届",博士,秋招专场,鹏新旭,https://mp.weixin.qq.com/s/CARwf-LxRjtHuUYl-1BkIw,https://pensun.zhiye.com/campus/jobs,/,/,,,,
2026/07/21,华为,民企,IT/互联网/游戏,AI大模型、Agent人员,上海,2026-07-25,2027届,博士,秋招提前批,华为,https://mp.weixin.qq.com/s/XhJSloMZ8YBJALeJhmTwug?scene=1&click_id=31,https://v.wjx.cn/vm/m3PTdps.aspx,/,/,,,,
2026/07/21,健诚会计师事务所,民企,其他,应届研究生（，审计学、会计学、财务管理等财务相关专业）,济南,尽快投递,2026届,硕士、博士,秋招专场,健诚会计师事务所,https://mp.weixin.qq.com/s/CPTXPVMhKPRBV6vb71Q3bw?scene=1,https://mp.weixin.qq.com/s/CPTXPVMhKPRBV6vb71Q3bw?scene=1,审计学、会计学、财务管理等财务相关专业,/,,,,
2026/07/21,思考乐教育集团,民企,教育/培训/科研,汉文乐汇、逻辑思维、妙维国际、科学素养、语文、数学、英语、物理、化学,"深圳, 广州, 东莞, 佛山",尽快投递,2027届,本科、硕士、博士,秋招专场,思考乐教育集团,https://mp.weixin.qq.com/s/ySlINhdtuub3psuRK7L3aA?scene=1,https://jobs.skledu.com/jobs,/,有笔试,,,,
2026/07/21,飓风网络,民企,IT/互联网/游戏,管培生,杭州,尽快投递,2026届,本科、硕士、博士,春招补招,飓风网络,https://mp.weixin.qq.com/s/QgSuca5KvRkU20xwnWeZYA?scene=1&click_id=24,http://www.hurricanegame.cn/Join,/,/,,,,
2026/07/21,江苏钟山宾馆集团,央国企,生活服务业,高校毕业生,南京,2026-07-27,"2024届, 2025届, 2026届",本科、硕士、博士,春招补招,江苏钟山宾馆集团,https://mp.weixin.qq.com/s/KqFH9XDdzuPO8CzKqyoBlg,https://jobs.51job.com/nanjing/172953320.html?s=sou_sou_soulb&t=0_0&req=d54032aaa4d0d1cc8d6cdd9c06252547&timestamp__1258=2cc4c68a26-hLSofqp3SqGhNu3Suj13GRNOql1QjFqSW5RBkh1TJqJpd9Nlymll1NA08Lph1JaOGL1u4pn1SmLG51MLNe10L1M1uxf71q01N11jNB1OFNZ1zHD,/,有笔试,,,,
2026/07/21,黑龙江省农村信用社联合社,央国企,金融业,营销管理岗、授信审批岗、操作风险管理岗、科技风险管理岗、财务审核岗、采购管理岗、业务测试岗、干部管理岗、巡察业务岗、审计岗、诉讼案件管理岗、软件开发岗、网络管理岗,哈尔滨,2026-08-03,"2025届, 2026届",本科、硕士,春招补招,黑龙江省农村信用社联合社,https://mp.weixin.qq.com/s/RvOqUIAzjqfV6uGchh6Rvw,https://hljnxzp2026.zhaopin.com/zk/,/,/,,,,
2026/07/21,福建省闽投融资,央国企,金融业,业务一部业务主办岗,福州,2026-08-07,2026届,硕士,春招补招,福建省闽投融资,https://www.fidc.com.cn:3001/2026-third-batch-recruitment/job/detail/rzdbz,https://www.fidc.com.cn:3001/2026-third-batch-recruitment/job/detail/rzdbz,财政金融类、经济贸易类、会计与审计类、法学类专业,有笔试,,,,
2026/07/20,深圳方正微电子,央国企,通信/电子/半导体,器件开发工程师;模块测试工程师;模块设计工程师;工艺整合研发工程师;应用工程师;工艺整合工程师;IE工程师;良率提升工程师;半导体工艺工程师;MPC工程师;制造工程师;半导体设备工程师;AI开发工程师;系统开发工程师;物流工程师;厂务工程师(水电气);财经专员;失效分析工程师,深圳,尽快投递,2027届,"本科,硕士,博士",秋招专场,方正微电子FMIC招聘,https://mp.weixin.qq.com/s/2G1Ic51J4v40n5NhwA3iwQ,https://founderic.zhiye.com/campus/jobs,/,/,,,,
2026/07/20,施耐德电气,外企,机械/制造业,AI工具开发 intern AI咨询实习生 数字化创新实习生 AI-PMO项目实习生 AI数据模型开发实习生 AI开发实习生 AI产品实习生 AI解决方案设计实习生,"上海, 北京, 广州",尽快投递,2027届,"本科,硕士,博士","实习, 暑期实习",施耐德电气招聘,https://mp.weixin.qq.com/s/saBUKqMXeJFcynrlL2BcYA?scene=25&id=spzT3M&Esessionid=&click_id=3#wechat_redirect,https://www.zhipin.com/zt/schneider/ai_star_shixisheng.html,/,/,,,,
2026/07/20,芯原股份,民企,通信/电子/半导体,数字前端设计验证工程师 数字后端设计工程师 模拟电路设计工程师 基础 IP 电路设计工程师 射频集成电路设计工程师 数字基带设计工程师 版图设计工程师 硬件测试工程师 软件工程师 编译器工程师 算法工程师 架构工程师,"上海, 南京, 广州, 成都, 海口",2026-08-23,2027届,"本科,硕士,博士",秋招专场,芯原人,https://mp.weixin.qq.com/s/2mXVVsI5lN2yHHg8YidDKQ,https://campus.51job.com/VeriSilicon2027/post.html,/,有笔试,,,,
2026/07/20,轩宇信息,民企,IT/互联网/游戏,航天器智能测试工程师 航天软件研发工程师 航天软件大模型算法工程师 FGPA验证技术研究工程师；,北京,尽快投递,"2027, 2028届","本科,硕士,博士","实习, 暑期实习, 秋招提前批",北京轩宇信息技术有限公司,https://mp.weixin.qq.com/s/rnDARx7RyEfEKK5zRdZlOw,https://mp.weixin.qq.com/s/rnDARx7RyEfEKK5zRdZlOw,计算机科学与技术、软件工程、人工智能、电子信息、电子科学与技术、微电子、集成电路、FPGA开发等相关专业,/,,,,
2026/07/20,恒玄科技,民企,通信/电子/半导体,射频IC设计工程师;模拟IC设计工程师;封装研发设计工程师;硬件设计工程师;量产测试开发工程师;模拟版图设计工程师;数字IC设计工程师;数字IC设计工程师(中端/DFT);数字IC验证工程师;数字IC后端工程师;FPGA工艺工程师;信号完整性工程师;软件工程师(Rtos/linux/Android);软件工程师(驱动);软件工程师(固件);软件工程师(应用);软件工程师(AE/FAE);软件工程师(BT/Wi-Fi/LTE);软件工程师(AI);软件工程师(系统软件);软件工程师(音频/图像);软件工程师(视频/显示);算法工程师(蜂窝通信);算法工程师(Wi-Fi/蓝牙/GNSS);算法工程师(机器学习);算法工程师(声学/音频);多媒体算法工程师(ISP);多媒体算法工程师(通信方向);人事管培生;财务管培生;法务管培生;行销管培生;生产计划管培生;芯片质量管培生,"上海, 北京, 呼伦贝尔, 成都, 杭州, 武汉, 深圳, 西安, 海外",尽快投递,2027届,"本科,硕士,博士",秋招专场,恒玄科技,https://mp.weixin.qq.com/s/-FB2sbdEuxzpHLL-DNdQSQ,https://bestechnic.zhiye.com/campus/jobs?memory={}&silence=1,/,有笔试,,,,
2026/07/20,NVIDIA,外企,通信/电子/半导体, AI与高性能计算类  硬件类 软件类 机器人和智能驾驶类,"上海, 北京, 深圳",尽快投递,2027届,"本科,硕士,博士",秋招专场,NVIDIA英伟达,https://mp.weixin.qq.com/s/OJ5caR40_WDWbyDHPuQtPg,https://app.mokahr.com/campus-recruitment/nvidia/47111?locale=zh-CN&sessionid=#/page/%E7%83%AD%E6%8B%9B%E5%B2%97%E4%BD%8D,/,有笔试,,,,
2026/07/20,苏纳,民企,通信/电子/半导体,研发类工程师（27届提前批）：研发工程师 电学设计工程师 测试研发工程师 失效分析工程师 设备工程师 射频工程师 SIPI工程师 封装设计工程师 硬件工程师；,苏州,2026-08-05,2027届,"硕士,博士",秋招提前批,苏纳SUNA,https://mp.weixin.qq.com/s/xX3WmyHByUcNR-RZuoyk7g,https://suna-opto.zhiye.com/campus/detail?jobAdId=35cc995a-3680-44aa-9bcd-7aeb857c3bf0,/,/,,,,
2026/07/20,晶泰科技,民企,医疗/医药/生物,固态计算工程师;计算研发工程师(生信);AIDD研发工程师;AI模型研发工程师(大模型);AI模型研发工程师(AI+化学);AI模型研发工程师(多肽);AI模型研发工程师(AI4S);AI模型研发工程师(抗体);AI Agent研发工程师;具身智能研发工程师(仿真);具身智能研发工程师(感知);具身智能研发工程师(VLA);具身智能研发工程师(大模型);具身智能研发工程师(数据);具身智能研发工程师(AI Agent);体内生物研究员;DMPK研究员;生物研究员(体外实验);生物研究员(冷冻电镜);小分子药物化学研究员;固研实验研究员;合成实验研究员;自动柱纯化实验员;有机合成后处理实验员;自动化合成工程师;系统工程师;售后工程师;测试应用工程师;软件测试工程师;整机测试工程师;产品经理(有机合成),"上海, 北京, 深圳",尽快投递,2027届,"本科,硕士,博士",秋招专场,晶泰科技招聘,https://mp.weixin.qq.com/s/MX_X0JIKQyi7VN4ijBF5fA,https://app.mokahr.com/campus-recruitment/jingtai/2143?locale=zh-CN#/jobs/,/,/,,,,
2026/07/20,多谱多勒,民企,通信/电子/半导体,算法工程师;嵌入式软件工程师;硬件工程师;硬件产品经理;测试工程师;自动化工程师;运营产品经理;运营专员;品牌设计;推广专员;销售经理;管培生;质量工程师;采购专员;生产技术员;人力资源专员,"武汉, 西安",尽快投递,2027届,"本科,硕士,博士","实习, 暑期实习, 秋招专场",多谱多勒,https://mp.weixin.qq.com/s/6h25zdoPAfGh1LkBnkw3ew,https://mh.hire66.com/position?secret_key=McdjxrT8Qc,专业不限，电子、微电子、光学、计算机、自动化、通信、机械、数学、物理、人力相关专业优先,/,,,,
2026/07/20,城堡证券,外企,金融业,研究员;交易员;软件工程师;FPGA工程师,香港,尽快投递,2027届,"本科,硕士,博士","实习, 暑期实习, 秋招专场",城堡证券,https://mp.weixin.qq.com/s/et6z2aox4A64thtJYeyT4A?scene=25&id=spzT3M&Esessionid=&click_id=3#wechat_redirect,"https://www.citadelsecurities.com/careers/open-opportunities?experience-filter=internships,new-graduates&location-filter=hong-kong,singapore&selected-job-sections=323,325,324,326&current_page=1&sort_order=DESC&per_page=10&action=careers_listing_filter",/,/,,,,
2026/07/19,玫瑰岛集团,民企,耐用消费品,管培生岗位：品牌推广 市场营销 研发技术 智能制造 供应链管理 信息技术 职能管理 语言类；,"上海, 中山, 北京, 广州, 深圳",尽快投递,"2026, 2027届","本科,硕士,博士",秋招专场,玫瑰岛集团HR中心,https://mp.weixin.qq.com/s/PeOyOy7EiK6Sv6hxyx_-Cw,https://mp.weixin.qq.com/s/PeOyOy7EiK6Sv6hxyx_-Cw,各岗位方向对应不同专业要求，涵盖设计、新闻传播、市场营销、机械、电气、计算机、材料、物流、财务、人力、外语等多类专业,/,,,,
2026/07/19,赛美特,民企,IT/互联网/游戏,软件开发工程师,"上海, 北京, 厦门, 合肥, 大连, 广州, 成都, 杭州, 深圳, 苏州, 香港, 全国多地",尽快投递,2027届,"本科,硕士,博士",秋招专场,赛美特,https://mp.weixin.qq.com/s/4pX5xia3QbiLX_1NRvDXsg,https://semi.zhiye.com/campus/jobs,计算机、软件工程、电子信息等相关专业,/,,,,
2026/07/19,瑞发科,民企,通信/电子/半导体,模拟电路设计工程师;数字电路设计工程师;IC验证工程师;模拟版图设计工程师;数字版图设计工程师;数字中端及DFT工程师;信号完整性工程师;硬件工程师;硬件测试工程师;Linux运维工程师;研发采购专员,天津,尽快投递,2027届,"本科,硕士,博士",秋招专场,瑞发科半导体,https://mp.weixin.qq.com/s/UgfrTEnSN2ViV4yZFAyK5A,https://mp.weixin.qq.com/s/UgfrTEnSN2ViV4yZFAyK5A,微电子、集成电路、电子信息、电子科学技术、通信工程、计算机、自动化、测控技术等相关专业,/,,,,
2026/07/19,百色城产集团,央国企,商务服务业,融资专员、软件开发员、市场专员、园林绿化设计员、诉讼专员、文旅业务专员、行政专员、金融学、会计学、财务管理、计算机科学与技术、软件工程、网络工程、信息安全、物联网工程、人工智能、数据科学与大数据技术、...,百色,2026-07-21,"2024, 2025, 2026届","本科,硕士,博士",秋招专场,百色城产集团,https://bs.gxrc.com/Article/info/1e6b7767-c19e-4228-8324-79716e817285,https://bs.gxrc.com/Article/info/1e6b7767-c19e-4228-8324-79716e817285,/,/,,,,
2026/07/19,武汉文旅集团,央国企,文化/传媒/广告/体育,文旅品牌宣传岗、旅游文化开发岗、旅游食品开发岗、视觉设计专员岗、新闻传媒专员岗、AI 应用研发工程师、商务开发岗、投资工程岗、知识产权管理与运营专员岗、新媒体和电商运营岗、新媒体运营岗、设计管理岗、产...,武汉,2026-07-24,"2024, 2025, 2026届","本科,硕士,博士",春招补招,武汉文旅集团,https://www.whzsrc.com/hanpintong/societyProcalmationDetail/cbQkdwNXuWuuJB3eeCD8v6gwKZmKdTS_ZN6TVxvJNDZICCsz6WRaF-SOxY9piCTeX4TUT1sKbvqbH7Sk5YSl-A~~,https://www.whzsrc.com/hanpintong/societyProcalmationDetail/cbQkdwNXuWuuJB3eeCD8v6gwKZmKdTS_ZN6TVxvJNDZICCsz6WRaF-SOxY9piCTeX4TUT1sKbvqbH7Sk5YSl-A~~,/,/,,,,
2026/07/19,芯迈半导体,民企,通信/电子/半导体,模拟IC设计工程师;数字IC设计工程师;嵌入式软件工程师;版图物理工程师;系统应用工程师;测试工程师;可靠性工程师;产品工程师;量产测试工程师;采购计划专员;工艺整合工程师;销售工程师;现场应用工程师,"上海, 成都, 杭州, 深圳",尽快投递,2027届,"本科,硕士,博士",秋招专场,芯迈半导体,https://mp.weixin.qq.com/s/aqUw8Ozdj_b_rJIo7Vwnig?scene=25&id=BFeKW&Esessionid=&click_id=3#wechat_redirect,https://young.yingjiesheng.com/xyzlogin?ctmid=3e160048-a22b-446f-899d-7bc0a9a6b8db&ehirejobid=&jumpurl=https://xyz.51job.com/External/Others/Login51.aspx?CtmID=3e160048-a22b-446f-899d-7bc0a9a6b8db&prd=yddzy&prp=&cd=&cp=&r,/,/,,,,
2026/07/19,民族出版社,事业单位,文化/传媒/广告/体育,哈萨克文编辑室编辑、哲学、法学、教育学、文学、历史学,北京,2026-07-23,"2024, 2025, 2026届","本科,硕士,博士",春招补招,民族出版社,https://www.neac.gov.cn/seac/xxgk/202607/1192602.shtml,https://www.neac.gov.cn/seac/xxgk/202607/1192602.shtml,/,有笔试,,,,
2026/07/19,柏楚电子,民企,通信/电子/半导体,软件开发;传感器;研究员;测试;前端开发;产品经理;数控系统;运动控制;AI算法;几何算法;技术支持;工艺;营销推广;设计;感知;图形学算法;Java开发;中心助理,上海,尽快投递,"2026, 2027届","本科,硕士,博士",秋招提前批,柏楚招聘,https://mp.weixin.qq.com/s/F_ehY3q8Zi3-QV-AwoOF5g,https://fscut.zhiye.com/campus/jobs,/,有笔试,,,,
2026/07/19,恒丰银行-总行,其他,金融业,总行行业研究;公司业务;零售金融;国际业务;风险管理;金融科技项目开发与测试;数据分析与应用,济南,2026-07-31,2027届,"硕士,博士","实习, 暑期实习",恒丰银行总行,https://mp.weixin.qq.com/s/oTrQQdv8FynVao4hGB0wGQ,https://mp.weixin.qq.com/s/oTrQQdv8FynVao4hGB0wGQ,专业不限，理学、工学相关学科或专业优先,/,,,,
2026/07/19,新易盛,民企,通信/电子/半导体,硅光芯片设计;MEMS芯片设计;硅光工艺整合;光封装热设计;嵌入式软件开发;自动化软件开发;硬件开发;光学设计,成都,2026-08-20,2027届,"硕士,博士",秋招提前批,Eoptolink新易盛,https://mp.weixin.qq.com/s/_mV1dXRJ03rMEgTSivJnxw,https://eoptolink.zhiye.com/campus/jobs,"电子,微电子,通信,光学,物理,力学,自动化,热学",/,,,,
2026/07/19,搜狐,民企,IT/互联网/游戏,企业文化实习生;生态运营实习生;运营实习生;线上短视频运营实习生;短视频运营实习生(汽车新闻方向);搜狐公益内容编辑实习生;搜狐时尚运营实习生;新媒体运营实习生(GEO方向);中国舞垂类运营;欧美剧视频账号运营;《万物皆有理》剪辑实习生;广告运营实习生(AI和校园营销方向),"上海, 北京, 天津, 青岛",尽快投递,"2027, 2028届","本科,硕士,博士","实习, 暑期实习",搜狐招聘,https://mp.weixin.qq.com/s/ESvlKF79NV0wA_RVWwfnxQ,https://app.mokahr.com/campus_apply/sohu/28313#/jobs/,/,/,,,,
2026/07/19,航天五院,央国企,机械/制造业,计算机科学与技术 信息与通信工程 人工智能 电子科学与技术 软件工程 集成电路科学与技术 控制科学与工程 力学 航空宇航科学与技术 网络空间安全 动力工程及工程热物理 机械工程 光学工程 遥感科学与技术 测绘科学与技术 电气工程 仪器科学与技术 材料科学与工程 网络与信息安全 核科学与技术,"兰州, 北京, 天津, 杭州, 深圳, 烟台, 西安",尽快投递,2027届,"本科,硕士,博士",暑期实习,中国空间技术研究院,https://mp.weixin.qq.com/s/Aw8evom_2nqqsAtvp9u4rA,https://mp.weixin.qq.com/s/Aw8evom_2nqqsAtvp9u4rA,"计算机科学与技术,人工智能,软件工程,控制科学与工程,航空宇航科学与技术,动力工程及工程热物理,光学工程,测绘科学与技术,仪器科学与技术,网络与信息安全,信息与通信工程,电子科学与技术,集成电路科学与技术,力学,网络空间安全,机械工程,遥感科学与技术,电气工程,材料科学与工程,核科学与技术",/,,,,
2026/07/19,常州市文化广电和旅游局-下属事业单位,事业单位,政府/机构/组织,宣传教育和研究岗;视频拍摄与剪辑教师岗;学术研究与策划岗,常州,2026-07-27,"2024, 2025, 2026届","本科,硕士,博士",春招补招,常州市文化广电和旅游局-下属事业单位,https://rsj.changzhou.gov.cn/html/czrsj/2026/IQCNPLQO_0716/49829.html,http://czks.czrsj.cn:8001/,/,有笔试,,,,
2026/07/19,省经投公司-战略发展部（博士后工作站）,央国企,金融业,研究员,杭州,尽快投递,2026届,"硕士,博士",春招补招,省经投公司-战略发展部（博士后工作站）,https://www.cncico.com/content/80073,https://dhr.cncico.com:18443/postDetail/202607151634000001,"经济类,管理类相关专业",/,,,,
2026/07/19,济南国有资产运营管理集团,央国企,商务服务业,详见附件济南国有资产运营管理集团校园招聘岗位汇总表,"德州, 济南",2026-07-23,"2024, 2025, 2026届","本科,硕士,博士",春招补招,济南国有资产运营管理集团,https://jngzw.jinan.gov.cn/col/col23870/art/2026/art_fce8cfea8d6b4a75b26a782170fdd189.html,https://jnzyjt.zhaopin.com,/,/,,,,
2026/07/19,国家邮政局-所属在京单位,事业单位,政府/机构/组织,详见附件公开招聘岗位计划表,北京,2026-07-25,"2024, 2025, 2026届","本科,硕士,博士",春招补招,国家邮政局-所属在京单位,https://www.mohrss.gov.cn/SYrlzyhshbzb/fwyd/SYkaoshizhaopin/zyhgjjgsydwgkzp/gxbyszpzl/202607/t20260715_580262.html,https://www.sydwgkzp.cn/mohrss,/,有笔试,,,,
2026/07/19,乐山城市更新集团,央国企,房地产业/建筑业,投资造价岗;会计核算岗;造价管理岗,乐山,2026-07-21,"2025, 2026届","本科,硕士,博士",春招补招,乐山城市更新集团,https://mp.weixin.qq.com/s/6ecIRFMkJ6FqyJT9ZMhxOQ,https://mp.weixin.qq.com/s/6ecIRFMkJ6FqyJT9ZMhxOQ,/,有笔试,,,,
2026/07/19,浙江教育考试服务中心,央国企,教育/培训/科研,媒体采编;数据信息,杭州,2026-07-26,2026届,"本科,硕士,博士",春招补招,浙江教育考试服务中心,https://www.zjzs.net/art/2026/7/10/art_329_12520.html,https://www.zjzs.net/art/2026/7/10/art_329_12520.html,/,有笔试,,,,
2026/07/19,京企直聘,央国企,人力资源服务,算法工程师;数据工程师;道路桥梁养护工程师;会计;子企业商业运营大类;子企业经营管理大类;子企业党群人事大类;子企业智能研发大类;子企业财务融资大类;子企业营销推广大类;子企业宣传设计大类;子企业法务管理大类;子企业工程造价大类;项目助理;党务专员;研究经理;AI开发工程师;管理培训生(生产运营管理方向);市场助理实习生;数据标注实习生;产品实习生;研发实习生;投资经营实习生;设计咨询岗;技术研发岗;经营管理岗;财务实习生;实习生-人力资源方向,北京,2026-08-31,"2024, 2025, 2026, 2027届","本科,硕士,博士","秋招专场, 春招补招, 社招",京企直聘,https://mp.weixin.qq.com/s/ARkkMfaUyqfARatzGthh_w,https://jqzp.fesco.com.cn/page?id=55,/,/,,,,
2026/07/19,航空工业惠阳,事业单位,机械/制造业,设计员,保定,尽快投递,2026届,"本科,硕士,博士",春招补招,航空工业惠阳,http://www.sasac.gov.cn/n2588035/n2588325/n2588350/c35610581/content.html,http://www.sasac.gov.cn/n2588035/n2588325/n2588350/c35610581/content.html,空气动力学、流体力学、工程力学、固体力学等力学类，飞行器设计与工程、飞行器质量可靠性等航空航天类，航空宇航科学与技术类，机械设计制造及其自动化、机械工程等机械类，自动化类，电气类，控制科学与工程类，动力工程及工程热物理类，复合材料成型工程、复合材料与工程、高分子材料与工程等材料类相关专业,/,,,,
2026/07/19,中国网络安全审查认证和市场监管大数据中心,事业单位,IT/互联网/游戏,详见招聘岗位信息表,北京,2026-07-27,"2024, 2025, 2026届","本科,硕士,博士",春招补招,中国网络安全审查认证和市场监管大数据中心,https://www.mohrss.gov.cn/SYrlzyhshbzb/fwyd/SYkaoshizhaopin/zyhgjjgsydwgkzp/gxbyszpzl/202607/t20260714_580212.html,https://lusiax.com/ecos/1757264703,/,/,,,,
2026/07/19,眉山投控,央国企,商务服务业,未明确,眉山,尽快投递,2026届,"本科,硕士,博士",春招补招,四川国资,https://mp.weixin.qq.com/s/TdAymnM5623ppUV4xTsXOg,https://mp.weixin.qq.com/s/TdAymnM5623ppUV4xTsXOg,/,/,,,,
2026/07/19,中国水产科学研究院,事业单位,房地产业/建筑业,专业技术岗位;管理岗位,"哈尔滨, 青岛",2026-07-28,"2024, 2025, 2026届","大专,本科,硕士,博士",春招补招,中国水产科学研究院,https://www.mohrss.gov.cn/SYrlzyhshbzb/fwyd/SYkaoshizhaopin/zyhgjjgsydwgkzp/gxbyszpzl/202607/t20260714_580213.html,https://f.wps.cn/g/wPGUTOoZ/,/,有笔试,,,,
2026/07/19,航天五院-卫星应用总体部,央国企,机械/制造业,"体系总体,算法工程,系统设计与实施,软件开发、通信与信息系统、电子信息工程、通信工程、物联网应用技术、军事通信学、数据科学与大数据技术、软件工程、软件与信息服务、模式识别与智能系统、智能科学与技术、云...",北京,尽快投递,2027届,"硕士,博士","实习, 暑期实习, 秋招提前批",卫星应用总体部,https://mp.weixin.qq.com/s/w4r5Nv160e-gLg2buL3iLA,https://mp.weixin.qq.com/s/w4r5Nv160e-gLg2buL3iLA,"应用通信,信息系统,电子信息工程,通信工程,软件工程,软件与信息服务,模式识别与智能系统,智能科学与技术,云计算技术与应用,遥感科学与技术,摄影测量与遥感,信号与信息处理,飞行器设计,飞行器控制与信息",/,,,,
2026/07/19,江铜集团-南方公司,央国企,能源/化工/环保,管培生、材料与化工、材料科学与工程、化学、机械工程、机械、电气工程、计算机科学与技术、电子科学与技术、信息与通信工程、软件工程、控制科学与工程、电子信息、材料类、机械类、化学类、交叉工程类、电气类、自...,"东莞, 广州, 深圳, 苏州",2026-07-31,"2024, 2025, 2026届","本科,硕士,博士",社招,江铜集团-南方公司,https://gzw.jiangxi.gov.cn/jxsgzw/rczp/content/content_2076848499239591936.html,https://wscloud.kingdee.com/ws_sync/register/index.html#/recLogin?pageType=myApplication&type=1&id=AzAAAAlm5mlBvwon&serviceURL=http61.180.120.808088shr&posiId=,/,/,,,,
2026/07/19,四川能投发展,央国企,能源/化工/环保,市场化交易岗、继电保护岗、供电所客服经理岗、供电所运检员（校招）、生产技术岗、调度值班员、集控站维操员、台区经理、营销综合岗、电力技术岗、电力工程岗、安全环保监察岗、安全岗、调度运行值班员、集控站值班...,宜宾,尽快投递,"2024, 2025, 2026届","本科,硕士,博士",春招补招,四川能投发展,https://scntfz-candidate.scwlhyy.com/h5/login?redirect=/,https://scntfz-candidate.scwlhyy.com/h5/login?redirect=/,/,/,,,,
2026/07/19,合肥城改集团,央国企,房地产业/建筑业,详见附件1岗位表,合肥,2026-08-08,2026届,"本科,硕士,博士","春招补招, 社招",合肥城改集团,https://gzw.hefei.gov.cn/gzdt/tzgg/15567109.html,https://gzw.hefei.gov.cn/gzdt/tzgg/15567109.html,/,有笔试,,,,
2026/07/19,北京市知识产权局-所属事业单位,事业单位,专利/商标/知识产权,详见附件岗位需求表,北京,2026-07-31,"2024, 2025, 2026届","本科,硕士,博士",春招补招,北京市知识产权局-所属事业单位,https://rsj.beijing.gov.cn/xxgk/gkzp/202607/t20260713_4759831.html,https://rsj.beijing.gov.cn/,/,有笔试,,,,
2026/07/17,湖南能源集团,央国企,能源/化工/环保,2026年夏季招聘11个岗位共计划招录78人，其中管理、技术、销售类6个岗位7人，生产操作类5个岗位71人。,长沙,2026-07-23,2026届,"本科,硕士,博士",春招补招,前程无忧长沙,https://mp.weixin.qq.com/s/J2Hi6CQkgvKEVQI9Erow5A,https://mp.weixin.qq.com/s/J2Hi6CQkgvKEVQI9Erow5A,/,有笔试,,,,
2026/07/17,BMW集团,外企,汽车制造/维修/零配件,管理培训生（高压电池安全方向）,沈阳,尽快投递,"2023, 2024, 2025, 2026届","硕士,博士",春招补招,宝马人才引擎,https://mp.weixin.qq.com/s/-XEDCfM7CM_9RCm6UsjDMA,https://bmw.tupu360.com/pageQrCode?targetUrl=a7f4739eb94ec9ef329bf04695f05583d476fd99ad24ebac1882f5427f22f1ab42eccaac339d9e26a92bdba26e3d30b5159d7a89761fc25cd8d0639defffe5e4316d01680389924d9b51490f1469f35aac964afdb486ca04,/,/,,,,
2026/07/17,高拓讯达,民企,通信/电子/半导体,通信算法工程师;数字IC设计工程师;数字IC验证工程师;PLL工程师;模拟IC设计工程师;射频IC设计工程师,北京,2026-10-30,2027届,"本科,硕士,博士",秋招专场,高拓讯达,https://mp.weixin.qq.com/s/qi9LZwwLDL_nStPLOneZ7A,https://altobeam.zhiye.com/campus/jobs,/,有笔试,,,,
2026/07/17,禾迈股份,民企,能源/化工/环保,功率硬件工程师;控制硬件工程师;电力电子软件工程师;嵌入式软件工程师(ARM/DSP方向);算法数据工程师;算法工程师;AI工程师;后端软件工程师(EMS方向),"杭州, 苏州",尽快投递,2027届,"本科,硕士,博士",秋招提前批,禾迈HR,https://mp.weixin.qq.com/s/_B2iBUHx39khu39HDGcCUw,https://app.mokahr.com/campus-recruitment/hoymiles/70377?locale=zh-CN#/jobs?page=1&anchorName=jobsList,"电力电子,电气,自动化,机械等理工类专业",/,,,,
2026/07/17,星尘智能,民企,智能硬件,硬件设计工程师;机械结构工程师;线束工程师;嵌入式软件工程师;机器人算法工程师;大模型算法工程师(后训练);大模型算法工程师(VLA/世界模型);硬件产品经理;软件产品经理;产品营销专员;品牌营销专员;资本市场专员;法务专员;财务专员,深圳,尽快投递,2027届,"本科,硕士,博士",秋招专场,Astribot星尘智能,https://mp.weixin.qq.com/s/px1vDoAbCm7URdKxLEsj-Q,https://app.mokahr.com/campus-recruitment/astribot/144862?locale=zh-CN&sessionid=#/jobs,/,有笔试,,,,
2026/07/17,对点咨询,民企,财务/审计/税务,猎头实习生;猎头管培生,"上海, 北京, 南京, 大连, 天津, 广州, 成都, 杭州, 深圳, 西安, 重庆, 青岛",尽快投递,2027届,"本科,硕士,博士","实习, 秋招专场",对点咨询,https://mp.weixin.qq.com/s/K2UeZ5Y4yte3ZZ-JltdIJw,https://mp.weixin.qq.com/s/K2UeZ5Y4yte3ZZ-JltdIJw,专业不限,/,,,,
2026/07/17,微源半导体,民企,通信/电子/半导体,助理模拟设计工程师;助理芯片验证工程师;芯片测试工程师;助理FAE;销售工程师;职能管培生,"上海, 成都, 深圳",尽快投递,2027届,"本科,硕士,博士",秋招专场,微源半导体,https://mp.weixin.qq.com/s/oBI7K8qOepV5QUgjYoibTw,https://app.mokahr.com/campus-recruitment/lowpowersemi/168412?locale=zh-CN#/,"微电子,电子科学与技术,集成电路,电子信息,自动化,市场营销,财务管理,人力资源,供应链,工商管理等相关专业",有笔试,,,,
2026/07/17,Unity中国,外企,IT/互联网/游戏,Unity云原生AI开发实习生 技术美术实习生 软件工程实习生-AI Agent 开发 引擎研发实习生-团结引擎 AI数据工程实习生(训练数据&清洗方向）,"上海, 北京, 广州",尽快投递,2027届,"本科,硕士,博士",秋招专场,Unity官方招聘,https://mp.weixin.qq.com/s/8Y21lg0t9kzWN-InytZ-Xw,https://recruiting.unity.cn/982864/?sessionid=,计算机科学或软件工程相关专业,/,,,,
2026/07/17,麦肯锡中国,外企,财务/审计/税务,商业分析师;暑期商业分析师,"上海, 北京, 台北, 深圳, 香港",2027-01-14,2027届,"本科,硕士,博士","暑期实习, 秋招专场",麦肯锡招聘,https://mp.weixin.qq.com/s/tro63aEGQb5lPn0EmLZQSQ,https://www.mckinsey.com/careers/search-jobs/jobs/businessanalyst-15136,不限专业,/,,,,
2026/07/17,知存科技,民企,通信/电子/半导体,存算研发工程师-工程方向;存算研发工程师-设计方向;存算研发工程师-算法方向;模拟设计工程师;芯片架构工程师;芯片验证工程师;编译工具链工程师;AI存储固件开发工程师;系统固件验证工程师;可靠性工程师;3DIC系统工程师;工艺器件工程师,"上海, 北京, 杭州, 西安",尽快投递,2027届,"本科,硕士,博士",秋招专场,知存科技Witmem,https://mp.weixin.qq.com/s/0Ro7G_0Ct4zKUVdF8C3jRw,https://iucylxooqp.jobs.feishu.cn/200839?sessionid=,微电子、集成电路、半导体、计算机、计算机体系结构、电子信息、通信、自动化、物理、材料、光电、机械热流体等,/,,,,
2026/07/17,语核科技,民企,IT/互联网/游戏,AI产品经理(急招);NLP用户体验实习生(急招);AI产品经理实习生(急招);UX用户体验实习生(急招);Agent应用工程师(急招);Agent应用工程师实习生(急招);AI全栈工程师(急招);Agent全栈工程师实习生(急招);BD全栈工程师(急招);FDE全栈工程师实习生(急招);销售交付工程师(急招);销售工程师(急招);销售实习生;市场运营实习生;HR实习生,上海,尽快投递,"2026, 2027, 2028, 2029届","本科,硕士,博士","实习, 秋招专场, 社招",语核科技,https://mp.weixin.qq.com/s/2BCTyDPwgtJCH1UaBRZV1Q,https://mp.weixin.qq.com/s/2BCTyDPwgtJCH1UaBRZV1Q,不限专业,/,,,,
2026/07/17,腾讯音乐娱乐集团,民企,IT/互联网/游戏,技术研究-音乐大模型方向;技术研究-大模型加速方向;技术研究-歌词大模型方向,深圳,尽快投递,"2026, 2027届",博士,秋招专场,腾讯音乐招聘,https://mp.weixin.qq.com/s/5dKEkf7t6Iw31DpXNtNs5g,https://join.tencentmusic.com/campus/post?type=40,/,/,,,,
2026/07/17,航天科技集团五院-遥感卫星总体部,央国企,机械/制造业,计算机科学与技术、软件工程、智能科学与技术、网络空间安全、信息与通信工程、控制科学与工程、电子科学与技术、电子信息、航空宇航科学与技术、遥感科学与技术、光学工程、仪器科学与技术、测绘科学与技术、力学、机械工程、电气工程、物理学、地图学与地理信息系统、管理类等相关专业。,北京,2026-07-24,2027届,"硕士,博士",暑期实习,五院遥感卫星总体部,https://mp.weixin.qq.com/s/XlHxxpOLY62XoNe74zfDXQ,https://mp.weixin.qq.com/s/XlHxxpOLY62XoNe74zfDXQ,"计算机科学与技术,软件工程,智能科学与技术,网络空间安全,信息与通信工程,控制科学与工程,电子科学与技术,电子信息,航空宇航科学与技术,测绘科学与技术,光学工程,仪器科学与工程,地理学,地图学与地理信息系统,管理类等相关专业",/,,,,
2026/07/17,tap4fun,民企,IT/互联网/游戏,游戏产品实习生(策划运营方向);游戏海外市场与用户研究实习生;3D游戏美术实习生(海外SLG方向);游戏数据分析实习生;游戏算法实习生;客户端开发实习生;游戏程序实习生,成都,尽快投递,2027届,"本科,硕士,博士","实习, 暑期实习",tap4fun,https://mp.weixin.qq.com/s/jxpiTq3kIQt0bveHFSG9NQ,https://app.mokahr.com/campus_apply/tap4fun/291?sessionid=#/,/,/,,,,
2026/07/16,安捷利美维,民企,通信/电子/半导体,工艺工程;产品工程;产品研发;先期开发;计划管理;生产管理;客户服务,"厦门, 广州",尽快投递,"2025, 2026届","本科,硕士,博士",春招补招,安捷利美维招聘,https://mp.weixin.qq.com/s/TzXg6HAiPNF7-BmJwdWNYw,https://app.mokahr.com/campus-recruitment/akmmv/45089#/,"材料类,化学类,机械类,自动化类,电气类等理工类专业",有笔试,,,,
2026/07/16,广东南粤银行,央国企,金融业,总行科技专培生;分行校招生,"东莞, 中山, 广州, 江门, 深圳, 湛江, 肇庆, 重庆",2026-08-02,2026届,"本科,硕士,博士",春招补招,广东南粤银行微生活,https://mp.weixin.qq.com/s/toNpqtXx7NgWFflBvlXAOg,https://wecruit.hotjob.cn/SU670a291d6202cc7666c744bc/pb/school.html,总行要求计算机、大数据、数学相关专业；分行要求经济金融、管理、法律、计算机相关专业,/,,,,
2026/07/16,鹰角网络,民企,IT/互联网/游戏,游戏引擎开发;游戏客户端;角色模型;场景模型;关卡策划;战斗策划,上海,2026-07-31,2027届,"本科,硕士,博士",秋招提前批,鹰角网络招聘,https://mp.weixin.qq.com/s/dz_oOenwVsnpc2BPUbqQvw,https://app.mokahr.com/campus-recruitment/hypergryph/26326#/jobs?page=1&anchorName=jobsList&project[0]=100128214,/,有笔试,,,,
2026/07/16,深圳信步科技,民企,通信/电子/半导体,硬件;软件;产品;市场;供应链;职能,深圳,尽快投递,2027届,"本科,硕士,博士",秋招提前批,信步招聘,https://mp.weixin.qq.com/s/PB1ozjjAEKeidknM6RE5wg,https://seavo.hotjob.cn/,电子/集电/精仪/自动化/计算机/经管等，优秀者不限专业,有笔试,,,,
2026/07/16,爱凡哲投资,民企,金融业,量化策略研究员 量化开发工程师 股票高频算法 量化 AI 工程师 市场专员 产品运营 投资经理助理/交易员,"上海, 成都",尽快投递,2027届,"本科,硕士,博士","实习, 秋招专场",爱凡哲投资,https://mp.weixin.qq.com/s/PaCfz4jPi067slfL-SuyyQ,https://mp.weixin.qq.com/s/PaCfz4jPi067slfL-SuyyQ,/,/,,,,
2026/07/16,中国电科-第四十三研究所,事业单位,教育/培训/科研,电力电子与电力传动 电气工程 电子科学与技术 微电子科学与工程 电子信息工程 控制工程 电磁场与无线技术 通信工程 (微波方向) 电子封装技术,合肥,2026-08-10,2027届,"硕士,博士",暑期实习,中国电科43所,https://mp.weixin.qq.com/s/KFeIKahkVema8eKFh3rw_A,https://mp.weixin.qq.com/s/KFeIKahkVema8eKFh3rw_A,"电力电子与电力传动,电气工程,电子科学与技术,微电子科学与工程,电子信息工程,控制工程,电磁场与无线技术,通信工程(微波方向),电子封装技术",/,,,,
2026/07/16,正浩EcoFlow,民企,能源/化工/环保,电力电子硬件工程师 电力电子软件工程师 AI 算法工程师 嵌入式软件工程师 后端工程师 结构工程师 软件产品经理,"深圳, 苏州, 西安",尽快投递,2027届,"本科,硕士,博士",秋招提前批,正浩招聘EcoFlow,https://mp.weixin.qq.com/s/E05l4hNCiH_Ehc4_WGLjHQ,https://jobs.ecoflow.com/602892/position/list?keywords=&category=&location=&project=7660773517268699430&type=&job_hot_flag=&current=1&limit=10&functionCategory=&tag=,/,有笔试,,,,
2026/07/16,卓驭,民企,汽车制造/维修/零配件,算法类 软件类 机械电气类 嵌入式类 测试类 安全类 系统工程类 非研发类；,"上海, 北京, 深圳, 香港",尽快投递,2027届,"本科,硕士,博士",秋招专场,卓驭招聘,https://mp.weixin.qq.com/s/hWcgA3YwDtTo65ZKF_X59g,https://we.zyt.com/campus/jobs?sessionid=,/,/,,,,
2026/07/16,麦米电气,民企,能源/化工/环保,新型电力电子拓扑与控制、储能变流器并网技术、电力电子数字化仿真、AIDC数据中心供电技术、电力电子磁件设计、激光与电弧物理研究、涡旋压缩机、流体仿真、热设计等相关方向；,"南京, 杭州, 武汉, 深圳, 西安, 长沙",尽快投递,2027届,"硕士,博士",秋招专场,麦米电气招聘,https://mp.weixin.qq.com/s/2VJZONDzxzn1GAzYqwMPqw,https://wecruit.hotjob.cn/SU6282075e0dcad413c09efe26/pb/school.html?projectCode=201301&showProjectBanner=true,电力电子及相关控制技术相关专业,/,,,,
2026/07/16,中国电科-网通院,央国企,教育/培训/科研,通信总体设计工程师;基带工程师;射频开发工程师;天线系统设计工程师;信号处理算法工程师;大数据与人工智能工程师;算法开发工程师;软件总体设计工程师;软件开发工程师;网络安全工程师;数据处理工程师;硬件设计工程师;数字IC设计工程师;模拟IC设计工程师;语音影像处理工程师;飞行器设计工程师;伺服控制设计工程师;自动化技术工程师;结构设计工程师,石家庄,尽快投递,2027届,"硕士,博士",秋招提前批,中国电科网络通信研究院,https://mp.weixin.qq.com/s/INzdy8QNywgElhwmwFSyEw?scene=25&id=BFeKW&Esessionid=&click_id=3#wechat_redirect,https://campus.51job.com/2026cetc54/about1.html,通信技术类、电磁场与微波技术类、计算机软件类、大数据与人工智能类、导航制导类、雷达与信号处理类、测控技术类、遥感测绘类、光学工程类、应用数学类、物理类、精密仪器类、电子类、自动化控制类、飞行器设计类、机械类、可靠性与试验类相关专业,/,,,,
2026/07/16,北方矿业,央国企,能源/化工/环保,专业技术类、运营管理类：矿业类、理工科类、经管类、财会类岗位；,北京,2026-07-31,2027届,"硕士,博士","实习, 暑期实习",国聘,https://mp.weixin.qq.com/s/doGbTOWhFKcRiiwUWQ7gvA?scene=25&id=BFeKW&Esessionid=&click_id=3#wechat_redirect,https://bfky.iguopin.com/?sessionid=,"矿业类,理工科类,经管类,财会类",有笔试,,,,
2026/07/16,浩鲸科技-国际业务运营中心,民企,IT/互联网/游戏,售前方案实习生;运营管理实习生(西语、蒙古语);产品经理实习生;交付实习生;测试实习生,"南京, 福州",尽快投递,2027届,"本科,硕士,博士","实习, 暑期实习",浩鲸科技招聘,https://mp.weixin.qq.com/s/kSDs6logU_WM_bh3d1XveQ?scene=25&id=BFeKW&Esessionid=&click_id=3#wechat_redirect,https://iwhalecloud1.zhiye.com/intern/jobs,/,/,,,,
2026/07/15,捷迅光电,民企,机械/制造业,海外销售经理;售后服务工程师;国内销售经理;品牌专员;软件工程师;机械工程师;电气工程师;应用工程师;采购工程师;工艺工程师;仓管员;质量工程师;物流包装工程师;人力资源专员;法务合规专员;信息化专员;财务专员,合肥,尽快投递,2027届,"本科,硕士,博士",秋招专场,捷迅光电招聘,https://mp.weixin.qq.com/s/EVrCWbbyAfAbJ9ZV5xPPkg?scene=25&id=BFeKW&Esessionid=&click_id=3#wechat_redirect,https://www.hfjiexun.com/info.php?class_id=106103&page=1,"理工类:机械,电气,自动化,计算机,软件,材料,国贸,矿物加工等;经管类:外语,国贸,营销,物流,供应链,法学,财务,人力资源等",/,,,,
2026/07/15,蔚来,民企,汽车制造/维修/零配件,数字技术类 工程技术类 动力电池类 产品类 项目管理类 用户与服务类 设计类 职能与支持类；,"上海, 信阳, 北京, 合肥, 武汉, 深圳",2026-08-14,"2025, 2026, 2027届","本科,硕士,博士",秋招提前批,蔚来招聘,https://mp.weixin.qq.com/s/2lLXBX2Rdfah-V09vypZXA,https://nio.jobs.feishu.cn/campus/?keywords=&category=&location=&project=7660736309090715940&type=&job_hot_flag=&current=1&limit=10&functionCategory=&tag=&storefront_id_list=,/,有笔试,,,,
2026/07/15,燧原科技,民企,通信/电子/半导体,软件研发类 芯片硬件类 客户成功与解决方案 产品系统类；,"上海, 北京, 南京, 成都, 杭州, 深圳, 西安",尽快投递,2027届,"本科,硕士,博士",秋招专场,燧原科技Enflame招聘,https://mp.weixin.qq.com/s/alWF6V_Q8httWCbAuXcWHw,https://app.mokahr.com/campus-recruitment/enflame/168420?locale=zh-CN#/,/,有笔试,,,,
2026/07/15,腾讯,民企,IT/互联网/游戏,腾讯2027青云计划校招。具体岗位见投递方式链接,"上海, 北京, 广州, 成都, 杭州, 深圳, 香港",尽快投递,"2026, 2027届","本科,硕士,博士",秋招专场,腾讯招聘,https://mp.weixin.qq.com/s/bwJLjqPwGsrOAFJQHwVydw,https://join.qq.com/post.html?query=p_14,/,/,,,,
2026/07/15,OPPO,民企,通信/电子/半导体,AI/算法类;软件类;硬件类;标准研究类;产品类;设计类;品牌策划类;销售服务类;工程技术类;采购类;综合职能类,"上海, 东莞, 北京, 南京, 成都, 武汉, 深圳, 西安",尽快投递,2027届,"本科,硕士,博士",秋招专场,OPPO招聘,https://mp.weixin.qq.com/s/GTwqfUeCz9sVB_6cj9c30g,https://careers.oppo.com/university/oppo/campus/post?recruitType=Graduate,/,有笔试,,,,
2026/07/15,汇明光电,民企,通信/电子/半导体,电路系统硬件工程师 算法工程师(图像、嵌入式) 机械结构工程师；,西安,2026-12-31,2027届,"硕士,博士",秋招专场,汇明安国招聘,https://mp.weixin.qq.com/s/k6oSNMBulL6pU-fOg5b4dg,https://mp.weixin.qq.com/s/k6oSNMBulL6pU-fOg5b4dg,"测控仪器仪表,光电,机电,自动化,电子,机械,电气,通信",有笔试,,,,
2026/07/15,华金证券,央国企,金融业,华金新锐(投研交易方向);华金新锐(产融服务方向);华金新锐(财富管理方向);华金新锐(综合赋能方向);华金新锐(业务内控方向);华金新锐(金融数智方向),"上海, 北京, 深圳, 苏州",尽快投递,2027届,"硕士,博士",秋招专场,华金HR,https://mp.weixin.qq.com/s/2cIMGKi3z2_LCyk6s4pAjA,https://wecruit.hotjob.cn/SU6407e1620dcad470d9ae9633/pb/school.html,专业不限，复合类背景优先考虑,/,,,,
2026/07/15,斯道德机械,民企,机械/制造业,生产制造岗;研发工程师岗;外贸业务岗,"嘉兴, 无锡",尽快投递,2027届,"本科,硕士,博士",秋招专场,斯道德机械,https://mp.weixin.qq.com/s/Lr6Ujte81sQMQzu9z3VwTQ,https://mp.weixin.qq.com/s/Lr6Ujte81sQMQzu9z3VwTQ,生产制造岗：机械设计制造、机电一体化、过程装备与控制工程等理工类专业；研发工程师岗：机械工程、动力工程、化工机械、材料工程等相关专业；外贸业务岗：国际经济与贸易、英语/俄语/西班牙语等相关专业,/,,,,
2026/07/15,凯读投资,民企,金融业,投研工程方向：量化策略 量化开发 AI Infra ,"上海, 北京",尽快投递,2027届,"本科,硕士,博士","暑期实习, 秋招专场",凯读投资,https://mp.weixin.qq.com/s/aIPoL7JxiyaCTT5o1ZDfAQ,https://mp.weixin.qq.com/s/aIPoL7JxiyaCTT5o1ZDfAQ,"量化策略：数理,统计相关专业；量化开发：计算机,软件工程,电子工程相关专业；AI Infra：计算机科学,工程相关专业",有笔试,,,,
2026/07/15,易思维,民企,汽车制造/维修/零配件,现场技术支持工程师(实习),全国多地,尽快投递,2027届,"本科,硕士,博士","暑期实习, 秋招提前批",易思维招聘,https://mp.weixin.qq.com/s/cWNrX9h8aX1m7vUceOjK8A,https://mp.weixin.qq.com/s/cWNrX9h8aX1m7vUceOjK8A,"车辆工程,测控,汽车,机械,电气,自动化相关专业优先",/,,,,
2026/07/15,莉莉丝游戏,民企,IT/互联网/游戏,算法工程师;引擎开发工程师;客户端开发工程师;服务器开发工程师;关卡策划;游戏平台运营;全球发行策略培生;测试开发工程师;平台项目经理,上海,2026-08-07,2027届,"本科,硕士,博士",秋招提前批,莉莉丝游戏,https://mp.weixin.qq.com/s/CloxVe4ruZQMjGG61SNWgw?scene=25&id=BFeKW&Esessionid=&click_id=3#wechat_redirect,https://lilithgames.jobs.feishu.cn/campus/?sessionid=,/,/,,,,
2026/07/15,网易游戏-雷火,民企,IT/互联网/游戏,虚拟世界架构师（游戏策划）;技术类;人工智能类;游戏艺术/设计类;综合类;艺术/设计类,杭州,2026-10-15,2027届,"本科,硕士,博士",秋招专场,网易游戏雷火伏羲招聘,https://mp.weixin.qq.com/s/iXN6QNkW67UH8XH57ZmzjQ?scene=25&id=BFeKW&Esessionid=&click_id=3#wechat_redirect,https://leihuo.163.com/campus/?sessionid=#/full?channel=AchQjsPI,/,有笔试,,,,
2026/07/15,启林投资,民企,金融业,量化研究员-高频因子方向;量化研究员-基本面方向;量化研究员-AI算法方向;量化研究员-组合优化方向;高频系统开发工程师;量化开发工程师;机器学习平台开发工程师,"上海, 北京",尽快投递,2027届,"本科,硕士,博士",秋招专场,启林投资,https://mp.weixin.qq.com/s/LbN6svwDWSLDJ4lArxLWSg,https://mp.weixin.qq.com/s/LbN6svwDWSLDJ4lArxLWSg,/,有笔试,,,,
2026/07/15,芯动科技,民企,通信/电子/半导体,数字IC设计工程师;数字IC验证工程师;模拟IC设计工程师;DSP算法及建模工程师;高性能计算工程师;GPU软件工程师;AI软件栈工程师;嵌入式软件工程师;数字IC后端工程师;版图设计工程师;硬件工程师;系统测试开发工程师;DDR-IP用例开发工程师;总裁办管培生;文案策划管培生;市场管培生,"上海, 北京, 大连, 成都, 武汉, 珠海, 苏州, 西安",尽快投递,2027届,"本科,硕士,博士",秋招专场,芯动科技招聘,https://mp.weixin.qq.com/s/3UkbHbf-UCB_GNvaC6vq5w,https://innosilicon.zhiye.com/campus/jobs,/,有笔试,,,,
2026/07/15,智元,民企,智能硬件,研究类;算法类;软件类;硬件类;结构类;质量类;关节类;测试类;系统架构类;安全工程类;解决方案类;项目管理类;标准与知识产权类;工业与交互设计类;战略类;产品管理类;品牌营销类;渠道类;交付服务类;销售运营类;销售类;解决方案销售类;采购类;制造类;财经类;法务类;人力资源类;行政类;投融资类;流程IT与质量运营类,"上海, 北京, 深圳",尽快投递,2027届,"本科,硕士,博士",秋招专场,智元AGIBOT招聘,https://mp.weixin.qq.com/s/dm9J-taDoblM0irzCK71rw,https://agirobot.jobs.feishu.cn/campusrecruitment?sessionid=,/,有笔试,,,,
2026/07/15,货拉拉,民企,IT/互联网/游戏,全球拓展管培生GMT,"深圳, 香港, 海外",尽快投递,2027届,"本科,硕士,博士",秋招专场,货拉拉GMT,https://mp.weixin.qq.com/s/NMrb8tMqe1eEc-fTnTkuug,https://app.mokahr.com/campus-recruitment/huolalahr/98660?sourceToken=832309c8596be192c0b5f5120dd1960a#/jobs?zhineng[0]=72638,/,/,,,,
2026/07/14,优衣库,外企,生活服务业,经营管理培训生(UMC),"上海, 北京, 广州, 全国多地",2026-07-22,"2026, 2027届","本科,硕士,博士",秋招专场,优衣库,https://uniqlo.zhiye.com/campus/detail?jobAdId=e4f28a5f-c434-46de-a73a-5db32762bee4,https://uniqlo.zhiye.com/campus/detail?jobAdId=e4f28a5f-c434-46de-a73a-5db32762bee4,不限专业,/,,,,
2026/07/14,极客未来,民企,教育/培训/科研,小学班课主讲教师;初中班课主讲教师;学科校长管培生（教学方向）;运营校长管培生（销售方向）,重庆,尽快投递,2027届,"本科,硕士,博士",秋招提前批,极客未来招聘,https://mp.weixin.qq.com/s/qJe1McKBFGE9R0eE8nHsZA,https://geek3.zhiye.com/campus/jobs,教师类不限专业，学科校长管培生（教学方向）要求数学相关专业,/,,,,
2026/07/14,商汤科技,民企,IT/互联网/游戏,多模态基模型研究员;大模型训练系统研究员;大模型强化学习系统研究员;大模型评测算法工程师;系统架构师;训练/推理框架研发工程师;高性能推理优化工程师;推理平台开发工程师;云系统开发工程师;集群运维开发工程师;智算平台产品经理;Agentic算法工程师;Agent应用开发工程师;AI Harness工程师;AI产品经理;FDE工程师;FDE管培生,"上海, 北京, 杭州, 武汉, 深圳, 香港",尽快投递,"2027, 2028, 不限届, 2029","本科,硕士,博士","实习, 秋招专场, 社招",SenseTime商汤招聘,https://mp.weixin.qq.com/s/Hndt9nX58BtIP_Ac6HQ3fw?scene=25&id=BFeKW&Esessionid=&click_id=3#wechat_redirect,https://hr.sensetime.com/top/?keywords=&category=&location=&project=7654524986392824115&type=&job_hot_flag=&current=1&limit=10&functionCategory=&tag=,/,/,,,,
2026/07/14,易动宇航,民企,机械/制造业,系统工程师;产品工程师;硬件工程师;电源工程师;电气工程师;结构设计师;机电设计师;元器件工程师;工艺工程师;研发助理;测试工程师;装配工程师;质量工程师;财务人员;人力资源;行政人员,"上海, 北京",尽快投递,2027届,"本科,硕士,博士",秋招提前批,易动宇航,https://mp.weixin.qq.com/s/zzQllc6-Mtp_7QwQBsPagg,https://mp.weixin.qq.com/s/zzQllc6-Mtp_7QwQBsPagg,"空天智能电推进技术,智能科学与工程,空间环境工程,电气工程,控制工程,自动化,机械,机电,热能动力工程,动力工程,航空宇航科学与技术,流体力学,精密仪器及工程,空间电推进,等离子体,人工智能,智能制造工程,航空宇航推进,通信,电子,飞行器设计,工程力学,测控,物理学,计算机,管理学,人力资源,行政管理,财务类相关专业,软件工程",有笔试,,,,
2026/07/14,厨芯科技,民企,生活服务业,嵌入式软件工程师（图像识别方向）,苏州,尽快投递,2027届,"硕士,博士",秋招提前批,厨芯科技招聘,https://mp.weixin.qq.com/s/IF7lKvBLXo_v_RPKfSOZUg?scene=25&id=BFeKW&Esessionid=&click_id=3#wechat_redirect,https://app.mokahr.com/campus-recruitment/honganrobots/150155#/job/d768bd4a-a1a2-4339-8e37-704d2a687e73,"电子,自动化,计算机等相关专业",/,,,,
2026/07/14,舞肌科技,民企,智能硬件,机器人算法工程师;全栈软件开发工程师;测试开发工程师;嵌入式软件测试工程师;结构硬件开发工程师;结构设计工程师;热理工程师;电机工程师;产品硬件专家;硬件/软件架构设计工程师;热管理工程师;机电工程师;产品经理;项目经理;品牌负责人;海外售前工程师;知识产权经理;HRBP;法务经理;生产经理;品质经理;PE;自动化开发主管;制造工艺工程师;采购工程师;失效分析工程师,"北京, 深圳",尽快投递,"2026, 2027届","本科,硕士,博士",秋招专场,舞肌科技,https://mp.weixin.qq.com/s/3h_Tufnn1ZpgIKPAyRFY7w?click_id=339436563,https://app.mokahr.com/campus-recruitment/wuji/145173?locale=zh-CN#/jobs,研发类：算法/软件/控制/机械/电子/自动化等；产品类：理工科背景优先；智造类：机械/自动化/工业工程/材料/电子/智能制造等；市场类：市场/新闻/广告/中文等；职能类：人力/财务/法务/行政等,/,,,,
2026/07/14,航天502所,央国企,机械/制造业,智能科学与技术 控制科学与工程 航空宇航科学与技术 仪器科学与技术 计算机科学与技术 电子科学与技术 信息与通信工程 光学工程 电气工程 电子信息 软件工程 网络空间安全 机械 机械工程 力学 动力工程及工程热物理 材料 测绘,"北京, 天津, 张家口, 杭州",2026-07-29,2027届,"硕士,博士",秋招提前批,航天502所,https://mp.weixin.qq.com/s/4k-opYMWFveeTth77M9xcg?scene=25&id=BFeKW&Esessionid=&click_id=3#wechat_redirect,https://app.mokahr.com/campus-recruitment/bice/144168#/jobs,"智能科学与技术,航空宇航科学与技术,计算机科学与技术,控制科学与工程,仪器科学与技术,电子科学与技术,信息与通信工程,光学工程,电气工程,电子信息,软件工程,网络空间安全,机械,机械工程,力学,动力工程及工程热物理,材料,测绘",有笔试,,,,
2026/07/14,BCG中国区,外企,财务/审计/税务,咨询全职岗位;咨询暑期实习岗位,"上海, 北京, 台北, 深圳, 香港",2026-08-16,2027届,"本科,硕士,博士","实习, 暑期实习, 秋招专场",BCG波士顿咨询,https://mp.weixin.qq.com/s/5UQ47yCzjMEUZ-eN79_Ggg,https://careers.bcg.com/global/en/job/58663/Consulting-Full-time-GC-Campus-Shanghai-Beijing-Shenzhen-Hong-Kong-Taipei,不限,/,,,,
2026/07/14,路威凯腾,外企,金融业,私募股权投资分析师(实习),上海,2026-08-14,2027届,"本科,硕士,博士",实习,L Catterton路威凯腾,https://mp.weixin.qq.com/s/FYrTjrt1ZNK_1wBPXETLXw,https://mp.weixin.qq.com/s/FYrTjrt1ZNK_1wBPXETLXw,/,/,,,,
2026/07/14,新东方-大学生学习与发展中心,民企,教育/培训/科研,计算机408教研实习生;西医306教研实习生;产品运营实习生;考研学习顾问;考研学习管理师;四六级学习管理师;考研线上运营专员;专升本学习顾问;专升本学习管理师;专升本市场专员;考研顾问实习生;考研线下市场推广实习生;考研市场专员;考研公共课学习管理师;考研走读线上运营师;考研走读课程顾问;专升本线上运营专员,"北京, 南京, 合肥, 呼和浩特, 哈尔滨, 天津, 昆明, 武汉, 全国多地",尽快投递,"2026, 2027届","本科,硕士,博士","实习, 暑期实习, 秋招提前批",新东方大学生学习与发展中心招聘,https://mp.weixin.qq.com/s/v-4muZMsTHIyO38N4f90tg?scene=25&id=BFeKW&Esessionid=&click_id=3#wechat_redirect,https://zhaopin.xdf.cn/jobs?activityGuid=3a4fd7d6-2003-4139-b9a9-4a39f337af97,/,/,,,,
2026/07/14,安邦护卫集团,央国企,商务服务业,"人力资源岗,投资管理岗,业务管理岗,安全岗,研究院技术岗,综合行政岗,会计岗,审计风控法务岗,党群岗,无人机技术岗,涉案岗,水电岗,系统管理岗,法务岗,审计岗,技术支持岗","丽水, 台州, 嘉兴, 宁波, 杭州, 温州, 湖州, 绍兴, 舟山",2026-07-20,"2025, 2026届","本科,硕士,博士",春招补招,浙江国资,https://mp.weixin.qq.com/s/hWLgPkRiUb2AbIGavdzIBg?scene=25&id=BFeKW&Esessionid=&click_id=3#wechat_redirect,http://mp.weixin.qq.com/s/hWLgPkRiUb2AbIGavdzIBg,/,/,,,,
2026/07/14,合肥交控集团,央国企,交通/物流/仓储,出纳会计、机电管理员、施工技术员、经济学类、金融学类、会计学、财务管理、电气工程类、电子信息类、土木类、桥梁与隧道工程,合肥,2026-07-24,"2024, 2025, 2026届","本科,硕士,博士",春招补招,合肥交控集团,http://wxpta.ahwxhr.com/recruit/detail?id=8208,http://wxpta.ahwxhr.com,/,有笔试,,,,
2026/07/14,海南融资担保基金,央国企,金融业,党群综合干事;出纳;信息技术岗;项目助理;保全岗,海口,2026-07-29,"2024, 2025, 2026届","本科,硕士,博士",春招补招,海南自贸港招聘网,https://mp.weixin.qq.com/s/T0S50_6-kArdsLjS2YfPcg,https://mp.weixin.qq.com/s/T0S50_6-kArdsLjS2YfPcg,/,有笔试,,,,
2026/07/14,生态环境部信息中心,事业单位,能源/化工/环保,人工智能研发岗、大气业务支撑岗、碳市场系统运维岗\\计算机、环境科学与工程、应对气候变化,北京,2026-07-31,"2024, 2025, 2026届","本科,硕士,博士",春招补招,生态环境部信息中心,http://www.eicmee.cn/xxgk/tzgg/202607/t20260711_1161414.html?scene=25&id=BFeKW&Esessionid=&click_id=3#wechat_redirect,http://114.251.10.136:3000/,/,有笔试,,,,
2026/07/14,神州税道,民企,财务/审计/税务,实务方向实习生;研究方向实习生,上海,尽快投递,"2027, 2028, 2029届","本科,硕士,博士","实习, 暑期实习",神州税道,https://mp.weixin.qq.com/s/9io7WwSXQy1fFs6As3zLWA?scene=25&id=BFeKW&Esessionid=&click_id=3#wechat_redirect,https://mp.weixin.qq.com/s/9io7WwSXQy1fFs6As3zLWA,财经类专业优先,/,,,,
2026/07/14,天华化工集团,央国企,能源/化工/环保,生产运行维护岗、综合管理专员、化工类、材料类、安全类、环境工程类、机电仪分析自动化、财务管理、会计学、汉语言文学、法学、土木工程、造价、建造、软件工程、计算机科学与技术,泸州,2026-12-31,2026届,"本科,硕士,博士",春招补招,四川天华化工集团,https://www.scth.com.cn/articles/11473.html,https://www.scth.com.cn/articles/11473.html,/,/,,,,
2026/07/14,北京祥龙博瑞,央国企,新能源,运营管理方向、技术应用方向\\经济类及应用经济类、市场营销类、供应链管理、企业管理、数据分析与大数据应用类、汽车工程类、新能源科学与应用类、动力电池维修与应用类、能源与动力类、计算机及信息系统类、信息...,北京,2026-09-30,"2024, 2025, 2026届","本科,硕士,博士",春招补招,京企直聘,https://mp.weixin.qq.com/s/oHbfI5OFQLxAp0jI1VuxJA,https://mp.weixin.qq.com/s/oHbfI5OFQLxAp0jI1VuxJA,运营管理方向：经济类及应用经济类、市场营销类、供应链管理、企业管理、数据分析与大数据应用类；技术应用方向：汽车工程类、新能源科学与应用类、动力电池维修与应用类、能源与动力类、计算机及信息系统类、信息与通信工程类,有笔试,,,,
2026/07/14,宿迁市人力资源开发有限公司,央国企,人力资源服务,输电施工辅助（架空线路作业）、无人机辅助\\机电类、电气类、电子信息类、无人机运用工程、自动化类,宿迁,2026-07-24,"2024, 2025, 2026届","本科,硕士,博士",春招补招,宿迁市人力资源开发有限公司,https://govjob.zhaopin.com/home/detail?id=54b8a0463e246f2da22792d19d914a2d&typeId=2,https://wanda2026.zhaopin.com,"机电类,电气类,电子信息类,无人机运用工程,自动化类",有笔试,,,,
2026/07/14,兴云数科,民企,IT/互联网/游戏,AI算法工程师-AI算法;AI算法工程师-大模型;软件开发工程师(含网络安全和大数据);产品规划经理-AMR产品规划;产品市场经理-MKT经理(技术);软件开发工程师-操作系统OS开发,"三亚, 上海, 北京, 南京, 广州, 成都, 深圳, 西安, 长沙",尽快投递,2027届,"硕士,博士",秋招专场,中兴通讯招聘,https://mp.weixin.qq.com/s/eSEcfFlc15TWLUvTNWUnew,https://mp.weixin.qq.com/s/eSEcfFlc15TWLUvTNWUnew,"计算机,人工智能,电子工程,数学,自动化,通信等相关专业",/,,,,
2026/07/14,宁波市气象局-宁波市气象灾害应急预警中心,事业单位,政府/机构/组织,人工智能气象应用研发岗\\大气科学、气象学、应用气象学、地球气候与环境（气象专业方向）、大气遥感与大气探测、水文气象学,宁波,2026-07-20,"2024, 2025, 2026届",博士,春招补招,宁波市气象局-宁波市气象灾害应急预警中心,https://rsj.ningbo.gov.cn/col/col1229676740/art/2026/art_14596c2f4ac54786adc770ca1d14316e.html,https://rsj.ningbo.gov.cn/col/col1229676740/art/2026/art_14596c2f4ac54786adc770ca1d14316e.html,"大气科学,气象学,应用气象学,地球气候与环境(气象专业方向),大气遥感与大气探测,水文气象学",/,,,,
2026/07/14,苏州农发创新资本,央国企,金融业,投资经理、电子信息类、机械工程类、材料工程类、化学工程类、医药化工类、生物工程类,苏州,2026-07-31,"2024, 2025, 2026届","硕士,博士",春招补招,苏州农发创新资本,https://jsgzw.jiangsu.gov.cn/art/2026/7/7/art_92289_11800955.html?scene=25&id=BFeKW&Esessionid=&click_id=3#wechat_redirect,http://zhaopin.szgzjg.com,电子信息类、机械工程类、材料工程类、化学工程类、医药化工类、生物工程类,有笔试,,,,
2026/07/14,天锐星通,民企,通信/电子/半导体,模拟IC设计工程师;射频IC设计工程师;天线工程师;射频工程师;硬件工程师;结构工程师;逻辑工程师;嵌入式工程师;测试方法研究工程师;AI agent工程师,"上海, 南京, 成都",尽快投递,2027届,"硕士,博士",秋招提前批,天锐星通招聘,https://mp.weixin.qq.com/s/Khv-TKnZzja05NwjIb3mDQ?scene=25&id=BFeKW&Esessionid=&click_id=3#wechat_redirect,https://t-ray.zhiye.com/campus/jobs,/,有笔试,,,,
2026/07/14,BrainCo-强脑科技,民企,通信/电子/半导体,机器人产品专家;产品设计师;工业设计师;应用工程师;AI体验工程师;产品工程师;UI设计师;机械硬件架构师;电机工程师;电子硬件工程师;工艺工程师;机械结构工程师;线芯工程师;测试工程师;嵌入式工程师;固件测试工程师;嵌入式驱动工程师;软件系统工程师;嵌入式软件开发工程师;具身智能算法专家;大模型/AI算法工程师;机器人算法工程师;遥控算法工程师;强化学习工程师,深圳,2026-12-31,2027届,"本科,硕士,博士","暑期实习, 秋招专场",BrainCo强脑科技,https://mp.weixin.qq.com/s/GbIJvVp-2T-yjHvrtCgTLQ,https://mp.weixin.qq.com/s/GbIJvVp-2T-yjHvrtCgTLQ,/,/,,,,
2026/07/13,点点互动,民企,IT/互联网/游戏,系统策划;数值策划;AI算法工程师;AI Agent工程师;全球广告投放;广告创意策划;客户端工程师;数据工程师,"上海, 北京, 广州, 深圳",2026-08-31,2027届,"本科,硕士,博士",秋招专场,点点互动游戏,https://mp.weixin.qq.com/s/ZmyeCOry1SmZ5kMe6bhtCg,https://ddhd.cn/4,/,有笔试,,,,
2026/07/13,江森自控-楼宇自控分销事业部,民企,机械/制造业,销售实习生（可转正）,"上海, 北京, 广州, 成都, 郑州",尽快投递,2027届,"本科,硕士,博士","实习, 暑期实习",江森自控贤才堂,https://mp.weixin.qq.com/s/isWV5yu0F5OsNx8j2OB1LA,https://mp.weixin.qq.com/s/isWV5yu0F5OsNx8j2OB1LA,暖通、电气自动化、计算机等相关专业,/,,,,
2026/07/13,乐读-广州分校,民企,教育/培训/科研,学科运营教师;高级竞赛教练,"上海, 北京, 广州, 杭州, 西安, 重庆",尽快投递,2027届,"本科,硕士,博士",秋招提前批,乐读招聘,https://mp.weixin.qq.com/s/_aBsH77kAPDf7Np6HTmVFA,https://mp.weixin.qq.com/s/_aBsH77kAPDf7Np6HTmVFA,部分岗位专业不限，数学/物理/化学方向优先,/,,,,
2026/07/13,润石科技,民企,通信/电子/半导体,模拟设计工程师（信号方向）;模拟设计工程师（电源方向）;数字设计工程师;AE工程师,"北京, 南京, 无锡",尽快投递,2027届,"本科,硕士,博士",秋招专场,润石科技,https://mp.weixin.qq.com/s/v6_W0yncUddZKDYnHISIBA,https://www.run-ic.com/list/68.html,/,/,,,,
2026/07/13,兆易创新,民企,通信/电子/半导体,模拟设计工程师 模拟电路设计工程师 电路设计工程师 射频模拟设计工程师 数字电路设计工程师 高速接口设计工程师 数字设计/验证工程师 逻辑设计/验证工程师 数字后端工程师 数字中端 (BES) 工程师 嵌入式硬件工程师 嵌入式软件工程师 产品器件工程师 嵌入式软件开发工程师 固件前端/后端开发工程师 芯片架构设计工程师 CAD工程师 器件工程师,"上海, 北京, 合肥, 成都, 武汉, 深圳, 珠海, 苏州, 西安",尽快投递,2027届,"本科,硕士,博士",秋招提前批,兆易创新招聘,https://mp.weixin.qq.com/s/FoWwHfRQandVyS6rQYsWrA,https://app.mokahr.com/campus-recruitment/gigadevice/92215?locale=zh-CN#/jobs?page=1&anchorName=jobsList,微电子、集成电路、电子信息、电子工程、材料、物理等理工科相关专业,有笔试,,,,
2026/07/13,字节跳动,民企,IT/互联网/游戏,AI产品经理,"上海, 北京, 深圳",2026-08-02,2027届,"本科,硕士,博士",秋招专场,字节跳动招聘,https://mp.weixin.qq.com/s/8ft_1LDXvw7Tqpbg0QWi_A,https://wj.toutiao.com/q/v2/7657509120173735979/975xOc70/4d7d/#/,/,/,,,,
2026/07/13,兴趣岛,民企,IT/互联网/游戏,AI产品实习生;多模态算法实习生;内容运营实习生;广告投放实习生;视频剪辑实习生;平面设计实习生;社群运营实习生;直播运营实习生(播音主持方向);中台支持实习生(人力/行政/法务/财务),广州,尽快投递,2027届,"本科,硕士,博士","实习, 暑期实习",兴趣岛招聘,https://mp.weixin.qq.com/s/92PhQ4hoWFKKqCqy5w_Ftw,https://xingqudao.zhiye.com/intern/jobs?memory=%7B%7D&amp;silence=1,/,/,,,,
2026/07/13,东风柳汽,央国企,机械/制造业,技术研发;市场营销;新媒体运营;工艺质量;人力行政;商务翻译,柳州,尽快投递,2027届,"本科,硕士,博士","实习, 暑期实习",魅力柳汽,https://mp.weixin.qq.com/s/rPAqY3aHJw_zd7ZyH1YYww,https://mp.weixin.qq.com/s/rPAqY3aHJw_zd7ZyH1YYww,/,/,,,,
2026/07/13,Advancy Asia,外企,咨询,初级咨询顾问;实习生,"上海, 新加坡",尽快投递,2027届,"本科,硕士,博士","实习, 暑期实习, 秋招专场",Advancy埃梵丝咨询,https://mp.weixin.qq.com/s/lb5DcxR29hum9uIL19sXEg,https://advancy.recruitee.com/,/,/,,,,
2026/07/12,圆通,民企,交通/物流/仓储,科技管培生国际管培生网管管培生营运管培生人资管培生财务管培生航空管培生,全国多地,尽快投递,2027届,"本科,硕士",秋招提前批,圆通,https://mp.weixin.qq.com/s/cPg4WJidXJfaGi51lQbIqA,https://mp.weixin.qq.com/s/cPg4WJidXJfaGi51lQbIqA,/,/,,,,
2026/07/12,卡尔动力,民企,汽车制造/维修/零配件,自动驾驶算法类工程类职能/运营类,"北京, 上海, 天津, 鄂尔多斯",尽快投递,2027届,"本科,硕士,博士",秋招提前批,卡尔动力,https://mp.weixin.qq.com/s/4b5S4VK35UKOW_97qgkiqw,https://kargobot.jobs.feishu.cn/267069,/,/,,,,
2026/07/12,长安银行,央国企,金融业,署期实习生岗位,西安,尽快投递,"2027届, 2028届, 2029届","本科,硕士,博士",暑期实习,长安银行,https://mp.weixin.qq.com/s/oxDYSiGYtrJ-_dBqjm9QGw,https://mp.weixin.qq.com/s/oxDYSiGYtrJ-_dBqjm9QGw,不限专业,/,,,,
2026/07/12,深德科,民企,IT/互联网/游戏,招聘管培生交付管培生HRBP管培生人事行政方向管培生JAVA开发管培生测试管培生 前端开发管培生,"深圳, 广州, 上海, 北京, 杭州, 成都, 南京, 武汉",尽快投递,2027届,"本科,硕士,博士","秋招专场, 实习",深德科,https://mp.weixin.qq.com/s/OaVZq3ABH8IOs22NAVbPXg,https://www.dekeinfo.com/zh-CN/pc/personRecruit?channel=gongzhonghao,计算机科学、软件工程、人力资源管理、会计学、市场营销、商务、心理学、财务、企业管理、社会学,/,,,,
2026/07/12,众擎机器人,民企,通信/电子/半导体,数据运营实习生 机器人开发者技术支持实习生 韩语销售岗 开源生态实习生 产品经理实习生 VLM算法实习生,深圳,尽快投递,2027届,"本科,硕士,博士",实习,众擎机器人,https://dx3a2bminsq.jobs.feishu.cn/934647/position/list,https://dx3a2bminsq.jobs.feishu.cn/934647/position/list,/,/,,,,
2026/07/12,广西农投集团,央国企,金融业,总部管培生;所属企业校招岗位,南宁,2026-07-19,"2025, 2026届","大专,本科,硕士,博士",春招补招,广西农村投资集团有限公司,https://mp.weixin.qq.com/s/Awv0y_BYXrcnDLXOFXbYtA,https://young.yingjiesheng.com/xyzlogin?ctmid=01a6caf9-4af3-4af0-b5d0-7f1dd1bde7eb&ehirejobid=&jumpurl=https://xyz.51job.com/External/Others/Login51.aspx?CtmID=01a6caf9-4af3-4af0-b5d0-7f1dd1bde7eb&prd=yddzy&prp=&cd=&cp=&r,/,/,,,,
2026/07/10,赫力昂,外企,医疗/医药/生物,销售先锋营计划：医学、药学、营养学、医疗技术、护理、中药学、市场营销等相关专业优先。,"上海, 中山, 乌鲁木齐, 佛山, 兰州, 北京, 南京, 合肥, 大连, 广州, 成都, 昆明, 杭州, 武汉, 深圳, 西安, 郑州, 重庆, 长沙, 青岛, 全国多地",尽快投递,2027届,"本科,硕士,博士",暑期实习,赫力昂,https://mp.weixin.qq.com/s/D664KM2LH6mFUAnERKKQgQ,https://mp.weixin.qq.com/s/D664KM2LH6mFUAnERKKQgQ,医学、药学、营养学、医疗技术、护理、中药学、市场营销相关专业优先,/,,,,
2026/07/10,南芯科技,民企,通信/电子/半导体,模拟IC设计工程师;数字IC设计工程师;数字验证工程师;数字后端工程师;硬件算法工程师;PDK工程师;器件开发工程师;光学设计工程师;EDA设计工程师;MEMS设计工程师;系统应用工程师;应用工程师;嵌入式软件工程师;算法工程师;产品工程师;生产测试维护工程师;失效分析工程师;封装工程师;封装仿真工程师;ATE测试开发工程师;良率工程师;生产计划专员;外延工艺工程师;供应商商务管培生;供应商质量工程师;客户质量工程师;质量体系工程师;可靠性分析工程师;质量管培生;现场应用工程师;技术销售工程师;销售管理专员;项目管理专员;战略运营专员;财务专员;采购专员;AI应用工程师,"上海, 北京, 南京, 成都, 杭州, 深圳, 珠海, 苏州, 西安",尽快投递,2027届,"本科,硕士,博士",秋招专场,南芯科技,https://mp.weixin.qq.com/s/YuEhQAMXIodLyuav0MiwVg,https://nanxin.zhiye.com/campus/jobs,/,/,,,,
2026/07/10,联发科技,民企,通信/电子/半导体,软件类;通信类;IC类,"上海, 北京, 合肥, 成都, 武汉, 深圳",尽快投递,2027届,"本科,硕士,博士",秋招提前批,加入联发科技,https://mp.weixin.qq.com/s/7PbNs1897a6QgmWoXYflEA,https://mediatek.zhiye.com/campus/jobs,"微电子,计算机,通信,软件,自动化等相关专业",有笔试,,,,
2026/07/10,虹软科技,民企,IT/互联网/游戏,图像处理算法工程师;AIGC算法工程师;计算机视觉算法工程师;视觉SLAM算法工程师;三维视觉算法工程师;智能驾驶控算法工程师;智能驾驶感知算法工程师;智能驾驶深度学习算法工程师;端到端自动驾驶算法工程师;具身智能(机器人)大脑算法工程师;具身智能(机器人)小脑算法工程师;具身智能(机器人)自主导航算法工程师;算法优化工程师;C/C++开发工程师;计算摄影产品经理;智能驾驶产品经理;智能座舱项目经理;ADAS项目经理;ADAS解决方案工程师,"上海, 南京, 台北, 吉林, 杭州, 深圳",2026-08-20,2027届,"本科,硕士,博士",秋招提前批,虹软科技招聘,https://mp.weixin.qq.com/s/soNYJJNGMAkhUxy37vd9xg,https://www.arcsoft.com.cn/job/JobList.html,/,/,,,,
2026/07/10,矽力杰,民企,通信/电子/半导体,模拟设计工程师;数字设计工程师;验证工程师;数字后端设计工程师;产品工程师;应用工程师;封装工程师;器件工程师;嵌入式开发工程师;AI算法工程师;测试工程师;可靠性工程师;版图工程师;现场应用工程师;销售工程师;质量工程师,"上海, 北京, 南京, 合肥, 广州, 成都, 杭州, 武汉, 深圳, 苏州, 西安, 青岛",尽快投递,2027届,"本科,硕士,博士",秋招专场,矽力杰招聘,https://mp.weixin.qq.com/s/mWitINflW-NJAjPlhagDVA,https://www.silergy.com/recruitment,/,有笔试,,,,
2026/07/10,南昌新东方,民企,教育/培训/科研,儿童素养教师;初中智慧学习教师;高中班课教师;高中个性化教师;课程规划师;线上运营专员;线下市场专员;启明星教师;启明星市场;启明星实习生,南昌,2026-09-30,2027届,"本科,硕士,博士","实习, 秋招提前批",南昌新东方招聘,https://mp.weixin.qq.com/s/IswP38-JvhABo-sMrnq4_A,https://pgwxwbkv.jsjform.com/f/PL444i,不限专业,/,,,,
2026/07/10,航天智能院,央国企,机械/制造业,智能系统总体设计岗;智能飞行器设计与控制岗;智能认知决策与大模型算法设计岗;智能探测感知设计岗;端侧人工智能设计岗;体系设计与评估岗;作战管理技术岗;数字孪生技术岗;大模型算法研发岗,北京,尽快投递,2027届,"硕士,博士",秋招专场,航天智能院,https://mp.weixin.qq.com/s/sWP9d22w2dsRSl-rF4DCHA,https://mp.weixin.qq.com/s/sWP9d22w2dsRSl-rF4DCHA,"人工智能类,计算机科学与技术类,航空宇航科学与技术类,电子科学与技术类,军事学类,仪器科学与技术类,电子信息类,控制科学与工程类,物理学类,自动化类,机械类",/,,,,
2026/07/10,中国兵器工业第二〇二研究所,事业单位,教育/培训/科研,机械结构设计;电气控制设计;伺服控制设计;智能算法开发;综合电子设计;火控系统设计;无人系统设计;系统工程设计;导航算法开发;特种电源设计;软件开发;模拟训练系统设计;软件测评;先进测试技术开发;内弹道设计;网络信息安全设计;系统动力学与软件开发,咸阳,2026-07-20,2027届,"硕士,博士","实习, 暑期实习",兵器二0二所HR,https://mp.weixin.qq.com/s/FVLBuT8Egi_GTD2i5TrBNg,https://mp.weixin.qq.com/s/FVLBuT8Egi_GTD2i5TrBNg,控制科学与工程;电气工程;软件工程;电子科学与技术;计算机科学与技术;人工智能;机械工程;兵器科学与技术;航空宇航科学与技术;力学;仪器科学与技术;应用数学;动力工程及工程热物理,/,,,,
2026/07/10,汇川技术,民企,机械/制造业,技术类;技能类;营销类;供应链管理类;质量类;其他职能类,"上海, 北京, 南京, 岳阳, 常州, 武汉, 济南, 深圳, 苏州, 西安, 海外",尽快投递,2027届,"本科,硕士,博士",秋招专场,汇川技术招聘,https://mp.weixin.qq.com/s/jap73OVFIBt2ysvw7-vLqA,https://recruit.inovance.com/#/campus/jobs,/,/,,,,
2026/07/10,长发小寨,民企,贸易/批发/零售,AI管培生,广州,尽快投递,2027届,"本科,硕士,博士",秋招提前批,长发小寨,https://mp.weixin.qq.com/s/AcOSvCv8pVo6Ce_uBcN_fw,https://mp.weixin.qq.com/s/AcOSvCv8pVo6Ce_uBcN_fw,/,/,,,,
2026/07/10,中国农发集团,央国企,农林牧渔,集团总部党委巡视办专业技术岗位,北京,2026-07-15,不限届,"本科,硕士,博士",社招,国聘,https://mp.weixin.qq.com/s/HGmkeg4J1hFU5U7E3jQ51g,https://www.iguopin.com/company/jobs?id=10685317476212826,/,/,,,,
2026/07/10,中国外贸信托,央国企,金融业,金融科技岗、固定收益岗、证券信托岗、投资管理岗、家族财富岗,北京,尽快投递,"2026届, 2027届","硕士,博士",暑期实习,中国外贸信托,https://mp.weixin.qq.com/s/G3MIF2djDjwjA7J7msmx8w,https://mp.weixin.qq.com/s/G3MIF2djDjwjA7J7msmx8w?scene=1&click_id=2029085274,/,/,,,,
2026/07/10,卓纬律师事务所,民企,咨询,资本市场律师、国际贸易与合规律师助理、公司业务部律师、公司业务部实习生、资本市场部实习生、争议解决部实习生、竞争与反垄断部实习生,"北京, 深圳, 上海, 浦东, 东城, 南山",尽快投递,2027届,"硕士,博士",实习,卓纬律师事务所,https://mp.weixin.qq.com/s/vLGIIViT5rlCG3KuNIm_0w,邮箱：hr@chancebridge.com,法学,/,,,,
2026/07/10,安恒信息,民企,IT/互联网/游戏,"网络安全研究与开发实习、Go开发实习、C/C++开发实习、Java开发实习、Python开发实习、数据分析实习、隐私计算方向博士实习、自动化渗透测试方向博士实习、AI算法与工程化方向

数据安全方向

AI安全方向","成都, 杭州",尽快投递,2027届,"本科,硕士,博士",实习,安恒信息,https://mp.weixin.qq.com/s/_pfebdZnEYbNWtfUmzbmFQ,https://mp.weixin.qq.com/s/_pfebdZnEYbNWtfUmzbmFQ,/,/,,,,
2026/07/10,北京新东方,民企,教育/培训/科研,教学培训生(实习转正答辩通过可提前锁定教师offer),北京,尽快投递,2027届,"本科,硕士,博士",实习,北京新东方,https://mp.weixin.qq.com/s/Ccehj_URC8FQVAuq0y_Lfg,https://mp.weixin.qq.com/s/Ccehj_URC8FQVAuq0y_Lfg,/,/,,,,
2026/07/10,歌尔股份,民企,机械/制造业,海外留学生暑期OpenDay,青岛,尽快投递,"2027届, 2028届","本科,硕士,博士",暑期实习,歌尔股份,https://mp.weixin.qq.com/s/XCEjtI4HXmOng3Y6bQCXuw,https://mp.weixin.qq.com/s/XCEjtI4HXmOng3Y6bQCXuw,/,/,,,,
2026/07/10,国际清洁交通委员会,事业单位,交通/物流/仓储,传播实习生、重型车项目实习生、电动汽车充电基础设施实习生、电动汽车项目实习生,北京,尽快投递,"2027届, 2028届, 2029届","本科,硕士,博士",实习,国际清洁交通委员会,https://mp.weixin.qq.com/s/QfD4OpQwf5I9orhegB6vpA,https://icct.bamboohr.com/careers/386,/,/,,,,
2026/07/10,快手,民企,IT/互联网/游戏,校园大使,全国多地,2026-07-31,2027届,"本科,硕士,博士",秋招专场,快手,https://mp.weixin.qq.com/s/S6Z6WwzI58EjqfEe6E-vDg,https://v.wjx.cn/vm/mKNsDKq.aspx,/,/,,,,
2026/07/10,梅赛德斯-奔驰,外企,机械/制造业,传感器在线标定算法实习生、智能座舱AI智能开发实习生、车型管理实习生、信息安全实习生、战略与人工智能实习生、技术项目管理实习生、ML企业应用软件实习生、AI&数据产品实习生、人力数据分析与AI赋能实习生、座舱娱乐系统项目硬件工程师实习生、汽车数字钥匙系统及前瞻工程师实习生、汽车市场分析与战略实习生、汽车外饰零件竞品分析实习生、行泊一体智驾系统实习生、驾驶辅助系统研发实习生、研发测试运营数字化管理实习生、采购供应商市场格局分析与AI数据分析实习生、企业房地产空间规划与项目支持实习生,北京,2026-07-12,"2027届, 2028届, 2029届","本科,硕士,博士",实习,梅赛德斯-奔驰,https://mp.weixin.qq.com/s/DygPg6QOIwTp9elS0gGi5g,"https://career.mercedes-benz.com.cn/mobile-web-more-jobs/13687/?wechatShare=1&aj_source=wechat_mb&aj_code=wechatarticle_20260709#page=1&page_size=10&keywords=&type=&ji=0&jt=0&js=&jwt=&rt=&city=&region=&area=&refj=&jtitle=&order_by=&experience_required=&jid=209852,211742,210433,212476,212497,211713,211395,211114,209891,212542,212176,210798,208581,211743,210197,207524,212614,212613",/,/,,,,
2026/07/10,企鹅兰登,外企,文化/传媒/广告/体育,新媒体运营实习生,北京,2026-07-20,2027届,"本科,硕士,博士",实习,企鹅兰登,https://mp.weixin.qq.com/s/ziyzAluUqpnkDKxXZiZ7UA,邮箱：mowang@penguinrandomhouse.cn.com,/,/,,,,
2026/07/10,淘宝闪购,民企,IT/互联网/游戏,校园大使(校园使者、人才推荐官、活动策划王、品牌推广官),全国多地,尽快投递,"2027届, 2028届, 2029届","本科,硕士,博士",秋招专场,淘宝闪购,https://mp.weixin.qq.com/s/RQtt9RvTkXTLg1J6zh_F9Q,邮箱：tbshangou-campus@alibaba-inc.com,/,/,,,,
2026/07/10,中国经济时报社,事业单位,文化/传媒/广告/体育,网络新闻实习生,北京,2026-07-15,"2026届, 2027届, 2028届, 2029届","本科,硕士,博士",实习,中国经济时报社,https://mp.weixin.qq.com/s/kZuYaV9tYlqJAFuN_jUFFA,邮箱：cetadmin3505@163.com,/,/,,,,
2026/07/09,百度,民企,IT/互联网/游戏,技术类;产品类;政企类;销售类;综合类,"上海, 保定, 北京, 南京, 大连, 广州, 成都, 杭州, 深圳, 苏州, 郑州",尽快投递,2027届,"本科,硕士,博士",秋招专场,百度招聘,https://mp.weixin.qq.com/s/fbmVnLXbD3UVMQ86VQC1FQ,https://talent.baidu.com/jobs/list?recruitType=GRADUATE,/,有笔试,,,,
2026/07/09,超聚变,民企,通信/电子/半导体,超聚变2027届校招OPEN DAY,郑州,2026-07-24,2027届,"本科,硕士,博士",秋招提前批,超聚变,https://mp.weixin.qq.com/s/zwNCI5_4ZLT-4M0IEnPJaQ,https://form.xfusion.com/cn/get-information/open-day-2,/,/,,,,
2026/07/09,中兴微电子,其他,通信/电子/半导体,IC设计;IC验证;IC后端;IC封测与可靠性;算法;软件;硬件;IC版图;IC技术支撑,"上海, 北京, 南京, 成都, 武汉, 深圳, 西安, 长沙",尽快投递,2027届,"本科,硕士,博士",秋招专场,中兴通讯招聘,https://mp.weixin.qq.com/s/SbEMYrE20nSvHWZ36AGxjQ?scene=1,https://app.mokahr.com/campus-recruitment/sanechips/102705?locale=zh-CN#/,"微电子,电子信息,计算机及相关专业",有笔试,,,,
2026/07/09,超聚变(实习),民企,通信/电子/半导体,销售经理实习生;产品与解决方案销售经理实习生;智能稽查实习生;硬件开发工程师（实习生）;运维工程师（办公软件方向）（实习生）;FDE前端实施工程师（实习生）;人力助理（实习生）,"上海, 东莞, 北京, 合肥, 广州, 深圳, 西安, 郑州",尽快投递,2027届,"本科,硕士,博士","实习, 暑期实习",超聚变,https://career.xfusion.com/OfficialPortal/?sessionid=#/traineeList,https://career.xfusion.com/OfficialPortal/?sessionid=#/traineeList,/,/,,,,
2026/07/09,温氏股份,民企,农林牧渔,实习生岗位，动物医学、动物科学专业优先,"博尔塔拉蒙古自治州, 吉林, 天津, 重庆, 全国多地",2026-08-31,2027届,"本科,硕士,博士","实习, 暑期实习",温氏股份招聘,https://mp.weixin.qq.com/s/qwEOCOG4-xKaMSgu6lSo9g?scene=25&id=BFeKW&Esessionid=&click_id=3#wechat_redirect,https://mp.weixin.qq.com/s/qwEOCOG4-xKaMSgu6lSo9g,"动物医学,动物科学",/,,,,
2026/07/09,睿励科学,民企,通信/电子/半导体,系统工程师;算法应用工程师;算法工程师;理工科博士;技术支持工程师,上海,尽快投递,2027届,"本科,硕士,博士",秋招专场,RSIC睿励招聘,https://mp.weixin.qq.com/s/n_rX4Iq3jVcmAbyVjiRxHw,https://app.mokahr.com/campus-recruitment/ruili/43376#/jobs,数学、物理、光学、微电子、精密仪器、材料、电子工程、自动化、信号与系统等理工科相关专业,/,,,,
2026/07/09,北方华创,央国企,通信/电子/半导体,电气工程师 软件工程师 机械工程师 半导体工艺工程师 射频工程师 光学工程师 系统工程师 销售工程师 软件测试工程师 博士专项岗位,"上海, 北京, 厦门, 合肥, 广州, 武汉, 深圳, 苏州, 西安",尽快投递,2027届,"本科,硕士,博士",秋招提前批,北方华创招聘,https://mp.weixin.qq.com/s/fbpIIY4eoRNHVPiTN920Ng,https://career.naura.com/campus/jobs?memory={}&silence=1,/,/,,,,
2026/07/09,中国兵器二〇六所,央国企,机械/制造业,雷达总体设计师;电子对抗系统设计师;信号与信息处理设计师;AI架构/算法设计师;总体结构设计师;通信信号处理架构设计师;微波量子/光子设计师;大功率微波总体/防护技术设计师;芯片设计师;数字电路设计师;微波电路设计师;阵列前端设计师;伺服控制设计师;供配电线路设计师;智能制造工程师,西安,尽快投递,"2026, 2027届","硕士,博士",秋招专场,西安航天基地科创人才,https://mp.weixin.qq.com/s/rbDL1CENfnH0lI_kWQDWKw,https://xadzgc.zhiye.com/campus/jobs,电子信息类相关专业，人工智能与控制类相关专业,/,,,,
2026/07/09,中电福富,央国企,IT/互联网/游戏,AI架构师;AI测试架构师;本体建模工程师;AI需求分析设计师;AI应用开发工程师;系统架构师(BSS-计费/CRM);高级C++开发工程师;高级数据标注架构师;中高级JAVA开发工程师;大数据开发工程师;产品经理;高级项目经理;高级运维工程师(BSS-CRM),"上海, 北京, 厦门, 福州, 长沙",尽快投递,不限届,"本科,硕士,博士",社招,福富公司招聘,https://mp.weixin.qq.com/s/Re9Fak__ZyhxtL0iHgBIuQ?scene=25&id=BFeKW&Esessionid=&click_id=3#wechat_redirect,https://www.ffcs.cn/recruitment/frontend-client/index.html#/resumer-list?rid=1,/,/,,,,
2026/07/09,中国农发集团,央国企,农林牧渔,集团总部党委巡视办专业技术岗位,北京,2026-07-15,不限届,"本科,硕士,博士",社招,国聘,https://mp.weixin.qq.com/s/HGmkeg4J1hFU5U7E3jQ51g,https://www.iguopin.com/company/jobs?id=10685317476212826,/,/,,,,
2026/07/09,中国电科29所,央国企,通信/电子/半导体,电子与通信类岗位;计算机与软件类岗位;控制与仪器类岗位;机械与工程类岗位;其他类岗位,成都,尽快投递,2026届,"本科,硕士,博士",秋招专场,中国电科,https://mp.weixin.qq.com/s/u_M-zKLCBsJvNPxEbZNzsw,https://campus.51job.com/cetc29,"电子与通信类:电子科学与技术,信息与通信工程,集成电路科学与工程等;计算机与软件类:计算机科学与技术,软件工程,网络空间安全等;控制与仪器类:控制科学与工程,仪器科学与技术等;机械与工程类:机械工程,动力工程及工程热物理,航空宇航科学与技术等;其他类:数学,化学,物理学,力学,光学工程,材料科学与工程等",有笔试,,,,
2026/07/09,伽利略,民企,智能硬件,运控算法工程师;具身智能算法工程师;导航算法工程师;结构工程师;全球销售及其他岗位,天津,尽快投递,2027届,"本科,硕士,博士",秋招专场,伽利略Galileo,https://mp.weixin.qq.com/s/FIpt6QfCWum8QAINurY3zA,https://mp.weixin.qq.com/s/FIpt6QfCWum8QAINurY3zA,/,/,,,,
2026/07/08,中电福富,央国企,IT/互联网/游戏,AI应用开发工程师;JAVA开发工程师;云集成工程师;智能化交付工程师,福州,尽快投递,2026届,"本科,硕士,博士",春招补招,福富公司招聘,https://mp.weixin.qq.com/s/i2Dw_oF5y5yf5dA2Zk46Qg,https://www.ffcs.cn/recruitment/frontend-client/index.html#/resumer-list?rid=2,/,/,,,,
2026/07/08,中国邮政储蓄银行-甘肃省分行,央国企,金融业,经营管理实习生,"临夏回族自治州, 兰州, 嘉峪关, 天水, 定西, 平凉, 庆阳, 张掖, 武威, 甘南藏族自治州, 白银, 酒泉, 金昌, 陇南",2026-07-14,2027届,"本科,硕士,博士",暑期实习,兰大就业,https://mp.weixin.qq.com/s/m_c_KCKfG6Ow-l4pasqxbw,https://psbcgssx.zhaopin.com/job/index.html,金融、经济、数理统计、财务会计、法律、管理、信息技术等相关专业,/,,,,
2026/07/08,河源联禾能源,央国企,能源/化工/环保,电力生产大类;经营管理类,河源,2026-07-17,2026届,"本科,硕士,博士",春招专场,联禾能源,https://mp.weixin.qq.com/s/qwbw1HWfO459YjQ5h4cyyQ,https://hylh2026xiaoyuan.zhaopin.com/jobs/index.html,/,有笔试,,,,
2026/07/08,中国建研院,央国企,房地产业/建筑业,"科研技术岗，电气设计，暖通设计，给排水设计，建筑设计，结构设计，建筑方案设计，方案设计，可持续咨询助理，结构及抗震试验，技术服务，市场推广，智能建造，城市体检，综合研究助理，气候住宅公园研究助理，可持续建筑，好房子与住宅声学研究，人力资源管理岗，会计岗，党务管理岗，施工员，业务助理（设计员）, 普通作业人员，规划设计，室内设计，景观设计，检测技术岗，产品设计，绿色低碳咨询，建筑科研岗，建筑设计助理","上海, 北京, 海口, 石家庄, 青岛",尽快投递,2027届,"本科,硕士,博士","实习, 暑期实习",中国建研院,https://mp.weixin.qq.com/s/KxmoHn8i65CSuN_71f7VtA,http://hr.cabr.com.cn:28895/zp.html#/channel/05,/,/,,,,
2026/07/08,腾盾科创,民企,智能硬件,机务实习岗;站务实习岗;人力资源实习岗;采购实习岗;生产操作实习岗;工艺实习岗;指控系统设计实习岗;会计实习岗;综合保障设计实习岗;无人机控制律实习岗;集群飞行器硬件集成调试实习岗,"成都, 自贡, 达州",尽快投递,2027届,"本科,硕士,博士","实习, 暑期实习",四川腾盾科创,https://mp.weixin.qq.com/s/eiMb79qttL-CZkf6lKXRYA,https://mp.weixin.qq.com/s/eiMb79qttL-CZkf6lKXRYA,"飞行器设计,机械工程,工程力学,通信工程,航空宇航科学与技术,信息技术,人工智能,自动化,计算机科学与技术",/,,,,
2026/07/08,航空工业雷达所,央国企,机械/制造业,信息与通信工程类、控制科学与工程类、电子科学与技术类、计算机科学与技术类、适航类、电气工程类、机械工程类等,无锡,2026-07-20,2027届,"硕士,博士",暑期实习,航空工业雷达所,https://mp.weixin.qq.com/s/8BAqRBp_uaTsJGHg3Z3k9w,https://mp.weixin.qq.com/s/8BAqRBp_uaTsJGHg3Z3k9w,信息与通信工程类、控制科学与工程类、电子科学与技术类、计算机科学与技术类、适航类、电气工程类、机械工程类等,/,,,,
2026/07/08,广东华润银行,央国企,金融业,分行中后台业务实习生;分行前台业务实习生;分行营销业务实习生;分行运营服务实习生,"东莞, 中山, 佛山, 广州, 惠州, 江门, 深圳, 珠海, 肇庆",尽快投递,2027届,"本科,硕士,博士","实习, 暑期实习",华润银行微讯,https://mp.weixin.qq.com/s/9lqcnrGbtPv-EimdLf4wyg,https://wecruit.hotjob.cn/SU638d61cd0dcad444a273670c/pb/interns.html,科学、工程、数学、金融、经济、财会、市场营销、管理学相关专业优先,有笔试,,,,
2026/07/08,贝恩公司,外企,财务/审计/税务,全职助理顾问;全职顾问;助理顾问实习生;暑期实习生,"上海, 北京, 香港",尽快投递,2027届,"本科,硕士,博士","暑期实习, 秋招专场, 社招",贝恩公司,https://mp.weixin.qq.com/s/b-_mqKRyCYPflnNIHQjVvA,https://mp.weixin.qq.com/s/b-_mqKRyCYPflnNIHQjVvA,/,/,,,,
2026/07/08,库犸科技,民企,智能硬件,结构工程师;硬件工程师;嵌入式工程师;传感器设计工程师;GNSS算法工程师;电机驱动软件工程师;测试工程师;感知算法工程师;标定算法工程师;SLAM算法工程师;规划算法工程师;电机结构工程师;具身智能算法工程师,"东莞, 成都, 深圳",2026-07-31,2027届,"本科,硕士,博士",秋招提前批,Mammotion库犸招聘,https://mp.weixin.qq.com/s/xTyEGJFFX-evTC32EMA_Lw,https://mammotion.jobs.feishu.cn/campus_recruitment/position/list?project=7611843487977654537&spread=DN78X6K,/,/,,,,
2026/07/08,欧莱雅中国,外企,快速消费品,科技青年咖入营：皮肤科学赛道、北亚运营赛道、研发创新赛道；,上海,尽快投递,2027届,"本科,硕士,博士","实习, 暑期实习",欧莱雅校园招聘,https://mp.weixin.qq.com/s/0YLAYyVJDSmIYroVoTfrhQ,https://u.hrtps.com/r/dpKbWPcuw,/,/,,,,
2026/07/08,攀枝花农商银行,其他,金融业,市行部门实习岗;支行网点实习岗,攀枝花,2026-07-10,2027届,"本科,硕士,博士",暑期实习,攀枝花农商行,https://mp.weixin.qq.com/s/-dVHC_MSfLyGCeKbls3pHg,https://mp.weixin.qq.com/s/-dVHC_MSfLyGCeKbls3pHg,/,/,,,,
2026/07/07,顺络电子,民企,通信/电子/半导体,生产管理工程师;质量工程师,深圳,尽快投递,2026届,"本科, 硕士, 博士",春招补招,顺络招聘,https://mp.weixin.qq.com/s/SS0D9MOqcFkV0Y_dxV_EBw,https://app.mokahr.com/social-recruitment/sunlord/172153?locale=zh-CN#/,"工业工程,材料化学",/,,,,
2026/07/07,宝时得,合资,机械/制造业,集团管培生;海外市场;算法研发岗;软件研发岗;质量技术岗,苏州,尽快投递,2027届,"本科, 硕士, 博士","实习, 暑期实习",宝时得HR,https://mp.weixin.qq.com/s/963ZfBd_oorBehgAkGSoAw,https://wecruit.hotjob.cn/SU64ae431b2f9d24760adab44f/mc/position/intern,/,有笔试,,,,
2026/07/07,启航物联,民企,交通/物流/仓储,财务会计;汽运专员（梧州）;内贸销售专员;外贸外勤专员,"广州, 梧州",尽快投递,2026届,"本科, 硕士, 博士",秋招专场,启航物联集团,https://mp.weixin.qq.com/s/Qz5CIrPPpn1JsKiUkGxDvQ,https://mp.weixin.qq.com/s/Qz5CIrPPpn1JsKiUkGxDvQ,/,/,,,,
2026/07/07,阶跃星辰,民企,IT/互联网/游戏,大语言模型;多模态;Agent;语音;端侧;Infra,"上海, 北京",尽快投递,2027届,"本科, 硕士, 博士","暑期实习, 秋招专场",阶跃星辰,https://mp.weixin.qq.com/s/AEFCx_Up_NTxigtC2XAo2A,https://app.mokahr.com/campus-recruitment/step/141903#/jobs?keyword=27%E5%B1%8AStepstar&page=1&anchorName=jobsList,/,/,,,,
2026/07/07,希奥端,民企,通信/电子/半导体,算法架构工程师;芯片设计/验证工程师;软件开发/测试工程师;硬件开发/测试工程师;芯片销售工程师,"北京, 南京, 天津, 成都, 杭州, 深圳",尽快投递,2027届,"本科, 硕士, 博士",秋招专场,希奥端招聘,https://mp.weixin.qq.com/s/FQhy4YH6XX_BXQwNghCHiQ,https://mp.weixin.qq.com/s/FQhy4YH6XX_BXQwNghCHiQ,/,有笔试,,,,
2026/07/07,海天集团,民企,机械/制造业,机械类 电气类 自动化类 财务类专业,"佛山, 宁波, 广州, 海外",尽快投递,2027届,"本科, 硕士, 博士",秋招专场,海天招聘,https://mp.weixin.qq.com/s/CeilGC0h5l9v8L8CpMn9lg,https://haitian.zhiye.com/5/detail?jobAdId=aa2088b8-00fd-46b4-8ef4-8f42f09cdfa0,"机械类,电气类,自动化类",有笔试,,,,
2026/07/07,途途课堂,民企,教育/培训/科研,二讲老师;学习顾问,"成都, 武汉, 西安, 郑州",尽快投递,2027届,"本科, 硕士, 博士",秋招提前批,途个offer,https://mp.weixin.qq.com/s/d0GjLlLAMY8kt18Dq0ybOQ,https://jsj.top/f/Vj2AGC?sessionid=,/,有笔试,,,,
2026/07/07,德之馨,外企,快速消费品,技术研发;供应链;销售市场,上海,尽快投递,2027届,"本科, 硕士, 博士","实习, 暑期实习",德之馨风味营养与健康,https://mp.weixin.qq.com/s/DRg6OQP0QLRqHWJEVACO3A,https://mp.weixin.qq.com/s/DRg6OQP0QLRqHWJEVACO3A,"香精香料相关专业,食品科学与工程,化学相关专业,供应链管理,市场营销,商科相关专业",/,,,,
2026/07/07,杰华特,民企,通信/电子/半导体,模拟IC设计工程师;系统工程师;AI工程师;数字IC设计工程师(前端);数字IC验证工程师;数字后端工程师;应用工程师;功能安全工程师;数模混合验证工程师;器件工程师;模型工程师;PDK工程师;封装设计工程师;产品工程师;失效分析工程师;良率提升工程师;测试开发工程师;版图设计助理工程师;应用助理工程师;产品助理工程师;失效分析助理工程师;良率提升助理工程师;测试开发助理工程师;量产测试助理工程师;可靠性助理工程师;客户质量助理工程师;设备助理工程师;NPI助理工程师;现场应用工程师;销售工程师,"上海, 南京, 厦门, 成都, 杭州, 深圳, 珠海, 西安",尽快投递,2027届,"本科, 硕士, 博士",秋招专场,杰华特招聘,https://mp.weixin.qq.com/s/S2rB6GhNhuJpWAeikFU2HA,https://joulwatt.zhiye.com/campus/jobs,硕博：微电子学与固体电子学、集成电路工程、电力电子与电力传动、电气工程、电子科学与技术、控制工程、电子封装、计算机（人工智能、机器学习）等相关专业；本科：电子、电气类相关专业,有笔试,,,,
2026/07/07,腾讯-混元,民企,IT/互联网/游戏,招聘方向：Ai infra、大语言模型、AI Data、多模态模型；,"上海, 北京, 深圳",尽快投递,"2026, 2027届","本科, 硕士, 博士",秋招专场,腾讯招聘,https://mp.weixin.qq.com/s/JR6IL2WKfX-rK8UULJ1Hkg,https://mp.weixin.qq.com/s/JR6IL2WKfX-rK8UULJ1Hkg,/,/,,,,
2026/07/07,SharkNinja,外企,耐用消费品,供应链实习生 工业设计实习生 研发实习生；,深圳,尽快投递,2027届,"本科, 硕士, 博士","实习, 暑期实习",SharkNinja招聘,https://mp.weixin.qq.com/s/6e51zEl8IKNpGk-8VWcY5w,https://mp.weixin.qq.com/s/6e51zEl8IKNpGk-8VWcY5w,/,/,,,,
2026/07/07,罗兰贝格,外企,财务/审计/税务,罗兰贝格2026秋季PTA项目,"上海, 北京, 台北, 广州, 香港",2026-07-13,2027届,"本科, 硕士, 博士","实习, 秋招专场",罗兰贝格管理咨询,https://mp.weixin.qq.com/mp/wappoc_appmsgcaptcha?poc_token=HFgfTWqjoe_lGDr3AhHuZiOM-yY5hYo5gIAjVKyw&target_url=https%3A%2F%2Fmp.weixin.qq.com%2Fs%2FD_h4wgXLzauDFfO4iYOwYg,https://jobs.smartrecruiters.com/ni/RolandBerger/aa97e7f7-4c24-44f6-9c03-cef522c4b718-pta-program-2026-h2?sessionid=,专业不限,/,,,,
2026/07/07,博纳能环,民企,能源/化工/环保,技术服务工程师、工艺工程师、机械工程师、电气工程师\\化学工程与工艺、应用化学、能源与动力工程、环境工程、环境科学、冶金工程、石油工程、电气工程及其自动化、电气工程与智能控制、电力系统及其自动化、自动...,南京,尽快投递,2026届,"本科, 硕士, 博士",春招补招,博纳能环,https://mp.weixin.qq.com/s/2dqGwDtrWriNWLyaArj0wg,https://rd6.zhaopin.com/app/job,"工艺技术类：化学工程与工艺,应用化学,能源与动力工程,环境工程,环境科学,冶金工程,石油工程；电气仪表类：电气工程及其自动化,电气工程,智能控制,电力系统及其自动化,自动化,测控技术与仪器,工业自动化仪表；机械装备类：机械设计制造及其自动化,材料成型及控制工程,过程装备与控制工程,机械电子工程,智能制造工程",/,,,,
2026/07/07,菲婷丝,外企,快速消费品,药事(RA);供应商品质管理(SQ);消费者洞察(CMI);电商运营(EC sales),上海,尽快投递,2027届,"本科, 硕士, 博士","实习, 暑期实习",上科大学生生涯与就业指导中心,https://mp.weixin.qq.com/s/9_r7WARLTCZMrqzXXDh4ew,https://mp.weixin.qq.com/s/9_r7WARLTCZMrqzXXDh4ew,/,/,,,,
2026/07/07,中国能建江苏院,央国企,房地产业/建筑业,暑期实习生\\海洋能源工程、氢能科学与工程、新型储能技术、储能科学与工程、电气工程、电力系统及其自动化、高电压与绝缘技术、电力电子、结构工程、岩土工程、测绘工程、水文与水资源、热能与动力工程、动力工程...,南京,2026-07-15,2027届,"本科, 硕士, 博士",暑期实习,江苏省电力设计院,https://mp.weixin.qq.com/s/5m8OUTTiB28_kYt5mDGNzA,https://mp.weixin.qq.com/s/5m8OUTTiB28_kYt5mDGNzA,海洋能源工程、氢能科学与工程、新型储能技术、储能科学与工程、电气工程、电力系统及其自动化、高电压与绝缘技术、电力电子、结构工程、岩土工程、测绘工程、水文与水资源、热能与动力工程、动力工程及工程热物理、技术经济及管理、工业工程、造价管理,/,,,,
2026/07/07,安贤投资,民企,金融业,"投资经理,量化研究员,机器学习研究员,量化开发工程师,AGENT HARNESS 研究工程师","上海, 北京, 海外",尽快投递,2027届,"本科, 硕士, 博士",暑期实习,AXQ安贤投资,https://mp.weixin.qq.com/s/hjKf1L5ppeOL5Iy5JDn5Mw,https://job-boards.greenhouse.io/axq,/,/,,,,
2026/07/07,郑州商品交易所,央国企,金融业,经济金融、会计、法律、数学统计、计算机、能源化工、交通运输,郑州,2026-07-20,2027届,"硕士, 博士",暑期实习,郑商所发布,https://mp.weixin.qq.com/s/yFHRMdapc_GtluIzfQW7eg,https://xyz.51job.com/External/Apply.aspx?CtmID=8108967,经济金融、会计、法律、数学统计、计算机、能源化工、交通运输等相关专业,/,,,,
2026/07/07,天津市轻工业设计院,央国企,房地产业/建筑业,党群工作部干事,天津,2026-07-10,"2024, 2025, 2026届","本科, 硕士, 博士",春招补招,活力渤轻,https://mp.weixin.qq.com/s/yYifTEVP0ePWL2gqo3qM0Q,https://mp.weixin.qq.com/s/yYifTEVP0ePWL2gqo3qM0Q,"思政,中文,历史学,哲学,新闻,行政管理等相关专业",有笔试,,,,
2026/07/07,滔搏,民企,快速消费品,用户运营实习生;市场营销实习生;商品实习生;直播运营实习生,上海,尽快投递,2027届,"本科, 硕士, 博士","实习, 暑期实习",TOPSPORTS滔搏加入我们,https://mp.weixin.qq.com/s/fREQ6iSwA3u6Jeaw_OYu2g,https://mp.weixin.qq.com/s/fREQ6iSwA3u6Jeaw_OYu2g,不限专业,/,,,,
2026/07/07,谱星航天,民企,机械/制造业,电源系统设计师;通信系统设计师;硬件系统设计师;嵌入式软件设计师;姿轨控设计师;结构机构设计师;光机结构设计师;热控系统设计师;逻辑软件设计师;光学系统设计师;应用软件设计师;综合测试工程师;环境试验工程师;光机装调工艺师;热控工艺师;电装工艺师;遥感大模型算法工程师;多模态大模型算法工程师;计算机视觉算法工程师;深度学习算法工程师;AI算法实习生,"上海, 长春",尽快投递,2027届,"本科, 硕士, 博士","实习, 秋招专场",谱星航天,https://mp.weixin.qq.com/s/-BRmNfK_w_HPId-jdndPGg,https://mp.weixin.qq.com/s/-BRmNfK_w_HPId-jdndPGg,长春谱星空间技术有限公司需求：航空宇航科学与技术、控制科学与工程、信息与通信工程、电子科学与技术、电气工程、计算机科学与技术、软件工程、机械工程、光学工程、仪器科学与技术、动力工程及工程热物理、力学、材料科学与工程、测绘科学与技术；上海谱星智能科技有限公司需求：计算机、人工智能、遥感科学与技术、测绘工程/GIS、电子信息、应用数学,/,,,,
2026/07/07,仲信国际融资租赁,民企,金融业,"金融营销管培生,征信专员\\金融、投资、财务、管理","上海, 东莞, 南京, 厦门, 宁波, 武汉, 深圳, 苏州, 长沙",尽快投递,"2026, 2027届","本科, 硕士, 博士",秋招专场,仲信国际融资租赁,https://mp.weixin.qq.com/s/lPZpuQFAmVRktMYkSK7FYQ,https://mp.weixin.qq.com/s/lPZpuQFAmVRktMYkSK7FYQ,金融、投资、财务、管理类专业,/,,,,
2026/07/07,广州质量检验研究院,事业单位,检测/认证,"检验辅助岗,业务辅助岗\\物理、化学、生物、电子电气、专业不限",广州,尽快投递,"2027, 2028届","本科, 硕士, 博士","实习, 暑期实习",广州质检院,https://mp.weixin.qq.com/s/40d_4KySVhZstYom6_GDgA,https://mp.weixin.qq.com/s/40d_4KySVhZstYom6_GDgA,"检验辅助岗相关专业优先,业务辅助岗专业不限",/,,,,
2026/07/07,上海世博展览馆,央国企,商务服务业,"运营实习生,文创商店实习生,活动执行实习生\\专业不限、会展、营销、活动策划",上海,尽快投递,2027届,"大专, 本科, 硕士, 博士","实习, 暑期实习",上海世博展览馆SWEECC,https://mp.weixin.qq.com/s/ikQ4-iXUCFV5hUIySl_QkA,https://mp.weixin.qq.com/s/ikQ4-iXUCFV5hUIySl_QkA,"专业不限,会展、营销、活动策划相关专业优先",/,,,,
2026/07/07,上海出版印刷高专,事业单位,教育/培训/科研,思政辅导员,上海,2026-07-10,2026届,"本科, 硕士, 博士",春招补招,上海出版印刷高专,https://rsj.sh.gov.cn/tzpgg_17408/20260702/t0035_1441999.html,https://zhaopin.sppc.edu.cn,/,有笔试,,,,
2026/07/07,华南师范大学-计算机学院,事业单位,教育/培训/科研,行政教辅岗,广州,2026-07-10,2026届,"本科, 硕士, 博士",春招补招,华南师范大学-计算机学院,http://cs.scnu.edu.cn/a/20260702/5982.html,https://send2me.cn/tzC8ZxNV/QWK3n5q5RD36Cg,/,/,,,,
2026/07/07,索尼,外企,IT/互联网/游戏,Wireless Researcher;Technical Engineer - Human Computer Interaction;HRBP;Accounting Manager;Edge-Cloud AI Intern;Human-Computer Interaction (HCI) Intern;Interactive Content Developer Intern,"上海, 北京",尽快投递,2027届,"本科, 硕士, 博士","暑期实习, 社招",索尼 人才荟,https://mp.weixin.qq.com/s/ZT2ZyZ2JM417Zq6A2nNhhw,https://sony.tupu360.com/position/detail/6a3e32dbcf856c3f733f704d?type=INTERNSHIPRECRUITMENT&id=6a3e32dbcf856c3f733f704d,/,/,,,,
2026/07/07,FunPlus,民企,IT/互联网/游戏,系统策划;世界观策划;游戏策划(系统方向);AI视频编导;试玩广告开发;UE交互设计师;平面美宣设计;AI视频设计师;AIGC广告创意;海外素材创意;海外市场营销;本地化专员,"北京, 广州, 成都, 杭州",尽快投递,2027届,"本科, 硕士, 博士","实习, 暑期实习, 秋招专场",FunPlus,https://mp.weixin.qq.com/s/9YGlQlEYkR-uXnox0Eppnw,https://app.mokahr.com/campus-recruitment/funplus01/147931?sourceToken=906e26ae650ae010a226c3796b3214ad#/jobs?commitment%5B0%5D=%E5%AE%9E%E4%B9%A0&commitment%5B1%5D=%E5%85%A8%E8%81%8C&commitment%5B2%5D=%E5%85%B6%E5%AE%83&page=1&anchorName=jobsList,/,/,,,,
2026/07/07,赛鼎工程新疆分公司,央国企,能源/化工/环保,工艺管道设计、自控设计工程师、电气设计工程师、总图设计工程师、给排水设计工程师\\化学工程与技术、化学工程、自动化、控制工程、电气工程强电、电气工程及其自动化、交通工程、总图与运输工程、给排水、市政工...,乌鲁木齐,尽快投递,"2025, 2026, 2027届","本科, 硕士, 博士","实习, 暑期实习, 春招补招",赛鼎工程有限公司新疆分公司,https://mp.weixin.qq.com/s/kM2-Ui-i9fG7Hlncjm8YcQ,https://cncec.iguopin.com/job,"化学工程与技术,化学工程,自动化,控制工程,电气工程,电气工程及其自动化,交通工程,总图与运输工程,给排水,市政工程",/,,,,
2026/07/07,新东方-华南区,民企,教育/培训/科研,助教实习生;人力实习生;少儿素养班课教师;中学素养个性化教师;初中素养班课教师;少儿素养个性化教师;营销培生;课程顾问;学习管理师;市场运营专员;平面设计师;网络营销;校区主管;新媒体运营专员;社群运营专员;研学产品专员;研学&文旅顾问;文旅新媒体运营主管/经理;中学双语班课教师;青少双语班课教师;青少益智班课教师;个性化小学双语教师;个性化高中英语教师;个性化高中数学教师;学业规划师;青少班课教师;初中学习机教师;高中班课教师;个性化高中教师;高中个性化益智教师;高中个性化双语教师;青少博文班课教师;少儿博文教师;高中物理教师;高中化学教师;高中英语教师;高中历史教师;高中一对二综教师;高中一对一教师;初中学习机教师,"东莞, 佛山, 南宁, 广州, 海口, 珠海",尽快投递,2026届,"本科, 硕士, 博士","实习, 春招补招",广州新东方招聘,https://mp.weixin.qq.com/s/72ea9JTpH8B2lDvLPtnfmw,https://mp.weixin.qq.com/s/72ea9JTpH8B2lDvLPtnfmw,/,/,,,,
2026/07/07,LSA PROJECTS,民企,文化/传媒/广告/体育,实习生\\艺术史、艺术学、人文学科,北京,尽快投递,2027届,"本科, 硕士, 博士","实习, 暑期实习",LSA 计划PROJECTS,https://mp.weixin.qq.com/s/uDTUReMVq_h3W6xbIfaIXg,https://mp.weixin.qq.com/s/uDTUReMVq_h3W6xbIfaIXg,艺术史、艺术学、人文学科等相关专业优先,/,,,,
2026/07/07,中国日报-新媒体中心,央国企,文化/传媒/广告/体育,"视频策划编辑,《围炉漫话》栏目实习编辑,中国日报海外社交媒体账号编辑\\专业不限、广播电视、新媒体、英语、翻译、国际新闻、编导",北京,尽快投递,2027届,"本科, 硕士, 博士","实习, 暑期实习",中国日报双语新闻,https://mp.weixin.qq.com/s/mIElFa4PZepnEMo1SIz-pQ,https://mp.weixin.qq.com/s/mIElFa4PZepnEMo1SIz-pQ,"专业不限,广播电视、新媒体、英语、翻译、国际新闻等相关专业优先",/,,,,
2026/07/07,教育观察杂志社-《教育观察》,事业单位,文化/传媒/广告/体育,"暑期实习生,实习编辑\\教育学、物理教育、心理学、汉语言文学、编辑出版",桂林,尽快投递,2027届,"本科, 硕士, 博士","实习, 暑期实习",教育观察杂志社,https://mp.weixin.qq.com/s/YdN4M7xbs-YSoQYXfaCdYA,https://mp.weixin.qq.com/s/YdN4M7xbs-YSoQYXfaCdYA,教育学、物理教育、心理学、汉语言文学、编辑出版等专业优先,/,,,,
2026/07/07,华润万象生活-商业航道,央国企,房地产业/建筑业,招商运营类;物业管理类;人力资源类;财务管理类,"上海, 北京, 南京, 南昌, 厦门, 合肥, 呼和浩特, 哈尔滨, 大连, 天津, 太原, 杭州, 沈阳, 福州, 苏州, 长春",尽快投递,2027届,"本科, 硕士, 博士",暑期实习,华润万象生活招聘,https://mp.weixin.qq.com/s/r3Ka0e-EK-jyFBPXfnrESw,https://app.mokahr.com/campus-recruitment/crland/166206#/jobs,/,/,,,,
2026/07/07,伊顿辉能,外企,新能源,工业事业部销售经理;研发工程师;中压断路器生产主管;冲压工;装配工;助理工程师,镇江,尽快投递,2026届,"大专, 本科, 硕士, 博士",春招补招,伊顿辉能,https://mp.weixin.qq.com/s/dA3ljzeai6D49eyRyHyaRA?search_click_id=5711507198208818406-1782959017267-5140210917&sessionid=&scene=1&click_id=1470710899,https://mp.weixin.qq.com/s/dA3ljzeai6D49eyRyHyaRA?search_click_id=5711507198208818406-1782959017267-5140210917&sessionid=&scene=1&click_id=1470710899,"机械,电气,电气工程,机械制造,机电一体化",/,,,,
2026/07/07,南粤集团,央国企,商务服务业,广东省人才市场有限公司招投标岗;珠海市南粤食品进出口有限公司国际贸易团队合规专员;珠海市南粤食品进出口有限公司国际贸易团队AI工具应用专员;南方控股有限公司助理土建/市政工程师;南方控股有限公司助理机电工程师;南方控股有限公司文秘综合岗（兼人事综合岗）;南方控股有限公司会计;南粤天然药物有限公司注册技术专员;南粤天然药物有限公司生产中心生产部操作员;富华酒店有限公司办公室综合岗;南粤明马免税有限公司会计;南粤澳华管理有限公司资产经营部业务经理;徐州南海皮厂有限公司动力设备部机修工/电工;徐州南海皮厂有限公司生产中心文员,"广州, 徐州, 澳门, 珠海",尽快投递,2026届,"本科, 硕士, 博士",春招补招,广东国资,https://mp.weixin.qq.com/s/QuzjvTLIkye06s3j-T8a2w,https://mp.weixin.qq.com/s/QuzjvTLIkye06s3j-T8a2w,/,/,,,,
2026/07/06,中国电信-天翼云,央国企,通信/电子/半导体,【超级优才专项】研发工程师,"上海, 北京, 广州, 成都",尽快投递,2027届,"本科,硕士,博士",秋招专场,中国电信天翼云招聘,https://mp.weixin.qq.com/s/X1eqEoU33leskV_iOQ1BiA,https://wecruit.hotjob.cn/SU62b2ae672f9d24458d72f9cc/pb/index.html#/,/,/,,,,
2026/07/06,元戎启行,民企,IT/互联网/游戏,大模型算法工程师;AI Agent算法工程师;端到端算法工程师;感知算法工程师;SLAM算法工程师;规划算法工程师;导航地图算法工程师;数据生成算法工程师;强化学习算法工程师;AI Infra工程师;软件工程师;系统评测工程师;后端开发工程师;前端开发工程师;训练优化工程师;数据挖掘工程师;数据湖仓工程师;产品经理;项目经理;用户增长运营专员;品牌及艺术创意专员;商业分析师,"上海, 北京, 深圳",尽快投递,2027届,"本科,硕士,博士",秋招专场,元戎启行招聘,https://mp.weixin.qq.com/s/zbZa2Od7WY3L0NWCHsqySg,https://app.mokahr.com/campus-recruitment/deeproute/145894?locale=zh-CN&sessionid=#/,/,/,,,,
2026/07/06,航天科技四院-四十一所,央国企,机械/制造业,航空宇航科学与技术 力学 兵器科学与技术 人工智能 计算机科学与技术 可靠性与系统工程 动力工程及工程热物理 机械工程 数学 控制科学与工程 电子科学 信息与通信工程,西安,2026-07-13,2027届,博士,暑期实习,西安航天动力技术研究所官微,https://mp.weixin.qq.com/s/N-tO9L39k5t589c9uSfYgA,https://mp.weixin.qq.com/s/N-tO9L39k5t589c9uSfYgA,"航空宇航科学与技术,力学,兵器科学与技术,人工智能,计算机科学与技术,可靠性与系统工程,动力工程及工程热物理,机械工程,数学,控制科学与工程,电子科学,信息与通信工程",/,,,,
2026/07/06,拼多多集团,民企,IT/互联网/游戏,商家运营 服务端研发工程师 AI Agent研发工程师 算法工程师 客户端研发工程师 Web前端研发工程师 数据分析师 安全工程师 产品管培生 市场管培生 运营管培生 商务管培生 合规运营管培生 商品运营管培生 设计管培生 视频创意制作 法务助理 HR管培生 审核专员 AI Infra研发工程师 大模型算法工程师,上海,尽快投递,2027届,"本科,硕士,博士",秋招专场,拼多多集团,https://careers.pddglobalhr.com/campus/grad?t=jXsBunvmBf,https://careers.pddglobalhr.com/campus/grad?t=jXsBunvmBf,/,/,,,,
2026/07/06,源乐晟资产,民企,金融业,行业研究员,"上海, 北京",尽快投递,2027届,"硕士,博士","实习, 暑期实习",LONGRISING,https://mp.weixin.qq.com/s/fRQMg5ts7cphdyNcNLVkEA,https://mp.weixin.qq.com/s/fRQMg5ts7cphdyNcNLVkEA,"金融,经济,财务,会计等相关专业",/,,,,
2026/07/06,中国空间技术研究院-通信与导航卫星总体部,央国企,机械/制造业,网络空间安全 信息与通信工程 软件工程 航空宇航科学与技术 机械工程 动力工程及工程热物理 人工智能 计算机科学与技术 电子科学与技术 电气工程 控制科学与工程 仪器科学与技术,北京,2026-07-12,2027届,"硕士,博士","暑期实习, 秋招提前批",五院通信与导航卫星总体部,https://mp.weixin.qq.com/s/-xFnWVuJ0CiU7rq7SDs5HQ,https://mp.weixin.qq.com/s/-xFnWVuJ0CiU7rq7SDs5HQ,"网络空间安全,人工智能,信息与通信工程,计算机科学与技术,软件工程,电子科学与技术,航空宇航科学与技术,控制科学与工程,机械工程,电气工程,动力工程及工程热物理,仪器科学与技术",/,,,,
2026/07/06,中铁上海院,央国企,房地产业/建筑业,应届毕业生岗位;博士后研究人员,上海,尽快投递,2027届,"硕士,博士",秋招专场,中铁上海院,https://mp.weixin.qq.com/s/XssGhKKhAi-zaFpo312ElQ,https://mp.weixin.qq.com/s/XssGhKKhAi-zaFpo312ElQ,/,/,,,,
2026/07/06,中国邮政储蓄银行-镇江市分行,央国企,金融业,辖内分支机构实习生,镇江,2026-07-17,2027届,"本科,硕士,博士",暑期实习,邮储银行镇江市分行,https://mp.weixin.qq.com/s/cn56BVFup54J2FfaIl-6aQ,https://mp.weixin.qq.com/s/cn56BVFup54J2FfaIl-6aQ,"工学,理学,信息技术,法学,金融,经济,数理统计,财务会计,管理类相关专业",/,,,,
2026/07/06,泰凌微电子,民企,通信/电子/半导体,芯片设计类 嵌入式软件类 ,"上海, 南京, 深圳",尽快投递,2027届,"本科,硕士,博士",秋招专场,泰凌微电子,https://mp.weixin.qq.com/s/2uCz4gcNamw3_mx53s2D9A,https://telink.m.zhiye.com/#/jobs?jc=2,集成电路/微电子/计算机/通信/软件等,有笔试,,,,
2026/07/06,阳光电源,民企,能源/化工/环保,产品研发类;信息技术类;技术营销类,"上海, 南京, 合肥, 西安",尽快投递,2027届,"本科,硕士,博士",秋招提前批,Join阳光电源,https://mp.weixin.qq.com/s/d2IbH0oyZi4IGppXs9Y_4g,https://app.mokahr.com/campus-recruitment/sungrow/94416#/,/,/,,,,
2026/07/06,绿城中国,民企,生活服务业,销售管理;品牌策划;市场客研;工程管理;建筑设计;精装修设计;财务管理;投资拓展,"上海, 南京, 天津, 广州, 成都, 杭州, 武汉, 深圳, 西安, 长沙",2026-09-02,2027届,"本科, 硕士, 博士","暑期实习, 秋招提前批",绿城官方,https://mp.weixin.qq.com/s/NUbk7lEozz8LqMDHHElS4Q,https://gtgroup.m.zhiye.com/JobAd/List?jc=3,/,/,,,,
2026/07/06,自变量机器人,民企,通信/电子/半导体,VLA算法工程师;世界模型算法工程师;灵巧手算法工程师;大模型Infra工程师;强化学习算法工程师;运控算法工程师;嵌入式软件工程师;机械结构工程师;算法类岗位;产品类岗位;工程类岗位;职能类岗位,"北京, 深圳",尽快投递,2027届,"本科, 硕士, 博士","暑期实习, 秋招提前批",自变量机器人招聘,https://mp.weixin.qq.com/s/-A7QIJ1tu5kHMWMAx50UDg,https://x2-robot.jobs.feishu.cn/912130/m/position/list?keywords=&amp;category=&amp;location=&amp;project=7650350869535869227&amp;functionCategory=&amp;job_hot_flag=&amp;tag=&amp;store=&amp;storeFrontListString=&amp;type=,/,有笔试,,,,
2026/07/04,浙江大宗,央国企,金融业,博士后研究员;战略研究岗;产品研发岗;财务管理岗;大宗商品业务岗;Java开发工程师,舟山,尽快投递,2026届,"本科,硕士,博士",春招补招,浙江大宗,https://job.xjtu.edu.cn/frontpage/xjtu/html/recruitmentinfoForm.html?positionDetailId=93065f109fb54a25894e7cdaf5775f4c&,邮箱投递：zptchr@wzgroup.cn,"金融学类,经济类,经济学类,中国语言文学类,管理类,会计学,财务管理,市场营销,国际贸易,工商管理,油气化工,物流管理,计算机科学与技术,软件工程,信息技术",/,,,,
2026/07/04,北京国测数科,央国企,IT/互联网/游戏,网络信息安全工程师实习生,北京,尽快投递,"2026, 2027届","本科,硕士,博士",实习,北京国测数科,https://job.xjtu.edu.cn/frontpage/xjtu/html/recruitmentinfoForm.html?positionDetailId=81b99aaeefdf4a648283343b8457dc55&,邮箱投递：13810529952@163.com,"信息与计算科学,网络空间安全,网络与信息安全,计算机科学与技术,网络工程,软件工程相关专业",/,,,,
2026/07/04,西安高新资管,央国企,金融业,财务岗实习生,西安,2026-07-20,2027届,"本科,硕士,博士",暑期实习,高新资管,https://job.xjtu.edu.cn/frontpage/xjtu/html/recruitmentinfoForm.html?positionDetailId=2b227725e2af4d868e2aaeabb0aac8b9&,邮箱投递：xuanhedjf@163.com,会计学、税收学、审计学、财务管理、经济学、税务、财政学及各类财务相关专业,有笔试,,,,
2026/07/04,理想汽车,民企,汽车制造/维修/零配件,整车研发;算法与软件;芯片研发;产品;设计;项目管理;供应链与智能制造;职能与综合管理;销售与服务;充电网络,"上海, 北京, 常州, 杭州, 深圳",尽快投递,2027届,"本科,硕士,博士","实习, 暑期实习",理想汽车招聘,https://mp.weixin.qq.com/s/BCEFM-OOslL-gEIAIMTOLA,https://www.lixiang.com/employ/campus/list.html?fromJob=1,/,有笔试,,,,
2026/07/04,恩智浦,外企,通信/电子/半导体,芯片研发类;生产运营类;产品测试类;系统应用类;软件研发类;销售与市场;职能类,"上海, 北京, 天津, 苏州, 重庆",尽快投递,"2025, 2026, 2027届","本科,硕士,博士","暑期实习, 秋招专场",恩智浦微招聘,https://mp.weixin.qq.com/s/7ljyJtrGLgtemgXQSVjYvw,https://campus.51job.com/nxp/graduates.html,/,有笔试,,,,
2026/07/04,ASML,外企,通信/电子/半导体,客户服务工程师;装机工程师,"上海, 北京, 合肥",尽快投递,2027届,"本科,硕士,博士",秋招专场,ASML阿斯麦光刻,https://mp.weixin.qq.com/s/kLTuEP8jfHa0d1fcZIUIzQ,https://campus.51job.com/asml2027/,光学、物理、计算机、数学、材料、化学、电子、机械、自动化等相关理工科,/,,,,
2026/07/04,中国航发黎明,央国企,机械/制造业,航空发动机类岗位;机械类岗位;材料类岗位,沈阳,2026-07-10,2027届,"硕士,博士",暑期实习,黎明航发,https://mp.weixin.qq.com/s/GR1-h7XzvLytTk09ypdNsA,https://www.iguopin.com/company/jobs?id=10685309840419193,航空宇航推进理论与工程、动力工程及工程热物理、能源动力等;机械工程、机械制造及其自动化、航空宇航制造工程等;材料工程、材料加工工程、材料科学与工程等,/,,,,
2026/07/04,新和成,民企,医疗/医药/生物,管培类 营销类 采购类 研发类 财经类 IT类 战略类 安环类 设备类 工程类等,"天津, 潍坊, 绥化",尽快投递,2027届,"本科,硕士,博士",秋招提前批,新和成招聘,https://mp.weixin.qq.com/s/PVk662q7fEpouZs6jNNp7g,https://xinhecheng1.zhiye.com/campus,/,有笔试,,,,
2026/07/04,航空工业设备工程,央国企,机械/制造业,工艺设计岗;工艺设计岗（智能制造方向）;机械设计岗;测控工程师岗;软件设计师;工程设计类相关岗位,"北京, 深圳",尽快投递,2027届,"硕士,博士",暑期实习,航空工业设备工程,https://mp.weixin.qq.com/s/JUvlHguafNJEJC_W1h5dDw,https://mp.weixin.qq.com/s/JUvlHguafNJEJC_W1h5dDw,"航空发动机相关专业,智能制造相关专业,机械相关专业,测控相关专业,计算机科学与技术相关专业,工程设计相关专业",/,,,,
2026/07/04,航天五院-总体设计部,央国企,机械/制造业,计算机科学与技术、软件工程、网络空间安全、智能科学与技术、控制科学与工程、仪器科学与技术、光学工程、机器人、量子光学与量子信息、物理学、核工程、核科学与技术、能源动力、航空宇航科学与技术、航空航天工程、飞行器设计与工程、飞行器控制与信息工程、兵器、力学、机械设计制造及其自动化、机械工艺技术、动力工程及工程热物理、机械工程、自动化、材料、电子科学与技术、电子信息、信息与通信工程、地球物理学、电气工程、电力电子与电力传动、车辆工程、工业设计等专业。,北京,2026-07-12,2027届,"硕士,博士",暑期实习,航天501部,https://mp.weixin.qq.com/s/kEginFB98obh6CPHtkh-Ew,https://app.mokahr.com/campus-recruitment/hangtianwuyuan/166339?locale=zh-CN#/,力学、航空宇航科学与技术、控制科学与工程、空间科学与技术、计算机科学与技术、软件工程、人工智能、仪器科学与技术、光学工程、机器人、量子光学与量子信息、物理学、核科学与技术、航空航天工程、兵器科学与技术、飞行器控制与导航工程、飞行器设计与工程、飞行器制造与自动化、机械工程、材料、动力工程及工程热物理、自动化、电子科学与技术、微电子、电子信息、信息与通信工程、地球物理学、电气工程、电力电子与电力传动、车辆工程、工业设计等专业,/,,,,
2026/07/04,眉山职业技术学院,事业单位,教育/培训/科研,辅导员;思政课教师,眉山,2026-07-13,"2026, 不限届","本科,硕士,博士",春招补招,眉山职业技术学院,https://bigdata.scbdc.edu.cn:8888/campus/view/id/2201/mark,https://wbdt.msvtc.cn/EIP/nonlogin/user/index.htm,/,有笔试,,,,
2026/07/04,四川省水电集团,央国企,能源/化工/环保,配电运检员;营销岗;运行值班岗;自动化与通信管理岗;综合柜员岗,"内江, 凉山彝族自治州, 宜宾, 广元, 广安, 成都, 泸州, 绵阳, 达州",2026-07-11,"2024, 2025, 2026届","本科,硕士,博士","秋招专场, 社招",四川省水电集团,https://bigdata.scbdc.edu.cn:8888/campus/view/id/2207/mark,https://bigdata.scbdc.edu.cn:8888/campus/view/id/2207/mark,/,有笔试,,,,
2026/07/03,平行线教育,民企,教育/培训/科研,竞赛教练/清北教师;主讲教师(数/理/化/英);菁英计划教师管培生;高中寒暑假助教,"北京, 南阳, 商丘, 安阳, 平顶山, 广州, 开封, 成都, 新乡, 洛阳, 深圳, 焦作, 西安, 许昌, 郑州, 鹤壁",尽快投递,"2025, 2026, 2027届","本科,硕士,博士",秋招提前批,平行线教育招聘,https://mp.weixin.qq.com/s/iXvGvHLxf5jYD371emW9yA,https://zzpxx.zhiye.com/jobs?activityGuid=32e0ac7b-5779-44bf-b95b-c3dd495a3db1,理科主讲不限专业，英语主讲需相关专业,/,,,,
2026/07/03,星火教育,民企,教育/培训/科研,精品课堂教学管培生（线下主讲教师）,"东莞, 中山, 佛山, 南宁, 南昌, 厦门, 台州, 唐山, 嘉兴, 大连, 常州, 广州, 惠州, 成都, 扬州, 承德, 无锡, 昆明, 杭州, 江门, 泉州, 深圳, 温州, 湖州, 湛江, 珠海, 福州, 绍兴, 苏州, 金华, 全国多地",尽快投递,"2026, 2027届","本科,硕士,博士",秋招提前批,星火教育东北招聘,https://mp.weixin.qq.com/s/CSeK7OKHVt6voBUKvJp7mg,https://mp.weixin.qq.com/s/CSeK7OKHVt6voBUKvJp7mg,/,有笔试,,,,
2026/07/03,图灵资产,民企,金融业,投资经理,深圳,尽快投递,不限届,"本科,硕士,博士",社招,图灵资产,https://scc.pku.edu.cn/frontpage/pku/html/recruitmentinfoForm.html?positionDetailId=bf5e8290856344b9835087d91a4b1383&,邮箱投递：li@turingpe.com,不限专业,/,,,,
2026/07/03,创维光伏,民企,机械/制造业,海外销售培训生;海外技术培训生;海外项目管理培训生;海外供应链培训生;海外产品市场培训生;海外财务培训生,"深圳, 海外",尽快投递,2026届,"本科,硕士,博士",春招专场,创维光伏,https://scc.pku.edu.cn/frontpage/pku/html/recruitmentinfoForm.html?positionDetailId=164bb049067246439f8f2a4384d6e5be&,邮箱投递：mamingfei@skyworth.com,新能源科学与工程、电气工程、自动化、能源动力、机械工程、结构工程、工程管理、土木工程、市场营销、国际贸易、工商管理、供应链管理、物流管理、采购管理、统计学、经济学、会计学、财务管理、金融学、审计学、税务等相关专业,/,,,,
2026/07/03,建经投资咨询,民企,咨询,国际业务方向管培生;管理储备干部;投融资与战略研究方向管培生,"上海, 杭州",尽快投递,"2025, 2026, 2027届","本科,硕士,博士",秋招专场,建经投资咨询,https://scc.pku.edu.cn/frontpage/pku/html/recruitmentinfoForm.html?positionDetailId=4400c91a25224215ba115837b386aefb&,邮箱投递：jjzxhr@jjtz.cn,国际业务方向管培生：法学（国际经济法）、环境工程、环境科学与工程(环境健康)、建筑设计及其理论；管理储备干部：不限专业；投融资与战略研究方向管培生：金融学、环境工程、工程管理,/,,,,
2026/07/03,火光课堂教育（清北学历）,民企,教育/培训/科研,教学管培生;竞赛教练,"成都, 重庆",尽快投递,"2024, 2025, 2026届","本科,硕士,博士",春招专场,火光课堂教育科技（重庆）有限公司,https://scc.pku.edu.cn/frontpage/pku/html/recruitmentinfoForm.html?positionDetailId=641795b67a534644ad9d8420ba431d65&,邮箱投递：hgktzp@126.com,不限专业,/,,,,
2026/07/03,埃特曼半导体,民企,通信/电子/半导体,MBE系统工程师;设备装调工程师;软件开发工程师;硬件设计工程师;模拟仿真工程师;电气工程师;GaAs/InP外延研发高级工程师;GaAs/InP外延研发工程师;GaN外延研发高级工程师;GaN外延研发工程师;董事长助理,厦门,尽快投递,"2025, 2026, 2027届","本科,硕士,博士",秋招专场,埃特曼半导体,https://scc.pku.edu.cn/frontpage/pku/html/recruitmentinfoForm.html?positionDetailId=204a5f57e6294224a8e39728a218c394&,邮箱投递：zhaopin@atoman.cc,"物理学,微电子学,光学,机械工程,航空,计算机,软件工程,自动化,数学,机械设计,材料物理,半导体,法律,财务相关专业",/,,,,
2026/07/03,启云方,民企,IT/互联网/游戏,AI算法工程师,深圳,尽快投递,2026届,博士,春招专场,启云方,https://scc.pku.edu.cn/frontpage/pku/html/recruitmentinfoForm.html?positionDetailId=1801bff986ca4617af374e9ada26666c&,https://www.qiyunfang.com/h-col-124.html,"计算机科学与技术,计算机技术,计算机软件与理论,计算机系统结构,智能科学与技术,计算机应用技术,软件服务工程,计算机科学与技术类,运筹学,工业工程,供应链管理,量化分析",/,,,,
2026/07/03,太仓市资产经营集团,央国企,商务服务业,详见附件2026年第一批公开招聘岗位需求表,"太仓, 苏州",尽快投递,不限届,"本科,硕士,博士",社招,太仓市资产经营集团,https://scc.pku.edu.cn/frontpage/pku/html/recruitmentinfoForm.html?positionDetailId=e882faf14c0742f293c2fb53939e642a&,邮箱投递：hr@tczcjy.com,/,有笔试,,,,
2026/07/03,鲲动利,民企,IT/互联网/游戏,算法工程师,杭州,尽快投递,2027届,"本科,硕士,博士","实习, 秋招专场",鲲动利,https://scc.pku.edu.cn/frontpage/pku/html/recruitmentinfoForm.html?positionDetailId=03885449fab8425384823fd2a2ab03e0&,邮箱投递：feipeiling@kunbyte.com,计算机科学、人工智能、图像处理、计算机视觉或相关专业,/,,,,
2026/07/03,飞猪旅行-阿里星,民企,生活服务业,在线旅行领域多模态大模型研究;下一代AI智能体研究,杭州,尽快投递,2027届,"本科,硕士,博士",秋招专场,飞猪招聘,https://mp.weixin.qq.com/s/YaGc_CKBvUmtbbefyVj5bQ,https://campus-talent.alibaba.com/campus/position?campusShareCode=pmEaZcbf3TcbFWu4mejpEAYOHbfzQQvx5TCW854yHYA%3D&batchId=100000700001,/,/,,,,
2026/07/03,百度,民企,IT/互联网/游戏,产品 运营 财务 战略 HR,"上海, 北京, 深圳",2026-08-14,2027届,"本科,硕士,博士",秋招专场,百度招聘,https://mp.weixin.qq.com/s/dKLS5QKX2SDm6Mx--Krf9A,https://talent.baidu.com/jobs/list,不限,有笔试,,,,
2026/07/03,微步在线,民企,IT/互联网/游戏,Java工程师;前端工程师;测试工程师;Golang工程师;Windows开发工程师;Python工程师;机器学习工程师;安服工程师;安全分析师;安全研究员;产品经理;产品运营;视觉设计师;UI设计师;销售管培生;售前工程师;客户成功经理;内容运营专员;活动运营专员,"上海, 北京, 广州, 成都, 昆明, 杭州, 济南, 深圳, 苏州, 香港",尽快投递,2027届,"本科,硕士,博士",秋招专场,微步在线招聘号,https://mp.weixin.qq.com/s/ZRCh0l8XPVjiW9m_qiSt1Q,https://app.mokahr.com/campus-recruitment/threatbook/39679?locale=zh-CN#/jobs?commitment[0]=%E5%85%A8%E8%81%8C&page=1&anchorName=jobsList,/,有笔试,,,,
2026/07/02,中国长征火箭,央国企,机械/制造业,总体设计岗 结构设计岗 数字化设计岗 电气设计岗 动力设计岗 质量与可靠性设计岗；,"北京, 南昌",尽快投递,2027届,"硕士,博士","暑期实习, 秋招专场",哈工程就业,https://mp.weixin.qq.com/s/DYj0sfGhbESNotOV9BXzgA,https://mp.weixin.qq.com/s/DYj0sfGhbESNotOV9BXzgA,机械、电气、通信、力学、电子信息、航天动力、航空宇航科学与技术、导航制导控制工程等理工科相关专业,有笔试,,,,
2026/07/02,江西·农商银行,其他,金融业,管培生岗、客户经理岗、专业技术岗、信息科技岗、税收筹划岗\\经济与贸易类、财政金融类、会计与审计类、法律类、数学与统计类、中文类、农业经济管理、税收学、国际税收、计算机类、人工智能、数据科学与大数据技...,"上饶, 九江, 南昌, 吉安, 宜春, 抚州, 新余, 景德镇, 萍乡, 赣州, 鹰潭",2026-07-21,"2023, 2024, 2025, 2026届","本科,硕士,博士",春招专场,江西·农商银行,https://govjob.zhaopin.com/home/detail?id=eaffb4367a42c7d10eeca33dec0baefa&typeId=2,https://jxnsyh.zhaopin.com/,本部管培生岗：经济与贸易类、财政金融类、会计与审计类、法律类、数学与统计类、中文类及农业经济管理；专业技术岗：财政金融类、会计与审计类、法律类；税收筹划岗：税收学、国际税收；信息科技岗：数学与统计类、计算机类、人工智能、数据科学与大数据技术；客户经理岗：不限专业,有笔试,,,,
2026/07/02,中茵微,民企,通信/电子/半导体,Serdes模拟设计工程师 Serdes数字设计工程师 DDR模拟设计工程师 DDR数字设计工程师 SoC设计工程师 SoC验证工程师 原型验证工程师 PD/数字后端设计工程师 STA设计工程师 DFT可测性设计工程师 封装设计 Layout工程师 SIPI仿真工程师,"上海, 北京, 南京, 合肥, 成都, 无锡, 苏州",尽快投递,2027届,"本科,硕士,博士",秋招专场,中茵微电子,https://mp.weixin.qq.com/s/I7gv6zdyB0XGQpAiNm_zQQ,https://joinsilicon.zhiye.com/campus/jobs,/,/,,,,
2026/07/02,广规科技,央国企,房地产业/建筑业,科研博士人才类;规划设计类;建筑市政类;信息化类;产业策划咨询类,广州,2026-07-30,2026届,"硕士,博士",春招专场,南粤规划,https://mp.weixin.qq.com/s/y3p_R3NsiKbZoVGvQdo67Q,https://mp.weixin.qq.com/s/y3p_R3NsiKbZoVGvQdo67Q,科研博士人才类：城市规划设计、计算机与人工智能、城市安全韧性、区域经济等相关方向；规划设计类：城乡规划（工科）、人文地理（规划理科）、土地资源管理、生态学、旅游管理/策划；建筑市政类：建筑设计、给排水设计、道路桥梁；信息化类：GIS、计算机；产业策划咨询类：产业经济、区域经济、经济学,/,,,,
2026/07/02,京东方,央国企,通信/电子/半导体,研发类 工程类 市场营销 / 产品类 供应链类 品质类 信息技术类 医疗健康类 职能类 制程技术培训生类 管理培训生类,"北京, 南京, 合肥, 成都, 武汉, 烟台, 福州, 绵阳, 苏州, 郑州, 鄂尔多斯, 重庆, 青岛",2026-08-14,2027届,"本科,硕士,博士",秋招专场,BOE招聘,https://mp.weixin.qq.com/s/pNGA4gTMKzwLrRVsfs0HzQ,https://campus.boe.com/custom/campus?hideMenu=1,电子、物理、材料、化学、机械、自动化、计算机、医学等相关理工类、医学类专业,/,,,,
2026/07/02,长飞,民企,通信/电子/半导体,AI大模型工程师;产品研发工程师;光学研发工程师;硬件研发工程师;软件研发工程师;技术情报工程师;工艺工程师;机械工程师;暖通工程师;技术支持工程师;流程优化工程师;采购助理;销售代表;品牌与营销专员;产品工程师;海外财务;内审专员,"武汉, 潜江",尽快投递,2027届,"本科,硕士,博士",秋招专场,长飞,https://mp.weixin.qq.com/s/AuCmSzRbXU2qlkc-DPigkQ,https://yofc2.zhiye.com/campus/jobs,理学（物理学）;机械能源（机械、能源、暖通）;光电通信（光学、光电、通信、电子、精密仪器）;电气自动化（电气、自动化、测控、机电一体化）;计算机AI（计算机、软件、人工智能）;材料化工（材料、化工、无机非金属材料）;工程管理（工程管理）;经管（会计、审计、供应链）;文传（营销、新闻、中文、数字媒体）;其他类,/,,,,
2026/07/02,中国空空导弹研究院,央国企,教育/培训/科研,2027届毕业生暑期开放日,洛阳,2026-07-16,2027届,"硕士,博士",暑期实习,航空工业导弹院,https://mp.weixin.qq.com/s/TM70EKoGgkcUaUwdnWWI3A,https://mp.weixin.qq.com/s/TM70EKoGgkcUaUwdnWWI3A,"人工智能相关专业,火箭发动机相关专业,量子信息相关专业,光学类,自动控制类,控制科学与工程类,通信类/信息与通信工程类,仪器类/仪器科学与技术类,电子信息类/电子科学与技术类,航空航天类/航空宇航科学与技术类,兵器类/兵器科学与技术类,力学类/数学类/物理学类,机械类/机械工程类/机械设计制造类,计算机类/软件工程类,电气类/电气工程类",/,,,,
2026/07/02,网易,民企,IT/互联网/游戏,HR精英实习生（游戏社招方向）;HR精英实习生（雇主品牌方向）,"上海, 广州, 杭州",尽快投递,2027届,"本科,硕士,博士","实习, 暑期实习",网易招聘,https://mp.weixin.qq.com/s/cn-zXupef6DThQxN_wtv4A,https://hr.163.com/job-detail.html?id=72605〈=zh,/,/,,,,
2026/07/02,福州城投商管,央国企,房地产业/建筑业,招商运营部招商运营专员、物业工程部物业专员\\工商管理、国际贸易、工程管理、物业管理,福州,2026-07-08,2026届,"本科,硕士,博士",春招专场,福州城投商管,https://www.fzrsrc.cn/news/18_14422.html,https://www.fzrsrc.cn/news/18_14422.html,/,有笔试,,,,
2026/07/02,邮储银行-南京市分行,央国企,金融业,暑期实习岗位,南京,尽快投递,2027届,"本科,硕士,博士","实习, 暑期实习",邮储银行南京市分行,https://mp.weixin.qq.com/s/bBai0ZgHfrbgnvkJoVdTKA,https://mp.weixin.qq.com/s/bBai0ZgHfrbgnvkJoVdTKA,金融、经济、数理统计、财务会计、管理、工学、信息技术、法学,/,,,,
2026/07/02,软通动力,民企,IT/互联网/游戏,技术类岗位 职能类岗位 销售资讯类岗位 数字化运营类岗位；,"上海, 上饶, 东莞, 北京, 南京, 成都, 杭州, 武汉, 深圳, 西安, 重庆",尽快投递,2027届,"本科,硕士,博士",秋招专场,软通教育,https://mp.weixin.qq.com/s/yIL9nTxJSM4yUMHg1ZjHjQ,https://www.itongxue.net/folder/promotion/isoftstone/,人工智能、计算机科学与技术、软件工程、物联网工程、电子信息、统计学、信息与通信工程、数理类、会计学、工商管理、行政管理、市场营销、广告学、经济学、人力资源管理、电子商务、设计学、新闻与传播学、国际经济与贸易、语言类专业等,/,,,,
2026/07/02,DKL,民企,法律,暑期实习生\\法学相关专业,深圳,尽快投递,2027届,"本科,硕士,博士",暑期实习,德和衡前海联营所,https://mp.weixin.qq.com/s/MgEDC7YIRFdbSS2IPfRJBA,https://mp.weixin.qq.com/s/MgEDC7YIRFdbSS2IPfRJBA,法学相关专业,/,,,,
2026/07/02,58同城,民企,IT/互联网/游戏,分布式存储开发工程师;容器云开发工程师;AI全栈开发工程师;Agent开发工程师;大语言模型算法工程师;语音大模型算法工程师,北京,尽快投递,2027届,"本科,硕士,博士","实习, 暑期实习",58同城招聘官微,https://mp.weixin.qq.com/s/T2rs470PQag5TNF3sDlTuA,https://campus.58.com,/,/,,,,
2026/07/02,桂林理工大学,事业单位,教育/培训/科研,专任教师01岗、专职辅导员岗、教学辅助01岗、教学辅助02岗、教学辅助03岗\\土木类、材料及冶金类、电气、电子及自动化类、教育学类、体育学类、建筑学类、经济学类、外国语言文学类、政治学类、工商管理类...,"南宁, 桂林",2026-07-08,2026届,"本科,硕士,博士",春招专场,桂林理工大学,https://sydw.gxrc.com/Sydw/ArticleDetail/37b71bac-3658-4dda-adcd-efc12d2bd83a,https://f.kdocs.cn/g/ZLHGQs0H/,/,有笔试,,,,
2026/07/02,亚洲生物,民企,医疗/医药/生物,行政管理类;人力资源类;市场与销售类,武汉,尽快投递,2027届,"本科,硕士,博士",暑期实习,武汉亚洲生物材料有限公司,https://mp.weixin.qq.com/s/KA1qKikkKShXad8GHiQq8g,https://mp.weixin.qq.com/s/KA1qKikkKShXad8GHiQq8g,生物医学工程、医学、生物学、药学、管理类、设计类、新闻类、艺术类、语言类（英语、德语、西语、俄语等）,/,,,,
2026/07/02,拾贝投资,民企,金融业,投资研究部-行业研究员,北京,尽快投递,2027届,"本科,硕士,博士",暑期实习,拾贝投资,https://mp.weixin.qq.com/s/9dK9kuK3lOqV_q--qGdXWw,https://mp.weixin.qq.com/s/9dK9kuK3lOqV_q--qGdXWw,/,/,,,,
2026/07/02,泰康资产,民企,金融业,一般账户投资部、风险控制部、产品中心、专户产品部、数字化规划部\\统计、金融、金融工程,北京,尽快投递,2027届,"硕士,博士","实习, 暑期实习",泰康资产招聘,https://mp.weixin.qq.com/s/TDeb25o64VtfGPM7wH-Mbg,https://jobtaikang.zhiye.com/custom/zcshixi?hideAll=true,"统计,金融,金融工程等相关专业优先",/,,,,
2026/07/02,贵阳工商养老产投,央国企,生活服务业,养老护理员、康复师、护士、医生（内科）、社工\\不限、康复相关、护理学、社会工作相关,贵阳,2026-07-08,"2024, 2025, 2026届","本科,硕士,博士",春招专场,中国贵州,https://mp.weixin.qq.com/s/DwcjOJJOUEDjUQE7K0alTQ,https://zhaopin.gyockjt.cn,/,有笔试,,,,
2026/07/02,博乐科技,民企,IT/互联网/游戏,休闲游戏海外广告投放;广告创意策划;数据分析师;数值策划;系统策划;Cocos2d-x开发工程师;U3D开发工程师;服务端开发工程师;ASO运营;引擎开发工程师,"北京, 武汉",尽快投递,2026届,"本科,硕士,博士",春招补招,博乐科技BoleGames,https://mp.weixin.qq.com/s/qmj9pFrJN_i01uHnNZ5mOg?scene=1&click_id=1805256785,https://app.mokahr.com/social-recruitment/bolegames/37642#/,/,/,,,,
2026/07/02,陕西延长石油（集团）有限责任公司,央国企,能源/化工/环保,技能操作岗（信息化类）、技能操作岗、专业技术岗、技能操作岗（省内煤电项目）、专业技术岗（煤矿）、技能操作岗（煤矿）、技能操作岗（省外煤电项目）、专业技术岗（信息化类）、专业技术岗（省内外新能源项目）,"咸阳, 喀什地区, 延安, 榆林, 西安",2026-07-05,"2025, 2026届","本科,硕士,博士",春招专场,陕西延长石油（集团）有限责任公司,https://talent-xaa.ycpc.com:8088/#/recruiList/20669368/2026,https://talent-xaa.ycpc.com:8088/#/recruiList/20669368/2026,/,有笔试,,,,
2026/07/02,浙江省地质博物馆,事业单位,房地产业/建筑业,新媒体实习生\\新媒体运营、新闻传播、视觉设计、影视编导、地质、展览策划,杭州,尽快投递,2027届,"本科,硕士,博士",暑期实习,浙江省地质博物馆,https://mp.weixin.qq.com/s/OVkoM9haniEk-kPU3pzbcA,https://mp.weixin.qq.com/s/OVkoM9haniEk-kPU3pzbcA,新媒体运营、新闻传播、视觉设计、影视编导、地质、展览策划等相关专业优先考虑,/,,,,
2026/07/02,21世纪经济报道,央国企,文化/传媒/广告/体育,实习编辑,广州,尽快投递,2027届,"本科,硕士,博士","实习, 暑期实习",南方财经校招,https://mp.weixin.qq.com/s/M7D5kaE8xW4IiSFupsvC8A?scene=1,https://mp.weixin.qq.com/s/M7D5kaE8xW4IiSFupsvC8A?scene=1,专业不限,/,,,,
2026/07/02,欣少年实习生热招岗位推荐第二期,民企,机械/制造业,设备开发实习生，产品开发实习生，工艺开发实习生，工艺实习生，PQE 实习生，项目管理实习生，ESG 实习生，财务实习生，人力资源实习生\\机械类，电气类，自动化类，林料类，化工类，新能源类，材料类，环...,"南京, 南昌, 宜昌, 惠州, 枣庄, 深圳, 赣州",尽快投递,2027届,"本科,硕士,博士","实习, 暑期实习",欣旺达招聘,https://mp.weixin.qq.com/s/f1myNdKr-weIQNtoewhKUg,https://mp.weixin.qq.com/s/f1myNdKr-weIQNtoewhKUg,不同岗位对应不同专业要求，详见各岗位信息,/,,,,
2026/07/02,广州图书馆,央国企,文化/传媒/广告/体育,阅读推广及活动执行助理\\专业不限,广州,2026-07-09,2027届,"大专,本科,硕士,博士",暑期实习,广州图书馆,https://mp.weixin.qq.com/s/VJ9SVCrdkkwuPglP7IlDnQ,https://m.izhanchi.com/pages/index/companyDetail?companyid=100526383,专业不限,/,,,,
2026/07/02,株洲市城市发展集团有限公司,央国企,房地产业/建筑业,财务管理类、法学类、金融经济类、物流管理类、电子信息类、工程造价类\\会计学、审计学、财政学、税收学、法律、法学、信用风险管理与法律防控、经济法学、电子商务及法律、金融学类、财政、经济、贸易类、物流工...,株洲,尽快投递,2026届,"本科,硕士,博士",春招专场,株洲市城市发展集团有限公司,https://govjob.zhaopin.com/home/detail?id=54ffef68173ef3669e7203afaa4d11a6&typeId=2,https://zzcfjt.zhaopin.com,/,/,,,,
2026/07/02,四川省国农天府农业发展有限公司,央国企,农林牧渔,"经营管理岗,供应链管理岗,组织人事岗,审计岗,项目运营管理岗,销售岗（工商管理类、经济学类、农业经济管理类、管理学类、畜牧业类、测绘类、公共管理类、马克思主义理论类、法学类、植物生产类、草学类、林业类...",成都,尽快投递,2026届,"本科,硕士,博士",春招专场,四川国资,https://mp.weixin.qq.com/s/LnL6FdkOvSXjcHvPW6bX0w,https://exam.ciicscjob.com/?id=2054841313848721408,涵盖工商管理学、经济学、农业经济管理类、管理学类、畜牧牧业、测绘类、公共管理类、马克思主义理论类、法学类、植物生产类、草学类、林业类、动物生产类等相关专业,/,,,,
2026/07/02,潮州市博物馆,事业单位,文化/传媒/广告/体育,"暑期志愿实习生,文化志愿者（历史、文博、教育、设计）",潮州,尽快投递,"2027, 2028届","大专,本科,硕士,博士","实习, 暑期实习",潮博,https://mp.weixin.qq.com/s/Gi9PMpPfRRatPtzdAgOHzQ,https://mp.weixin.qq.com/s/Gi9PMpPfRRatPtzdAgOHzQ,"历史,文博,教育,设计",/,,,,
2026/07/02,中粮科工,央国企,农林牧渔,设计岗，仓储、饲料工艺设计师，工艺设计师，工艺工程师，安全环保员，质检专员，机械工程师，国际业务销售岗,"东营, 开封, 无锡, 武汉, 西安, 郑州",尽快投递,"2027, 2028, 2029届","本科,硕士,博士","实习, 暑期实习",中粮科工,https://mp.weixin.qq.com/s/F9JKgcUBPDJ7cKYdbebPuw,https://campus.51job.com/cofco/about3.html#T,/,/,,,,
2026/07/02,北京华让律师事务所-刑事业务部,民企,法律,刑事业务部暑期实习生（法学、刑法、刑诉法、法律）,北京,2026-07-31,2027届,"本科,硕士,博士","实习, 暑期实习",北京华让律师事务所,https://mp.weixin.qq.com/s/FzZOfnefsNlbffqpFtiolQ,https://mp.weixin.qq.com/s/FzZOfnefsNlbffqpFtiolQ,法律相关专业优先,/,,,,
2026/07/02,鲁南制药,民企,医疗/医药/生物,生产管培生(26年以前毕业亦可投递）,临沂,尽快投递,"2025, 2026届","本科,硕士,博士",春招补招,鲁南制药招聘,https://mp.weixin.qq.com/s/_vyt3LxLtH-M3pG1H96ayA,https://mp.weixin.qq.com/s/_vyt3LxLtH-M3pG1H96ayA,"化学化工,药学,中药学,制药工程等相关专业",/,,,,
2026/07/02,华东交通大学,事业单位,教育/培训/科研,专职辅导员,南昌,2026-07-08,2026届,"硕士,博士",春招专场,华东交通大学,https://mp.weixin.qq.com/s/q7Pd81wZdilHdoBJProLJg?scene=1,https://rsc.ecjtu.edu.cn/,/,有笔试,,,,
2026/07/02,电科东信,央国企,机械/制造业,研发类;技术类,"北京, 杭州, 珠海",尽快投递,2026届,"硕士,博士",春招专场,中国电科,https://mp.weixin.qq.com/s/mTg7AkmSmLxl4bnGaRsYEw?scene=1&click_id=50,https://mp.weixin.qq.com/s/mTg7AkmSmLxl4bnGaRsYEw?scene=1&click_id=50,"通信技术类,计算机软件类,电子电气类,自动化控制类,应用数学类",/,,,,
2026/07/02,南昌师范学院,事业单位,教育/培训/科研,体育教师岗;专职辅导员岗,南昌,2026-07-08,2026届,"硕士,博士",春招专场,江西组工微讯,https://mp.weixin.qq.com/s/ZL3CkZIIM087WC6T12JptA?scene=1,https://e.jxrcrsksta.com/exam?examId=275,/,有笔试,,,,
2026/07/02,重庆长江轴承,央国企,房地产业/建筑业,试验工程师;设计、工艺研发工程师;技术员(文件规定，择业期视同应届毕业生),重庆,2026-07-15,"2024, 2025, 2026届","本科,硕士,博士",春招专场,重庆国资,https://mp.weixin.qq.com/s/MXaPRKdWc-GVM_jhMTFFhQ,https://www.cqrc.net/gzw/index/,机械、材料等相关专业,有笔试,,,,
2026/07/02,美之选食品,民企,快速消费品,食品研发;质量控制;生产管理;市场营销;电子商务;供应链管理;拍摄剪辑;自动化控制;区域经理;DSR业务代表,贵阳,尽快投递,2026届,"本科,硕士,博士",春招专场,美之选食品,https://mp.weixin.qq.com/s/T6BXiWUPrJhMIfaTnisDpQ,https://mp.weixin.qq.com/s/T6BXiWUPrJhMIfaTnisDpQ,"拍摄剪辑,自动化控制,区域经理,DSR业务代表相关专业优先，其他专业欢迎投递",有笔试,,,,
2026/07/02,西南计算机有限责任公司,央国企,通信/电子/半导体,总体设计师(文件规定择业期视同应届毕业生）,重庆,2026-09-30,"2024, 2025, 2026届",博士,春招专场,重庆国资,https://mp.weixin.qq.com/s/pdaIgG8XhNgoui7WuJAmYg,https://www.cqrc.net/gzw/index/,人工智能、计算机科学与技术、软件工程、电子信息、电子科学与技术、通信工程、控制工程、信息安全、数据科学与大数据技术等理工类相关专业,有笔试,,,,
2026/07/02,广州白云山中一-奇星药业,央国企,医疗/医药/生物,销售管理岗(学术、网络管理岗、数字化管理岗、药品检验岗(理化),广州,尽快投递,2026届,"本科,硕士,博士",春招专场,广州白云山中一招聘,https://mp.weixin.qq.com/s/PEFc9hWqCM8yk6e0WmQ5bg?scene=1&click_id=37,https://mp.weixin.qq.com/s/kh_PUGmQxqR6p1V9-_JDRg,销售管理岗(学术):临床医学、中医学、中西医结合、中药学、药学相关专业；网络管理岗:计算机、网络安全相关专业；数字化管理岗:软件工程、计算机技术、网络安全、物联网技术、网络工程相关专业,/,,,,
2026/07/01,京东,民企,IT/互联网/游戏,TET管理培训生,"北京, 宿迁",尽快投递,2027届,"本科,硕士,博士",秋招专场,京东招聘,https://mp.weixin.qq.com/s/BAk0Wn1Uy2I9CSIfevy68g,https://campus.jd.com,/,有笔试,,,,
2026/07/01,思瑞浦,合资,通信/电子/半导体,模拟设计工程师;芯片应用工程师;研发测试工程师;版图设计工程师;数字设计工程师;现场应用工程师;技术销售管培生;可靠性与失效分析工程师;封装工程师;PMC工程师;实验工程师;器件研发工程师;ESD设计工程师,"上海, 北京, 天津, 成都, 杭州, 深圳, 苏州, 西安, 海外",尽快投递,2027届,"本科,硕士,博士",秋招专场,3PEAK Plus,https://mp.weixin.qq.com/s/rX79HCOMQixzkw3ZkVvy0w,https://app.mokahr.com/campus-recruitment/3peakic/67894?locale=zh-CN#/,/,有笔试,,,,
2026/07/01,中原普惠担保,央国企,金融业,客户经理助理实习生;风控法务助理实习生,鹤壁,2026-07-15,2027届,"本科,硕士,博士",暑期实习,中原普惠担保,https://mp.weixin.qq.com/s/7mPuik57vV8hd_trYTHDDg?click_id=611587066,https://mp.weixin.qq.com/s/7mPuik57vV8hd_trYTHDDg?click_id=611587066,经济、金融、财务、审计、法律、计算机等相关专业优先，特别优秀者可放宽条件,/,,,,
2026/07/01,艾达乐博,民企,IT/互联网/游戏,游戏策划;游戏设计师(UI/原画);开发工程师(Python/iOS);平台产品经理,"北京, 成都",尽快投递,2027届,"本科,硕士,博士","实习, 暑期实习",艾达乐博idealabs,https://mp.weixin.qq.com/s/i6VdPEBxVxYP20DZSjcvcQ,https://idealabs.world/,/,/,,,,
2026/07/01,中国广电,央国企,通信/电子/半导体,数字化建设管理岗;算力技术研究岗,北京,2026-07-24,2026届,"硕士,博士",春招补招,中国广电,https://mp.weixin.qq.com/s/4MQbvKZsSoqutF6gmfu7HQ,https://xyzp.51job.com/cbncjsz2026/,"数字化建设管理岗：软件工程,计算机科学与技术,电子信息,信息与通信工程,数学,物理学,智能科学与技术,电子科学与技术,控制科学与工程,电气工程；算力技术研究岗：电子科学与技术,信息与通信工程,计算机科学与技术,智能科学与技术,电子信息,软件工程,信息资源管理,控制科学与工程",有笔试,,,,
2026/07/01,乐鑫科技,民企,通信/电子/半导体,芯片设计;嵌入式软件;人工智能;产品工程;企业职能;商务与市场,"上海, 苏州",尽快投递,2027届,"本科,硕士,博士",秋招专场,乐鑫科技招聘,https://mp.weixin.qq.com/s/mTVQA7mrhrni-5VcXM_u7g,https://www.espressif.com/zh-hans/join-us/job-search?field_job_classification_tid%5B0%5D=2575&amp;field_job_classification_tid%5B1%5D=2577&amp;field_job_classification_tid%5B2%5D=2573,/,有笔试,,,,
2026/07/01,滨州邮政,央国企,交通/物流/仓储,管培生-寄递方向;管培生-综合（人力资源管理）方向;管培生-综合（财务管理）方向,滨州,尽快投递,"2024, 2025, 2026届","硕士,博士",春招补招,滨州邮政,https://www.xiaozhaoya.com/detail?id=41431,https://bzyz.zhaopin.com/jobs/index.html,寄递方向未明确；综合人力资源管理方向：人力资源管理、企业管理等相近或相关专业；综合财务管理方向：会计学、财务管理、审计等相近或相关专业,有笔试,,,,
2026/07/01,国迪咨询,民企,咨询,品牌与市场研究实习生;公众号与内容支持实习生;跨境电商与渠道观察实习生;项目资料与方案支持实习生,上海,尽快投递,"2027, 2028届","本科,硕士,博士",暑期实习,国迪咨询,https://mp.weixin.qq.com/s/EMQqMLCwvyfFJpzzuFFZrQ?scene=1,https://mp.weixin.qq.com/s/sadSTN4yjcrVLBTuh0yYMA,专业不限,/,,,,
2026/07/01,金华成泰农商银行,集体所有制,金融业,运营经理实习助理;客户经理实习助理,金华,2026-07-12,2027届,"本科,硕士,博士",暑期实习,金华成泰农商银行,https://mp.weixin.qq.com/s/wyrYLW-IKhLh-BGxWDJBFg,https://mp.weixin.qq.com/s/wyrYLW-IKhLh-BGxWDJBFg,专业不限,/,,,,
2026/07/01,新东方合肥学校,民企,教育/培训/科研,文学素养双语文阅读理科脑力思维教师;初中学习机语文教师;初中学习机数学教师;初中学习机英语教师;初中学习机物理教师;高中数学教师;高中英语教师;高中物理教师;高中化学教师;市场专员;课程销售顾问;网课销售顾问,合肥,尽快投递,2027届,"本科,硕士,博士",秋招提前批,新东方合肥学校招聘,https://mp.weixin.qq.com/s/6HLyeL4CxZBZVP8LgTR3IA,https://bsurl.cn/v2/K24OrwWC,/,/,,,,
2026/07/01,RoboSense,民企,智能硬件,系统架构工程师;影像算法工程师;多传感器融合工程师;数字芯片系统工程师;机械结构工程师;热设计工程师;光学设计工程师;工艺工程师;硬件数字工程师;硬件模拟工程师;器件可靠性IC设计师;产品规划工程师;专利工程师;可靠性测试工程师;系统测试工程师;嵌入式开发工程师;上位机工程师;C++方向软件开发工程师;产品经理;项目经理;具身算法工程师;运动控制工程师;电磁设计工程师;硬件开发工程师,"上海, 深圳",2026-07-15,2027届,"本科,硕士,博士",秋招提前批,RoboSense,https://www.xiaozhaoya.com/detail?id=41427,https://app.mokahr.com/campus-recruitment/robosense/69887#/,/,有笔试,,,,
2026/07/01,多益网络,民企,IT/互联网/游戏,游戏客户端开发工程师;游戏服务器端开发工程师;游戏引擎开发工程师;AI应用开发工程师;算法工程师;软件工程师;Web前端开发工程师;大数据软件开发工程师;运维工程师;开发工程师;游戏策划助理;产品策划助理;游戏测试;用户研究分析师;策划助理(通用类);原画设计师;技术美术/TA;特效设计师;动作设计师;视觉设计师;游戏声音设计师;三维模型设计师;游戏UI设计师;视频设计师;美术PM助理;游戏运营;游戏运营(海外方向);灵活职业岗;综合文员;预算专员;法务专员;行政专员;人事专员,"广州, 杭州, 武汉",尽快投递,2027届,"本科,硕士,博士",秋招提前批,多益网络招聘,https://mp.weixin.qq.com/s/eZKjE-4QXcTyxvcuDUe2oQ,https://xz.duoyi.com/YNa,/,有笔试,,,,
2026/07/01,锐石创芯,民企,通信/电子/半导体,射频设计工程师（PA）;射频验证工程师;基带算法IC设计工程师;高速数字IC设计工程师;产品工程师;工艺工程师;模组验证工程师;物联运营生产加工;智能制造制程工程师;射频测试工程师;射频系统工程师;AE/应用工程师;财务专员,"上海, 成都, 深圳",尽快投递,2027届,"本科,硕士,博士",秋招专场,RadRock锐石创芯,https://mp.weixin.qq.com/s/TPNBtkUgKHKzErVaZFgWKA,https://radrocktech.jobs.feishu.cn/531403/m/?spread=Q13728Z,"电子信息,微电子,通信工程,物理,计算机,自动化,财务相关专业",有笔试,,,,
2026/07/01,华芯天微,民企,通信/电子/半导体,射频工程师（预研岗）;光学工程师（预研岗）;智能算法工程师;电磁算法工程师;MMIC工程师;天线工程师;微波工程师;FPGA工程师;结构工程师;C#软件工程师;机械自动化工程师;系统工程师,成都,尽快投递,2027届,"硕士,博士",秋招专场,华芯天微,https://mp.weixin.qq.com/s/cZ3llBGB-5cYsdUgNzd3Tw,https://weixin.qq.com/r/szhKUnDEMi1NrTQx922h,"无线电物理,电磁场与微波技术,微电子,电路,通信,机械工程,天线,自动化,计算机相关专业",有笔试,,,,
2026/07/01,中科光电,民企,通信/电子/半导体,FPGA类;硬件类;光学类;机电类;算法类;软件开发类,合肥,2026-08-16,2027届,"硕士,博士",秋招提前批,中科光电招聘,https://mp.weixin.qq.com/s/BF6FErkGjf7D9_veskPkdA,https://weixin.qq.com/r/mp/OxwfB6PEnv7hredk90kp,/,/,,,,
2026/07/01,默华医疗,民企,医疗/医药/生物,学术推广实习生;研发实习生;质量管理管培生,"岳阳, 广州, 长沙",尽快投递,2027届,"本科,硕士,博士",暑期实习,默华招聘,https://mp.weixin.qq.com/s/QoRJcfyZSC-f6RohETbZZQ,https://mp.weixin.qq.com/s/QoRJcfyZSC-f6RohETbZZQ,/,/,,,,
2026/07/01,中物院-软件中心,事业单位,IT/互联网/游戏,暑期实习岗,"北京, 绵阳",尽快投递,2027届,"硕士,博士",暑期实习,中物院高性能数值模拟软件中心,https://mp.weixin.qq.com/s/GAMLmaKrlUFT5WY1WJejUQ,http://www.caep-scns.ac.cn/job_list_practice.php,计算数学、计算图形学、计算机辅助设计、计算机科学与技术、人工智能、力学、固体力学、流体力学、工程力学、计算流体力学等相关专业,/,,,,
2026/06/30,株洲城发集团,央国企,房地产业/建筑业,本次计划招聘23人，招聘岗位及要求详见附件《株洲市城市发展集团有限公司2026年应届毕业生校园招聘计划表》。,株洲,2026-07-09,2026届,"本科,硕士,博士",春招补招,株洲城发集团,https://mp.weixin.qq.com/s/x843m3nBjL1P7wML_W1xTA?scene=1,https://zzcfjt.zhaopin.com,/,有笔试,,,,
2026/06/30,科大讯飞,民企,IT/互联网/游戏,飞凡计划-研发方向;飞凡计划-产品方向;飞凡计划-营销方向,合肥,尽快投递,"2025, 2026, 2027届","本科,硕士,博士",秋招专场,科大讯飞招聘,https://mp.weixin.qq.com/s/OEW0DyGsAZUxlUtEWfUwvQ,https://iflytek.zhiye.com/5/jobs?sessionid=,理工科优先,/,,,,
2026/06/30,青莲食品,民企,快速消费品,食品产品管培生,嘉兴,尽快投递,2026届,"硕士,博士",春招补招,青莲人,https://mp.weixin.qq.com/s/2zB6Ipm3jsV506q3EKmnFg?scene=1&click_id=512268310,https://mp.weixin.qq.com/s/2zB6Ipm3jsV506q3EKmnFg?scene=1&click_id=512268310,食品科学与工程、市场营销等相关专业优先，其他专业也可,/,,,,
2026/06/30,镭目科技,民企,机械/制造业,研发储备干部;管理储备干部;核工业销售经理;大客户销售经理;海外大客户销售经理;售前工程师;算法工程师;AI工程师;软件工程师;电气/自动化工程师;机械工程师;冶金工程师;电子工程师;材料研发工程师,"北京, 衡阳, 长沙",尽快投递,2027届,"本科,硕士,博士",秋招专场,镭目公司,https://mp.weixin.qq.com/s/-6fAb7nTtbm6EWRBaZPVSQ,https://mp.weixin.qq.com/s/-6fAb7nTtbm6EWRBaZPVSQ,各岗位对应不同专业，涵盖理工类、计算机类、市场营销类等相关专业,有笔试,,,,
2026/06/30,爱立信,外企,通信/电子/半导体,Future Star销售培训生;无线网络工程师;网络优化工程师,"北京, 南京, 南昌, 广州, 重庆, 全国多地",尽快投递,2026届,"本科,硕士,博士",春招补招,爱立信中国招聘,https://mp.weixin.qq.com/s/gFYH8EWHECBne69HZ8P12w,https://www.moseeker.com/positions/index/cid/3123386?candidateSource=1&employment_type=0&moseeker_track_code=njj==,销售培训生要求理工科背景，其余岗位未明确,/,,,,
2026/06/30,穹彻智能,民企,智能硬件,VLA算法 世界模型算法 机器人算法(运控方向) 具身Agent算法 多模态算法 Training Infra/Machine Learning Infra SLAM 算法 机器人本体硬件工程师,上海,尽快投递,2027届,"硕士,博士",秋招专场,穹彻智能招聘,https://mp.weixin.qq.com/s/LR6BvAhbjuMPc4GtYQGkug,https://mp.weixin.qq.com/s/LR6BvAhbjuMPc4GtYQGkug,/,/,,,,
2026/06/30,内蒙古农商银行,央国企,金融业,总行管培生;分支机构工作人员,"乌兰察布, 乌海, 兴安盟, 包头, 呼和浩特, 巴彦淖尔, 赤峰, 通辽, 鄂尔多斯, 锡林郭勒盟, 阿拉善盟",2026-07-20,"2026, 2027届","本科,硕士,博士",秋招专场,内蒙古农商银行锡盟中心支行,https://mp.weixin.qq.com/s/feqy34mSmt2VT5HXrc2ilA?click_id=1123127941,https://nmnshxy2026.hersingdat.com/,总行科技管培生：信息科技相关理工类专业；总行业务岗管培生及分支机构业务岗：经济金融类、财会审计类、法律类、农牧类、能源化工类、信息科技相关理工类专业；所有岗位允许双学位报考，可适当放宽专业限制,有笔试,,,,
2026/06/30,曲靖曲电,央国企,能源/化工/环保,财务管理;市场营销;电力工程项目设计;电力工程项目建设与管理,曲靖,2026-07-02,2027届,"本科,硕士,博士",暑期实习,曲电投,https://mp.weixin.qq.com/s/0ouPGasjKuSsTaJfG-OdSA,http://120.26.88.18:9402/pc/#/notice/details?id=310,"会计学,财务管理学,电气工程,工程管理,土木工程,市场营销",/,,,,
2026/06/30,中化商务,央国企,财务/审计/税务,招标采购项目助理 电商运营助理 人力资源助理 商务助理 财务运营助理 ,"上海, 北京",尽快投递,2027届,"本科,硕士,博士",暑期实习,中化商务党群人力,https://mp.weixin.qq.com/s/7qY4sGxFsB1Fo66PE7Xx5Q,https://sinochem.hotjob.cn/SU611a641a0dcad4106f04950e/mc/position/intern?sharePostKey=e684ec264b8946c2ad508ef4871d699c,专业不限,/,,,,
2026/06/30,艾欧谱特数字科技,民企,IT/互联网/游戏,新媒体运营实习生;运营实习生;数据分析实习生;AI工程师实习生,"昆明, 深圳",尽快投递,2027届,"本科,硕士,博士",暑期实习,艾欧谱特,https://mp.weixin.qq.com/s/E-_5WSqS0R-crCpPAnShug,https://mp.weixin.qq.com/s/E-_5WSqS0R-crCpPAnShug,不限专业,/,,,,
2026/06/30,甘肃农商银行,央国企,金融业,大堂经理助理岗;客户经理助理岗,"兰州, 全国多地",2026-07-03,2027届,"本科,硕士,博士",暑期实习,甘肃农村商业银行,https://mp.weixin.qq.com/s/1DY0hwvjk8Ia_GIpFh00Dg,https://c.exam-sp.com/t/gsyfjh,/,/,,,,
2026/06/30,秦农银行,央国企,金融业,金融科技实习生,西安,2026-07-05,2027届,"硕士,博士",暑期实习,秦农银行,https://mp.weixin.qq.com/s/p1Iwi7Ue9nbRWfSLHtsZbw,https://mp.weixin.qq.com/s/p1Iwi7Ue9nbRWfSLHtsZbw,"计算机类,电子信息类,数学类等相关专业",/,,,,
2026/06/30,新中大,民企,IT/互联网/游戏,AI产品助理;工程产品助理;算法工程师;JAVA开发工程师;REACT前端开发工程师;测试工程师;实施工程师;二开工程师;客户经理;市场助理（品牌宣传）;市场助理（市场活动）;企业文化助理;财务助理,"上海, 北京, 太原, 杭州, 全国多地",尽快投递,2027届,"本科,硕士,博士",秋招专场,遇见新中大er,https://mp.weixin.qq.com/s/OD0N30qrrUgW-9UspxjnsA,https://app.mokahr.com/campus-recruitment/newgrand/151701?locale=zh-CN#/jobs,各岗位专业要求不同，涵盖计算机、人工智能、土木、建筑、市场营销、财务等多个专业类别,有笔试,,,,
2026/06/30,长江存储,民企,通信/电子/半导体,电路设计类 工艺技术类 工程技术类；,"上海, 北京, 武汉",尽快投递,2027届,"本科,硕士,博士",秋招提前批,长江存储招聘,https://mp.weixin.qq.com/s/CTT_8EfOtFAiWBxr39YY3g,https://ymtc-campus.zhiye.com/campus/jobs?sessionid=,/,/,,,,
2026/06/30,智能精准学,民企,教育/培训/科研,产品岗;教研岗;职能岗,杭州,尽快投递,2027届,"本科,硕士,博士","实习, 暑期实习",智能精准学招聘,https://mp.weixin.qq.com/s/tRFwUlxnnxK-VqvYqhIVSQ,https://www.91jzx.cn/join-us/,/,有笔试,,,,
2026/06/30,瞬原科技,民企,IT/互联网/游戏,聚变算法实习生;聚变模拟实习生;AI4Fusion算法实习生;聚变综合研发实习生;软件研发实习生;AI运维实习生,北京,尽快投递,2027届,"本科,硕士,博士","实习, 暑期实习",瞬原科技,https://mp.weixin.qq.com/s/hSAmeCBNAhiMGf0EVynLnQ,https://veloalpha.feishu.cn/share/base/form/shrcneLRW3zFdonbOo0YLLi6CGb,聚变算法岗要求等离子体/计算物理相关专业；聚变模拟岗要求磁约束聚变、流体力学、应用数学相关专业；软件研发岗要求计算机、计算物理相关专业；AI运维岗要求经管、新媒体、计算机、AI相关专业；其余岗位可适配多专业背景,/,,,,
2026/06/30,金发科技-清远基地,民企,能源/化工/环保,财务管理实习生 人力资源实习生 品质管理实习生 安全管理实习生 客户服务实习生 行政管理实习生 计划/物控实习生 IE工程/制造管理实习生；,清远,尽快投递,2027届,"本科,硕士,博士","实习, 暑期实习",金发科技招聘,https://mp.weixin.qq.com/s/JIANN75oE7hEV50FdItFzw,https://kingfa.zhiye.com/intern/jobs,/,/,,,,
2026/06/30,国网浙江电力,央国企,能源/化工/环保,电气工程、电力系统及其自动化、高电压与绝缘技术等电工类相关专业。本科阶段所学专业也需为电工类。,"丽水, 台州, 温州, 舟山, 衢州, 金华",2026-07-03,2027届,"硕士,博士","实习, 暑期实习",浙电e家,https://mp.weixin.qq.com/s/wY0YSdZzoH9sbz9ifd92VQ,https://zhaopin.zj.sgcc.com.cn/index.html#/recruitNoticeDetail/2071544031733317633,电气工程、电力系统及其自动化、高电压与绝缘技术等电工类相关专业，本科阶段所学专业也需为电工类,/,,,,
2026/06/29,基恩士,外企,机械/制造业,销售工程师/销售,"上海, 东莞, 中山, 北京, 南京, 厦门, 合肥, 大连, 天津, 宁波, 宿州, 广州, 成都, 无锡, 杭州, 武汉, 济南, 深圳, 苏州, 西安, 重庆, 长春, 长沙, 青岛",尽快投递,2027届,"本科,硕士,博士",秋招专场,华政就业创业,https://mp.weixin.qq.com/s/XI5kMukDQtVHdObo3js75Q,https://keyence.zhiye.com/campus/jobs?shareId=7482f4a5-5dae-429e-8ce1-3a96e3eb8dfc&shareSource=2&qr=1&memory={}&silence=1&sessionid=,不限,/,,,,
2026/06/29,卓越教育,民企,教育/培训/科研,小初素质类教师;高中素质类教师;卓越教育校园大使;人力实习生,"东莞, 中山, 佛山, 广州, 江门, 深圳, 珠海",尽快投递,2027届,"本科,硕士,博士","实习, 秋招提前批",华师就业资讯,https://mp.weixin.qq.com/s/MnkgI0_rKTZmO9J2F-JDtg,https://wecruit.hotjob.cn/SU5ebbc82b9b0d784cecb578b0/pb/school.html?postKey=27%E5%B1%8A%E6%A0%A1%E6%8B%9B,/,/,,,,
2026/06/29,美赞臣中国,外企,快速消费品,新业务品牌管理培训生;财务管理培训生;供应链管理培训生,广州,尽快投递,2026届,"本科,硕士,博士",春招补招,美赞臣中国招聘,https://mp.weixin.qq.com/s/0sDTYM9hsVovYU86Kk_0Bg,https://meadjohnson.zhiye.com/campus/jobs,/,/,,,,
2026/06/29,中芯国际,其他,通信/电子/半导体,技术研发类 电路研发类 工艺工程类 设备管理类 智能制造类 软件算法类 质量管理类 工程支持类 职能支持类；,"上海, 北京, 天津, 深圳",尽快投递,2026届,"本科,硕士,博士",春招专场,中芯国际微招聘,https://mp.weixin.qq.com/s/uhi-eAf0a2kuSZ_FEr0Lsw,http://smics.zhiye.com/campus,电子信息类、集成电路类、材料类、物理类、化学类、光学类、机械类、自动化与控制类、计算机信息技术类、智能制造类、数学类、环境与安全类、管理科学与工程类、管理类等相关专业,/,,,,
2026/06/29,第一创业证券,民企,金融业,投研助理岗 研究员 信用销售交易助理 产品运营岗 综合运营岗 基金服务运营岗 交易员 估值核算岗 交易支持岗,"上海, 深圳",尽快投递,2027届,"本科,硕士,博士",暑期实习,第一创业招聘,https://mp.weixin.qq.com/s/j0nHi9qBatj_2euSRHARDA,https://wecruit.hotjob.cn/SU6212eaf20dcad466450cc295/pb/interns.html?projectCode=101501,/,/,,,,
2026/06/29,乾元国家实验室,事业单位,教育/培训/科研,电子科学与技术、信息与通信工程、数学、物理学、计算机科学与技术、人工智能、控制科学与工程等相关专业。,杭州,2026-08-02,2027届,博士,"实习, 暑期实习",乾元实验室,https://mp.weixin.qq.com/s/or0J4_Tmumkgyk1mau7fJA,https://mp.weixin.qq.com/s/or0J4_Tmumkgyk1mau7fJA,"电子科学与技术,信息与通信工程,数学,物理学,计算机科学与技术,人工智能,控制科学与工程等相关专业",/,,,,
2026/06/29,高途,民企,教育/培训/科研,主讲老师类 国际教育类 顾问类 二讲类 运营类 主播类 职能类；,"上海, 东莞, 佛山, 北京, 南京, 南昌, 合肥, 天津, 太原, 广州, 徐州, 成都, 杭州, 武汉, 沈阳, 济南, 深圳, 温州, 石家庄, 苏州, 西安, 郑州, 重庆, 锦州, 长沙",尽快投递,2027届,"本科,硕士,博士",秋招提前批,高途招聘服务号,https://mp.weixin.qq.com/s/E5c6GIXWYrDneTcpzSKRxg,https://app.mokahr.com/campus-recruitment/bjhl/102145?locale=zh-CN&sessionid=#/jobs?page=1&anchorName=jobsList&keyword=2027%E6%A0%A1%E6%8B%9B,/,有笔试,,,,
2026/06/29,科华数据,民企,能源/化工/环保,电气工程类、自动化类、控制工程类、智能电网类、电子信息类、机电类等相关专业,"厦门, 深圳, 漳州",尽快投递,2027届,"硕士,博士",秋招提前批,科华招聘,https://mp.weixin.qq.com/s/2eGWadogeul3DXrVLK8h1g,https://app.mokahr.com/campus-recruitment/kehua/92510#/jobs?page=1&anchorName=jobsList,电气工程类、自动化类、控制工程类、智能电网类、电子信息类、机电类相关专业,/,,,,
2026/06/29,北芯生命,民企,医疗/医药/生物,研发类实习生;营销类实习生;职能类实习生,"深圳, 全国多地",尽快投递,2027届,"本科,硕士,博士",暑期实习,北芯招聘,https://mp.weixin.qq.com/s/4S-vZ4c-xDGnXtcT0D0J9Q,https://insight-med.zhiye.com/intern/jobs,理工科：生物医学工程、计算机、人工智能、电子类、仪器仪表类、自动化、动力机械、应用数学、物理、通信工程、网络工程、材料等相关专业；文科类：财务、会计、行政管理、人力资源管理、心理学、工商管理、市场营销、法学、平面设计、新媒体、汉语言、新闻传播等相关专业,/,,,,
2026/06/29,中兴通讯,民企,通信/电子/半导体,AI算法工程师;软件开发工程师;硬件开发工程师;算法工程师;IC开发工程师;射频开发工程师;技术预研工程师;电源开发工程师;结构设计工程师;软件测试工程师;网络安全工程师;热设计工程师;器件工程师;可靠性工程师;力学设计工程师;MKT经理;客户经理;项目交付经理;网络技术工程师;数字化应用开发工程师;技术管理工程师;供应链数智化开发工程师,"三亚, 上海, 乌鲁木齐, 兰州, 北京, 南京, 南昌, 合肥, 呼和浩特, 哈尔滨, 天津, 广州, 成都, 昆明, 杭州, 武汉, 沈阳, 河源, 济南, 深圳, 石家庄, 福州, 西安, 贵阳, 郑州, 重庆, 长春, 长沙",尽快投递,2027届,"本科,硕士,博士",秋招提前批,中兴通讯招聘,https://mp.weixin.qq.com/s/yNl6WYL2D3iuIIzrQ66xMA,https://job.zte.com.cn/cn/campus-recruitment/Recruitment_positions/future.html,/,/,,,,
2026/06/29,国网电科院-南瑞集团,央国企,能源/化工/环保,电工类：电气工程、电力系统及其自动化、电力电子与电力传动等；计算机类：人工智能、计算机科学与技术等；,南京,2026-07-03,2027届,"硕士,博士",暑期实习,南瑞招聘,https://mp.weixin.qq.com/s/fXl9ecDN2UkcdGzyNIVyUA,https://jsj.top/f/yQEfzV,电工类：电气工程、电力系统及其自动化、电力电子与电力传动等；计算机类：人工智能、计算机科学与技术等,/,,,,
2026/06/29,伏达半导体,民企,通信/电子/半导体,模拟设计实习生;硬件应用实习生(系统方向);硬件应用实习生;芯片测试开发实习生;数字设计实习生;数字验证实习生;固件应用实习生;现场应用实习生(硬件);现场应用实习生(软件),"上海, 合肥, 杭州, 深圳",尽快投递,2027届,"本科,硕士,博士","实习, 暑期实习",伏达半导体,https://mp.weixin.qq.com/mp/wappoc_appmsgcaptcha?poc_token=HICDQmqjr8-m1w49SwZzLWEKWiLhvEluWDbqrm3E&target_url=https%3A%2F%2Fmp.weixin.qq.com%2Fs%2FqzwgGZG7jSjEB8QC8WM1lg,https://www.nuvoltatech.com.cn/join/campus/,"集成电路,微电子,电力电子,电气工程,自动化,通信等相关专业",/,,,,
2026/06/28,济南邮政,央国企,交通/物流/仓储,各县区分公司支局网点柜员/金融客户经理。,济南,尽快投递,"2024, 2025, 2026届","本科,硕士,博士",春招补招,济南邮政,https://mp.weixin.qq.com/s/30vxjNjIxbJKsLpumGhRTw,https://jnyz2026.zhaopin.com/jobs/index.html,"经济学类,管理学类,工学类,理学类",有笔试,/,,,
2026/06/28,中国动漫集团,央国企,文化/传媒/广告/体育,人工智能培训课程开发岗;动漫游戏大数据工具及产品开发岗,北京,2026-07-05,2026届,"硕士,博士",春招补招,动漫文化,https://mp.weixin.qq.com/s/MaYtMMj-q-cSudMsP9Q1Yg,https://mp.weixin.qq.com/s/MaYtMMj-q-cSudMsP9Q1Yg,软件工程（专业代码0835）,有笔试,/,,,
2026/06/28,中国质检院,事业单位,教育/培训/科研,政策分析岗;科学技术岗;政策研究岗;技术支撑岗;无人机检测技术岗;智能模型和整机性能检测技术岗;具身智能机器人安全检测技术岗;技术评审岗;编辑研究岗;新媒体运营岗;人力资源规划与绩效管理岗,北京,尽快投递,2027届,"硕士,博士","实习, 暑期实习",中国质量检验检测科学研究院,https://mp.weixin.qq.com/s/EEyUWCeA1uaWCS4H_HwK-w,https://mp.weixin.qq.com/s/EEyUWCeA1uaWCS4H_HwK-w,"航空航天,机械,自动化,计算机,材料,电子信息,控制科学与工程,智能科学与技术,化学,生物与医药,经济学,管理学,理学,工学,农学,英语,新闻学,人力资源管理",/,/,,,
2026/06/28,中国航天科工六院,央国企,机械/制造业,航空宇航类 力学类 材料类 化学类 控制类 计算机类 安全工程类 电子信息类 机械类 物理学类 数学类 人工智能类,"呼和浩特, 淮安, 西安",2026-07-12,2027届,"硕士,博士",秋招提前批,航天科工六院人才招聘,https://mp.weixin.qq.com/s/tNH1G_LER6n7w2-DaQuGdQ,https://casic.m.zhiye.com/joblist.html?jc=2&ky=π=1&ps=10&c1=&c2=3_35&c=,"航空宇航类,力学类,材料类,化学类,控制类,计算机类,安全工程类,电子信息类,机械类,物理学类,数学类,人工智能类",/,/,,,
2026/06/28,上海华建工程建设咨询,央国企,房地产业/建筑业,设计师;前期策划咨询;项目管理（进度管理与综合管理）;项目管理（造价与合约管理）;项目管理（施工现场土建管理、机电安装管理）;研发助理;BIM助理工程师;双碳咨询师;造价工程师助理;土建监理,上海,尽快投递,2027届,"本科,硕士,博士",暑期实习,上海华建工程建设咨询,https://mp.weixin.qq.com/s/79sbbYtMtWzajqik1AJHZA,https://mp.weixin.qq.com/s/79sbbYtMtWzajqik1AJHZA,建筑、结构、给排水、暖通、电气、工程、管理、土木工程、建筑工程、工程造价、建筑电气、机电、建筑经济等相关专业,/,/,,,
2026/06/28,长飞光纤,民企,通信/电子/半导体,产品/技术研发类 工艺类 智能制造和装备类 市场营销类 专业职能类；,武汉,尽快投递,2027届,"本科,硕士,博士",秋招专场,长飞光纤,https://yofc2.zhiye.com/campus/jobs?queryId=b7fdeb54-7e77-44ae-aa31-2128dc467fd5,https://yofc2.zhiye.com/campus/jobs?queryId=b7fdeb54-7e77-44ae-aa31-2128dc467fd5,/,/,/,,,
2026/06/28,中国航发黎阳-贵阳所,央国企,机械/制造业,航空发动机类 机械类 材料类 其它专业；,贵阳,2026-07-05,2027届,"本科,硕士,博士",暑期实习,看黎阳,https://mp.weixin.qq.com/s/am2p8Zu_5INPXbDbMzut6A,https://mp.weixin.qq.com/s/am2p8Zu_5INPXbDbMzut6A,"航空发动机类,机械类,材料类,其他相关专业",/,/,,,
2026/06/28,中国航发涡轮院-中国航发成发,央国企,机械/制造业,中国航发四川燃气涡轮研究院、中国航发成都发动机有限公司；具体专业见官方公告及投递方式链接；,"成都, 绵阳",2026-07-12,2027届,"硕士,博士",暑期实习,国聘,https://mp.weixin.qq.com/s/xqW-mYEd5nk4of4KgVlu9A,https://mp.weixin.qq.com/s/xqW-mYEd5nk4of4KgVlu9A,"能源与动力工程,机械工程,飞行器设计,航空三电(电机、电池、电控),发动机控制与健康管理,发动机适航,通用质量特性,过程装备与控制工程,电气工程及其自动化,电子科学与技术,人工智能,计算机科学与技术,信息管理与信息系统,航空宇航科学与技术类,能源与动力类,机械工程类,力学类,计算机及软件类,人工智能与大数据类,材料科学与工程类,物流管理与工程类",/,/,,,
2026/06/28,医渡科技,民企,医疗/医药/生物,真实世界研究业务实习生;医药洞察与咨询分析实习生;ETL实习生;医学运营实习生;大模型算法实习生;大模型应用算法实习生;医学运营实习生;数据分析实习生;大模型产品实习生;商务助理实习生;精细化运营实习生;财务HR实习生;法务实习生;人力资源实习生,"上海, 北京, 广州, 杭州, 福州, 长春",尽快投递,2027届,"本科,硕士,博士","实习, 暑期实习",医渡招聘,https://mp.weixin.qq.com/s/AHEysmQGszZ_dKVeSp0Clw,https://mp.weixin.qq.com/s/AHEysmQGszZ_dKVeSp0Clw,含医学、计算机、生物、统计学、经济学、财务、法学、人力资源等相关专业，各岗位对应要求不同,/,/,,,
2026/06/28,上海核工院,央国企,能源/化工/环保,核科学与技术、能源动力、电气、自动化、控制科学与工程、机械、力学、材料、化工、土木、电子信息等理工类学科、管理类学科。,上海,尽快投递,2027届,"硕士,博士",暑期实习,国家电投上海核工院,https://mp.weixin.qq.com/s/VDhD3KEyMghLDaCjStLGeQ,https://campus.51job.com/snerdiintern/camp/index.html,核科学与技术、能源动力、电气、自动化、控制科学与工程、机械、力学、材料、化工、土木、电子信息等理工类学科、管理类学科,/,/,,,
2026/06/27,必易微,民企,通信/电子/半导体,应用工程师;芯片设计工程师;系统工程师;后端设计工程师;硬件开发工程师;模拟IC设计工程师;数字设计工程师;软件算法工程师,"上海, 厦门, 成都, 杭州, 深圳, 珠海",尽快投递,2027届,"本科,硕士,博士",秋招专场,必易微,https://mp.weixin.qq.com/s/KM8M5MLyPnkMNWhc3MuQ3g,https://www.nowcoder.com/careers/kiwi/174682,"集成电路工程,电力电子,微电子,电子工程,集成电路设计,电子相关专业,电气工程,计算机与自动化,电路与系统,行政管理,法学,财务,供应链管理",有笔试,,,,
2026/06/27,学而思网校,民企,教育/培训/科研,IP主讲实习生 教学研究实习生 教学管理实习生 学科运营实习生；,北京,尽快投递,2027届,"本科,硕士,博士",暑期实习,学而思网校招聘,https://mp.weixin.qq.com/s/Nq_23IPXPEyKawldspYa4w,https://job-xueersionline.100tal.com/kml9K9/campus/positions,/,/,,,,
2026/06/27,中国五矿,央国企,能源/化工/环保,矿业运营岗;生产技术岗;数字信息岗;战略投资岗;人力资源岗;财务会计岗;党建工作岗;安全环保岗;纪检审计岗;法律合规岗;贸易业务岗;行政综合岗,"上海, 北京, 成都, 杭州, 梧州, 济南, 深圳, 西宁, 重庆, 长沙",2026-07-06,2027届,"本科,硕士,博士",暑期实习,五矿招聘,https://mp.weixin.qq.com/s/BgDSKLFxmoux4TtBKKsTBQ,https://wecruit.hotjob.cn/SU62f37858bef57c29ead8adab/pb/interns.html,/,/,,,,
2026/06/27,国新国际,央国企,金融业,投资方向 研究方向 数据治理方向 资管方向 内部审计方向 风控方向 法务方向 人力方向 办公室方向 ,北京,尽快投递,2027届,"硕士,博士",暑期实习,国新国际,https://mp.weixin.qq.com/s/Emi4FJ1yo1RGOMaBNaP6lA,https://mp.weixin.qq.com/s/Emi4FJ1yo1RGOMaBNaP6lA,投资方向要求金融、财会、数据科学、数学、法律、人工智能、材料、能源动力、工程管理、生物医药等相关专业；研究方向要求经济学、金融学、国际关系、数学、工科类相关专业；数据治理方向要求计算机、自动化、数学、经济学、金融学相关专业；资管方向要求经济、金融、数据科学、环境科学相关专业；内部审计方向要求审计、会计、财务管理、金融、经济相关专业；风控方向要求金融、经济、财务、会计、法律、风险管理相关专业；法务方向要求法学、国际经济法、经济法学、行政法学相关专业；人力方向要求人力资源管理、心理学、法学、经济学、管理学相关专业；办公室方向要求政治学、法学、新闻学、经济学、金融、公共管理相关专业,有笔试,,,,
2026/06/27,中工国际,央国企,房地产业/建筑业,实习生-土木工程岗;实习生-电气工程岗;实习生-商务助理岗;实习生-董事会办公室岗;实习生-党建管理岗;实习生-财务审计岗;实习生-科技管理岗;实习生-档案管理岗,北京,尽快投递,2027届,"本科,硕士,博士",暑期实习,国聘,https://mp.weixin.qq.com/s/o_MJ5kqZreyrUA6p-LUsAA,https://mp.weixin.qq.com/s/o_MJ5kqZreyrUA6p-LUsAA,土木工程岗要求土木工程类、土木水利类；电气工程岗要求电气类、电气工程类；商务助理岗要求俄语、西班牙语、葡萄牙语；董事会办公室岗要求法律、财务、金融、管理、传媒、英语；党建管理岗要求文史哲类专业、政治学等；财务审计岗要求财务会计类、工商管理类、审计类；科技管理岗要求机械类、电气工程类、自动化类等工科类；档案管理岗要求图书情报与档案管理类,/,,,,
2026/06/27,郑州易盛信息,央国企,IT/互联网/游戏,暑期实习：优先招收计算机科学与技术、软件工程等相关专业学生。 ,郑州,2026-07-02,2027届,"本科,硕士,博士",暑期实习,郑州易盛信息技术有限公司,https://mp.weixin.qq.com/s/jQj8HRRCrUDxq_k16GcpnQ,https://esunny.zhiye.com/campus/detail?jobAdId=c0610663-529d-4686-a3a2-eee89ce0d0d4,计算机科学与技术、软件工程及相关专业,有笔试,,,,
2026/06/27,永清环保,民企,能源/化工/环保,环境工程 资源循环科学与工程 应用化学 化学工程 工程造价 工程管理 土木工程 工程预算 市场营销 工商管理 电子商务 新媒体营销等专业,长沙,尽快投递,2027届,"本科,硕士,博士",暑期实习,永清环保,https://mp.weixin.qq.com/s/Fu8gUCYqh6UNvqV9UnRUBg,https://mp.weixin.qq.com/s/Fu8gUCYqh6UNvqV9UnRUBg,"环境工程,资源循环科学与工程,应用化学,化学工程,工程造价,工程管理,土木工程,工程预算,市场营销,工商管理,电子商务,新媒体营销",/,,,,
2026/06/27,慧博元年,民企,IT/互联网/游戏,实施顾问实习生  Java开发工程师实习生 ,"上海, 北京",尽快投递,2027届,"本科,硕士,博士","实习, 暑期实习",慧博元年,https://mp.weixin.qq.com/s/ONBEX30numfmDu24n9ANeQ?scene=1&click_id=903632114,https://mp.weixin.qq.com/s/ONBEX30numfmDu24n9ANeQ?scene=1&click_id=903632114,实施顾问实习生：会计学、财务管理、审计学、税务等财会经管类专业；Java开发工程师实习生：信息管理与信息系统、计算机科学与技术、软件工程等计算机相关专业,/,,,,
2026/06/27,欧珠律所,民企,财务/审计/税务,暑期实习生岗位,拉萨,尽快投递,2027届,"本科,硕士,博士",暑期实习,西藏欧珠律所,https://mp.weixin.qq.com/s/grI7nV-VPHBWqlBPS9a57Q?scene=1&click_id=1142452656,https://mp.weixin.qq.com/s/grI7nV-VPHBWqlBPS9a57Q?scene=1&click_id=1142452656,法学,/,,,,
2026/06/27,裕锦私募,民企,金融业,量化研究/开发;基金运营助理,深圳,尽快投递,2027届,"本科,硕士,博士",暑期实习,裕锦私募,https://mp.weixin.qq.com/s/liPWo4L3vSMR4zXEAKrcdw,https://mp.weixin.qq.com/s/liPWo4L3vSMR4zXEAKrcdw,/,/,,,,
2026/06/26,阳光保险,民企,金融业,管培生-人力方向;管培生-品牌方向;管培生-行政方向,全国多地,尽快投递,2026届,"硕士, 博士",春招补招,阳光保险微招聘,https://mp.weixin.qq.com/s/_jG0hlzumDHxLqoXTWEXeA,https://sunzhaopin.sinosig.com/custom/ygbxHr?hideMenu=1,专业不限,/,,,,
2026/06/26,核桃编程,民企,教育/培训/科研,管理培训生,"成都, 武汉, 西安, 长沙",尽快投递,2026届,"本科, 硕士, 博士",春招补招,核桃编程招聘,https://mp.weixin.qq.com/s/-Uthxo2gjDP16aNVqI6f4Q,https://mp.weixin.qq.com/s/-Uthxo2gjDP16aNVqI6f4Q,专业不限,/,,,,
2026/06/26,航天科技集团,央国企,机械/制造业,集团下属各单位岗位，具体见投递方式链接！,"上海, 保定, 北京, 成都, 西安",尽快投递,"2026, 2027届","本科, 硕士, 博士",秋招提前批,中国航天科技集团,https://mp.weixin.qq.com/s/z3LM4t-hkE0QJj_YXBilUw,https://www.spacetalent.com.cn/xcjh.html,"人工智能,集成电路科学与工程,计算机科学与技术,软件工程,智能科学与技术,信息与通信工程,控制科学与工程,电子科学与技术,电子信息,材料科学与工程,仪器科学与技术,力学,电气工程,机械工程,航空宇航科学与技术,测绘科学与技术,动力工程及工程热物理,化学工程与技术,物理学,化学,光学工程,兵器科学与技术,数学,网络空间安全,地图学与地理信息系统,大气科学,核能科学与工程,财务管理,会计学,法学,审计学,金融学,人力资源管理",/,,,,
2026/06/26,金斯瑞,民企,医疗/医药/生物,实验助理岗:生物、化学、药学、检验等专业；后台职能岗:电气自动化、机械、人力资源等专业；,"南京, 镇江",尽快投递,2027届,"大专, 本科, 硕士, 博士","实习, 暑期实习",金斯瑞招聘,https://mp.weixin.qq.com/s/dzB2W3wQyQS78Holriyf6w,https://app.mokahr.com/campus-recruitment/genscript/141122?locale=zh-CN#/jobs,"实验助理：生物,化学,药学,检验等专业;后台职能岗：电气自动化,机械,人力资源等专业",/,,,,
2026/06/26,DeepSeek,民企,IT/互联网/游戏,服务端开发工程师;预训练数据工程师;AI搜索算法/架构工程师;Agent Harness团队;Agent Infra研发工程师;前端/客户端开发工程师;测试开发工程师;AI跨界技术人才;超算集群研发工程师;高性能算子/通信/编译器工程师;大模型训练/推理框架工程师;高性能分布式存储工程师;AI算力集群性能与可靠性工程师;AI平台运维工程师;IT基础设施团队;IDC数据中心团队;AI产品经理;AI产品运营(体验与服务方向);Code Agent数据工程师;通用Agent数据产品经理(办公/生活/搜索);专业领域数据产品经理(小语种、医学法律等学科);AI创作数据产品经理;情感智能数据产品经理;Frontier研究员(持续学习/自进化/新范式);预训练(数据/算法)研究员;后训练(数据/算法)研究员;多模态理解(数据/算法)研究员;HR团队;AGI核心业务管培生;法务团队;财务团队;采购团队;行政团队,"北京, 杭州",尽快投递,2027届,"本科, 硕士, 博士","实习, 暑期实习, 秋招专场",DeepSeek,https://mp.weixin.qq.com/s/LFtjgHJpDt-TPfjD0oUM5w,https://app.mokahr.com/social-recruitment/high-flyer/140576#/jobs,/,/,,,,
2026/06/26,中国邮政储蓄银行-安徽省分行,央国企,金融业,经营管理实习生;金融科技实习生,"六安, 合肥, 安庆, 宣城, 宿州, 池州, 淮北, 滁州, 芜湖, 蚌埠, 铜陵, 马鞍山, 黄山",2026-07-03,2027届,"本科, 硕士, 博士",暑期实习,邮储银行人才招聘,https://mp.weixin.qq.com/s/IrIeRyZD1J1d-aedXHUUOQ,https://campus.51job.com/ahyc2026/job.html,以金融、经济、信息技术、数理统计、财务会计、管理、法律等专业为主,有笔试,,,,
2026/06/26,安泉数智,民企,IT/互联网/游戏,AI应用开发工程师(实习);前端工程师(实习);测试工程师(实习);Java开发工程师(实习);产品经理(实习);安全服务工程师(实习);培训经理(实习);AI售前解决方案工程师(实习);售前技术工程师(实习);售后技术工程师(实习),"北京, 广州, 成都, 杭州, 武汉, 深圳, 长沙",尽快投递,2027届,"本科, 硕士, 博士","实习, 暑期实习",安泉数智,https://mp.weixin.qq.com/s/AyXy2RJz9OcCa4yvv_XhdQ,https://mp.weixin.qq.com/s/AyXy2RJz9OcCa4yvv_XhdQ,/,/,,,,
2026/06/26,江西水投集团,央国企,能源/化工/环保,接受应届生岗位：会计岗，勘察设计岗，水厂调度岗，热线调度岗，施工员，教学经理（相关专业：会计学，财务管理，设计学类，土木类，水利类，土木水利，工程管理，工程造价，市政工程，给排水科学与工程，教育学类，...,"上饶, 九江, 南昌, 吉安, 宜春, 抚州, 景德镇, 赣州",2026-06-26,"2024, 2025, 2026届","本科, 硕士, 博士",社招,江西水投集团,https://www.xiaozhaoya.com/detail?id=41363,https://hrhub.jxsltz.com/RedseaPlatform/zhaopin/zpChannelQrCode/campus_recruit/officeWebsite.mob,/,有笔试,,,,
2026/06/26,泉峰科技,民企,机械/制造业,结构开发类;电子开发类;产品管理类;海外客户管理类;跨境电商类;海外技术支持类,南京,尽快投递,2027届,"本科, 硕士, 博士",秋招提前批,泉峰招聘,https://mp.weixin.qq.com/s/XJXsK1HYRjc0DtBwtMyDhw,https://mp.weixin.qq.com/s/XJXsK1HYRjc0DtBwtMyDhw,/,/,,,,
2026/06/26,福州闽江之心,央国企,文化/传媒/广告/体育,招收毕业生岗位：市场渠道专员（相关专业：艺术管理、文旅管理、市场营销）,福州,2026-07-02,2026届,"本科, 硕士, 博士",春招补招,福州闽江之心,https://www.fzrsrc.cn/news/18_14388.html,https://www.fzrsrc.cn/news/18_14388.html,/,有笔试,,,,
2026/06/26,中国铁建地产,央国企,房地产业/建筑业,工程管理岗;财务管理岗;营销策划岗,"上海, 北京, 合肥, 广州, 成都, 杭州, 武汉, 石家庄, 西安, 贵阳, 长春, 长沙",尽快投递,2027届,"本科, 硕士, 博士",暑期实习,中铁建地产西南公司,https://mp.weixin.qq.com/s/n6pFvPmfKMKXrfHpSP4aIw,https://mp.weixin.qq.com/s/n6pFvPmfKMKXrfHpSP4aIw,/,/,,,,
2026/06/26,山东人才集团,央国企,人力资源服务,专职纪检岗（相关专业：法学类、审计类）,济南,2026-07-01,"2024, 2025, 2026届","本科, 硕士, 博士",春招补招,山东人才集团,http://gzw.shandong.gov.cn/articles/ch00223/202606/8af2f9d4-5f22-46ac-8da7-1200a6855eb6.html,http://gzw.shandong.gov.cn/articles/ch00223/202606/8af2f9d4-5f22-46ac-8da7-1200a6855eb6.html,/,有笔试,,,,
2026/06/26,福州安住发展-福州市晋安区分公司,央国企,房地产业/建筑业,工程管理岗（建筑学、环境设计、土木工程、工程管理相关专业）,福州,2026-06-30,2026届,"本科, 硕士, 博士",春招补招,福州安住发展-福州市晋安区分公司,https://www.fzrsrc.cn/news/18_14376.html,https://www.fzrsrc.cn/news/18_14376.html,/,有笔试,,,,
2026/06/26,福州市建筑设计院,央国企,房地产业/建筑业,未明确,福州,2026-07-02,2026届,"本科, 硕士, 博士",春招补招,福州市建筑设计院,https://www.fzrsrc.cn/news/18_14396.html,https://www.fzrsrc.cn/news/18_14396.html,/,有笔试,,,,
2026/06/26,福州新投发展集团,央国企,房地产业/建筑业,资产证券化运营合规岗、跨境电商运营岗、品质运营岗、法务岗（相关专业：财政金融类、会计与审计类、经济贸易类、工商管理类、电商物流类、新闻传播学类、计算机软件技术类、旅游餐饮类、法学类）,福州,2026-07-01,2026届,"本科, 硕士, 博士",春招补招,新投发展集团,https://www.fzrsrc.cn/news/18_14380.html?__r=9876,https://www.fzrsrc.cn/news/18_14380.html?__r=9876,/,/,,,,
2026/06/26,金鹃传媒,央国企,文化/传媒/广告/体育,数据建模师、程序开发、产品设计、项目运营、媒体运营、地铁广告销售、剪辑运营,合肥,2026-07-07,"2025, 2026届","本科, 硕士, 博士","春招补招, 社招",金鹃传媒,https://ahgzcz.pzhl.net/index.php/exam/notice/?doc_id=22890&EXAMID=9278,https://ahgzcz.pzhl.net/index.php/reg/signlogin/?EXAMID=9278,/,有笔试,,,,
2026/06/26,中国邮政-广西分公司,央国企,交通/物流/仓储,金融柜员、普遍服务农村投递员、普遍服务邮政营业员（相关专业：金融保险类，营销类，经济管理类，风险控制类，统计学类，数学类，计算机类，科技信息与管理类，系统科学类，信息类，数据分析类，新闻传播类，电子商......,"北海, 南宁, 崇左, 来宾, 柳州, 桂林, 梧州, 河池, 玉林, 百色, 贵港, 贺州, 钦州, 防城港",2026-07-06,"2025, 2026届","大专, 本科, 硕士, 博士",春招专场,中国邮政-广西分公司,https://gxyz2026.zhaopin.com/zk/#/notice_new?prantMenuid=287faf009b1b46f7a9ed8a071eceedcb,https://gxyz2026.zhaopin.com/,"法律,财务,审计,金融,法学类,通信工程类,电子信息科学与技术类,计算机类,计算机科学与技术类,金融保险类,营销类,经济管理类,风险控制类,统计学类,数学类,科技信息与管理类,系统科学类,信息类,数据分析类,新闻传播类,电子商务类,物流管理类,交通运输类,信息与通信工程类,财会类,文学类",有笔试,,,,
2026/06/26,联合飞机,民企,机械/制造业,总体工程师;强度工程师;结构工程师;飞控总体工程师;前端工程师;伺服工程师;后端工程师;航电系统工程师;液压系统工程师;电气工程师;环控系统工程师;动力装置防火工程师;燃油系统工程师;橡胶工艺工程师;传动工程师;地面软件工程师;软件测试工程师;起落架工程师;电机电磁工程师;适航工程师;通信测试工程师;旋翼强度设计;桨毂结构设计;试验工程师;嵌入式系统工程师;数字硬件工程师;机构结构工程师;电控嵌入式工程师;电控硬件工程师;硬件工程师;机载智能功能软件工程;安卓开发工程师;C++开发工程师;动力系统工程师;控制律工程师;电控算法工程师;通信算法工程师;飞控算法工程师;规划控制算法工程师;董事长秘书;法务专员;项目经理;人力专员;供应链专员;财务实习生;融资专员;产品经理;飞手;销售助理;海外销售;质量工程师;六性工程师;售后技术;生产工艺工程师;工业设计工程师;无人机总体设计;飞控系统设计;发动机研制;人工智能,"北京, 哈尔滨, 成都, 武汉, 深圳, 芜湖, 西安, 邢台, 长沙",尽快投递,2027届,"本科, 硕士, 博士","实习, 秋招专场",联合飞机,https://mp.weixin.qq.com/s/7L_3_kHppSb4si2x1aYP0Q,https://www.uatair.com/about/school.html,/,有笔试,,,,
2026/06/26,青岛多家市属国企,央国企,政府/机构/组织,项目总监;运维管理;财务审计;管理岗;技术岗;技能岗,青岛,2026-07-03,"2025, 2026届","本科, 硕士, 博士",春招专场,青岛人社,https://mp.weixin.qq.com/s/T5C7pq8nDvjhmBsMOzdSPQ,https://dqr.cn/oAcdqp/qMFWsxv,/,/,,,,
2026/06/26,成都兴城投资集团-成都蓉城城服,央国企,商务服务业,管培生、管培生（财务管理方向）、管培生（法务方向）（专业不限、会计、财务管理、金融学类、法学类）,"成都, 雅安",2026-07-08,2026届,"本科, 硕士, 博士",春招专场,成都兴城投资集团-成都蓉城城服,https://www.cdxctz.com/giftedinfo.aspx?t=52&contentid=341,https://www.cdxctz.com/giftedinfo.aspx?t=52&contentid=341,/,有笔试,,,,
2026/06/26,安徽国元基金,央国企,金融业,投资岗、综合运营岗、风险管控岗（相关专业：金融、财会经济类、法学、理工类、管理学、人力资源管理、财务管理、会计、审计）,合肥,2026-06-30,"2024, 2025, 2026届","本科, 硕士, 博士",春招专场,安徽国元基金,https://govjob.zhaopin.com/home/detail?id=4e7e1b66b54e72b5832230bd0ba6112a&typeId=2,https://gyjj.zhaopin.com/zk/#/join-online?prantMenuid=3c11183bd30ffa868df31b87b707bf07,/,有笔试,,,,
2026/06/26,上海市金融稳定发展研究中心,事业单位,金融业,金融与经济研究（相关专业：金融、经济学、法学）,上海,2026-07-10,2026届,"本科, 硕士, 博士",春招专场,上海市金融稳定发展研究中心,https://rsj.sh.gov.cn/tzpgg_17408/20260623/t0035_1441673.html,https://rsj.sh.gov.cn/tzpgg_17408/20260623/t0035_1441673.html,/,/,,,,
2026/06/26,红日药业,央国企,医疗/医药/生物,运营管理部法务合规岗;营销中心销售岗;产品交付中心硬件测试岗;供应链中心生产岗（生产操作方向）;财务管理部会计岗,"北京, 天津, 定西, 湖州",2026-07-15,2026届,"本科, 硕士, 博士",春招专场,红日药业,https://www.cdxctz.com/giftedinfo.aspx?t=52&contentid=336,https://www.cdxctz.com/giftedinfo.aspx?t=52&contentid=336,/,有笔试,,,,
2026/06/26,成都交投集团,央国企,交通/物流/仓储,建设管理部现场管理B岗、安全环保部安全监督管理岗、投资经营管理岗、档案管理岗、现场代表岗、合约管理岗、后勤管理岗、综合管理部综合文秘岗（相关专业：交通工程、土木工程、道路桥梁与渡河工程、工程管理、安全...,成都,2026-07-10,"2024, 2025, 2026届","本科, 硕士, 博士",春招专场,成都交投集团,https://zhaopin.cdccic.com:6066/announcementDetail/2069300438111801346,https://zhaopin.cdccic.com:6066/recruitment/all,/,有笔试,,,,
2026/06/26,京东,民企,IT/互联网/游戏,多模态大模型与应用方向;安全方向;空间与具身智能方向;机器学习方向;AI Infra方向;搜索推荐广告方向;高性能与云计算方向;大数据方向,北京,尽快投递,"2024, 2025, 2026, 2027届","本科, 硕士, 博士",秋招提前批,京东招聘,https://mp.weixin.qq.com/s/l94x8p9Z3jyAthBhtk1p5A?scene=1&click_id=3,https://mp.weixin.qq.com/s/l94x8p9Z3jyAthBhtk1p5A?scene=1&click_id=3,/,/,,,,
2026/06/26,青岛航空,央国企,交通/物流/仓储,乘务员;航空调度员;航空安全员;驾驶员(丽江);航线维修员;教材编撰专员;技术管理专员;定检维修员,"丽江, 西双版纳傣族自治州, 长春, 长沙, 青岛",2026-12-10,"2025, 2026届","本科, 硕士, 博士",春招专场,青岛航空HR,https://mp.weixin.qq.com/s/qs1b5zOa1veGKKRciCvpOw?scene=1,https://hr.qdairlines.com/recruit#/index,/,有笔试,,,,
2026/06/26,诺亚控股-ARK,民企,金融业,ARK NextGen全球财富新世代项目,香港,尽快投递,"2026, 2027届","本科, 硕士, 博士",秋招专场,诺亚控股招聘,https://mp.weixin.qq.com/s/KLmrx-mrAFuyEq8oRNfy1g?scene=1,https://app.mokahr.com/recommendation-apply/noah/26538?recommendCode=NTAFBGq#/,"专业不限,优先金融、经济、商业、数学、统计、数据科学、计算机科学、AI相关专业",/,,,,
2026/06/26,上海飞机设计研究院,央国企,机械/制造业,气动工程师;电控工程师;电源工程师;机载软件工程师;项目及供应链管理岗;质量适航岗;材料工艺岗;试验操作岗;制造工艺岗;质量与适航管理岗;机械设计岗;控制设计岗;起降系统集成与验证岗;起落架产品设计岗;系统工程师岗;项目及供应链建设岗;液压设计岗,长沙,尽快投递,"2026, 不限届","本科, 硕士, 博士","春招专场, 社招",商飞招聘,https://mp.weixin.qq.com/s/EUjYSZCCc1R1MkMVkMOrBA,https://zhaopin.comac.cc/,"电子信息类,自动化类,机械类,能源动力类,航空航天类,计算机类,材料类,交通运输类,电气类,力学类,土木水利类",/,,,,
2026/06/26,会链数智,民企,IT/互联网/游戏,运营实习生;市场实习生;产品实习生;AI开发实习生,长沙,尽快投递,2027届,"本科, 硕士, 博士","实习, 暑期实习",会链数智,https://mp.weixin.qq.com/s/1CHz6_Uh_BEXouS0O71_pg,https://mp.weixin.qq.com/s/1CHz6_Uh_BEXouS0O71_pg,不限专业,/,,,,
2026/06/26,湖南广播电视台-人力资源部,央国企,文化/传媒/广告/体育,选管组实习生;宣传组实习生;赛制组实习生,长沙,尽快投递,2027届,"本科, 硕士, 博士","实习, 暑期实习",湖南广电HR,https://mp.weixin.qq.com/s/0OpFwVas2jsGufe8XQ1suw,https://app.mokahr.com/campus-recruitment/hntv/150532?locale=zh-CN#/job/9f5161fe-0615-4412-a864-3687e6789cb3,/,/,,,,
2026/06/26,矽速科技,民企,智能硬件,"FAE实习生,运营实习生,硬件助理实习生,嵌入式软件实习生（相关专业：电子、自动化、通信）",深圳,尽快投递,"2025, 2026, 2027, 2028届","本科, 硕士, 博士","实习, 暑期实习",Sipeed矽速科技,https://mp.weixin.qq.com/s/9OFjzcfXJpHU_YOkq7LtPg,https://mp.weixin.qq.com/s/9OFjzcfXJpHU_YOkq7LtPg,/,/,,,,
2026/06/26,扬腾创新,民企,机械/制造业,校园大使,全国多地,尽快投递,"2027, 2028届","本科, 硕士, 博士",校园招聘,扬腾创新招聘,https://mp.weixin.qq.com/s/qvJ4OF7npBKbu3v-BjwYhQ,https://cht-group3.zhiye.com/campus/detail?jobAdId=c9a2df33-3f75-4ada-a763-d0ac933a3f5a,/,/,,,,
2026/06/26,达康食品,民企,快速消费品,"账号运营实习生,行政实习生,数据部实习生,客服部实习生,项目部实习生,投标部实习生,系统优化实习生,开发岗实习生（相关专业：传媒类、新媒体、汉语言文学、设计类、行政管理、工商管理、人力资源管理、统计学...",南宁,尽快投递,2027届,"大专, 本科, 硕士, 博士","实习, 暑期实习",达康食品股份,https://mp.weixin.qq.com/s/3m1zVLial8IaZwMHQIwsSQ,https://mp.weixin.qq.com/s/3m1zVLial8IaZwMHQIwsSQ,"各岗位对应相关专业要求,综合素质优秀者可不受专业限制跨岗报名",/,,,,
2026/06/26,富德生命人寿-湖南分公司,民企,金融业,人力资源部实习生;营运服务部实习生;续期收展部实习生;营销业务部实习生;营销培训部实习生;银保管理部实习生,长沙,尽快投递,"2027, 2028届","本科, 硕士, 博士","实习, 暑期实习",富德生命人寿湖南分公司,https://mp.weixin.qq.com/s/JL8lTDsVmE1qsEw-rfvSJA,https://mp.weixin.qq.com/s/JL8lTDsVmE1qsEw-rfvSJA,"不限,金融、保险、管理、市场营销等相关专业优先",/,,,,
2026/06/26,瑞达基金,民企,金融业,电商运营实习生;IT岗实习生;产品经理助理;合规专员;系统运维工程师;权益基金经理;FOF基金经理,"上海, 北京, 厦门",尽快投递,2027届,"本科, 硕士, 博士",暑期实习,瑞达基金,https://mp.weixin.qq.com/s/p6OhNOX_Vyouz9DhkkZTSg,https://mp.weixin.qq.com/s/p6OhNOX_Vyouz9DhkkZTSg,"金融,市场营销,新闻,计算机,法律,会计,信息技术,经济,理工",/,,,,
2026/06/26,财达证券-投资银行业务委员会,央国企,金融业,"债券承做实习岗,股权承做实习岗,资本市场实习岗,投行业务研究实习岗,质控审核实习岗,行政专员实习岗（经济、金融、会计、法律等相关专业）","上海, 北京, 石家庄",尽快投递,"2027, 2028届","本科, 硕士, 博士",暑期实习,财达证券投行在线,https://mp.weixin.qq.com/s/ftOyO2EKfwMSEBtH3rzxgw,https://mp.weixin.qq.com/s/ftOyO2EKfwMSEBtH3rzxgw,经济、金融、会计、法律等相关专业,/,,,,
2026/06/26,中国移动-在线营销服务中心,央国企,通信/电子/半导体,"数据分析师,算法工程师,需求分析师,数据智能运营,产品开发,数据分析,HRBP,互联网运营,商务拓展,市场拓展,运营分析,技术项目经理,需求分析,财务管理,文字秘书（相关专业：计算机科学与技术、软件工...","北京, 广州",尽快投递,2027届,"本科, 硕士, 博士","实习, 暑期实习",中国移动在线营销服务中心招聘,https://mp.weixin.qq.com/s/LuMeXt996dbecbUB1T2Zbg,https://job.10086.cn/touch/personal/trainee/trainee_job_list.html?cId=83,计算机科学与技术、软件工程、电子信息、人工智能、网络工程、应用统计、数据科学及应用数学等3T(IT/DT/CT)专业优先,/,,,,
2026/06/26,ZeroneRobotics,民企,智能硬件,"AI算法工程师实习生,机器人结构工程师,动漫及工业设计师实习生等相关专业",杭州,尽快投递,2027届,"本科, 硕士, 博士",暑期实习,ZeroneRobotics零一星际,https://mp.weixin.qq.com/s/nxSG3ou88Laywcy7c_t3bw,https://mp.weixin.qq.com/s/nxSG3ou88Laywcy7c_t3bw,"机器人结构岗要求机械设计制造及其自动化、机械电子工程、机器人工程等相关专业,动漫及工业设计岗美术相关专业优先,AI算法岗未明确专业要求",/,,,,
2026/06/26,晴祥文化,民企,文化/传媒/广告/体育,模型实习生;动画实习生;UE地编实习生;UE特效实习生;灯光实习生,苏州,尽快投递,2027届,"本科, 硕士, 博士","实习, 暑期实习",晴祥文化,https://mp.weixin.qq.com/s/L0bqFNJsfrVxa-Xq-9zgtQ,https://mp.weixin.qq.com/s/L0bqFNJsfrVxa-Xq-9zgtQ,/,/,,,,
2026/06/26,中粮信托,央国企,金融业,信托投资粮曦;财富管理粮曦;信息技术粮曦;风控审计粮曦;运营财务粮曦;战略研究粮曦;行政人力粮曦,北京,尽快投递,"2027, 2028届","本科, 硕士, 博士",暑期实习,中财就业,https://mp.weixin.qq.com/s/ImeNgNmhP_4h721TJPJXTw,https://mp.weixin.qq.com/s/ImeNgNmhP_4h721TJPJXTw,不限专业,/,,,,
2026/06/26,腾讯游戏-光子工作室群,民企,IT/互联网/游戏,游戏客户端开发;游戏引擎开发;后台开发;3D角色设计;动画设计;特效设计;交互设计;研发项目管理;游戏策划;2D场景设计,"北京, 广州, 杭州, 深圳",尽快投递,"2027, 2028届","本科, 硕士, 博士",暑期实习,光子工作室群,https://mp.weixin.qq.com/s/SrZskoGQFiGGYUGGH9xCaQ,https://join.qq.com/post.html?query=p_2,/,/,,,,
2026/06/26,天龙世纪,民企,通信/电子/半导体,Android Framework开发工程师;高级Android驱动工程师;高级Layout工程师;硬件测试工程师;整机测试工程师;高级基带工程师;射频工程师;鸿蒙系统开发工程师;鸿蒙应用开发工程师;基带助理工程师;项目经理;结构工程师;销售经理;销售助理,"深圳, 郑州",尽快投递,"2026, 2027届","本科, 硕士, 博士",秋招专场,天龙世纪,https://mp.weixin.qq.com/s/__cWrPwWT03iFt925jZ3hQ,https://mp.weixin.qq.com/s/__cWrPwWT03iFt925jZ3hQ,/,/,,,,
2026/06/26,启迪之星创投,民企,金融业,"投资助理实习生,行业研究实习生,投后运营实习生（理工科、金融、财会、产业经济等相关专业优先）",北京,尽快投递,"2027, 2028届","本科, 硕士, 博士","实习, 暑期实习",启迪之星创投 TusStarVC,https://mp.weixin.qq.com/s/ob9zw-9DdWSM_nlrrogrJg,https://mp.weixin.qq.com/s/ob9zw-9DdWSM_nlrrogrJg,理工科、金融、财会、产业经济相关专业优先,/,,,,
2026/06/26,本初纪-Meridian Gallery,民企,文化/传媒/广告/体育,画廊助理实习生（日常运营）,北京,尽快投递,2027届,"本科, 硕士, 博士",暑期实习,本初纪画廊,https://mp.weixin.qq.com/s/R5fDepunSd63N8iJFCxpXg,https://mp.weixin.qq.com/s/R5fDepunSd63N8iJFCxpXg,/,/,,,,
2026/06/26,重庆盟讯电子科技,央国企,通信/电子/半导体,普工（社招 7名）、普工（校招 5名）（装备制造类、能源动力与材料类、交通运输类、电子与信息类、工商管理类等相关专业（针对校招岗位））,重庆,2026-06-30,"2024, 2025, 2026届","大专, 本科, 硕士, 博士",春招专场,重庆盟讯电子科技,https://gzw.cq.gov.cn/gqzp/202606/t20260618_15765094.html,https://www.cqrc.net/gzw/index/enteritem-35504.html?h=141027&pages=1,"装备制造类,能源动力与材料类,交通运输类,电子与信息类,工商管理类",有笔试,,,,
2026/06/26,重通集团,央国企,机械/制造业,操作工（相关专业：机械设计制造及其自动化、能源与动力工程、机械工程、流体力学）,重庆,2026-06-30,"2024, 2025, 2026届","本科, 硕士, 博士",春招专场,重通集团,https://gzw.cq.gov.cn/gqzp/202606/t20260618_15765104.html,https://gzw.cq.gov.cn/gqzp/202606/t20260618_15765104.html,机械设计制造及其自动化、能源与动力工程、机械工程、流体力学等相关专业,有笔试,,,,
2026/06/26,拼多多集团（即将截止）,民企,IT/互联网/游戏,大模型算法工程师;AI Infra研发工程师;服务端研发工程师;算法工程师;客户端研发工程师;数据分析师;Web前端研发工程师;商家运营(多语种优势);法务助理;市场管培生;合规策略管培生;视频创意制作;运营管培生;仓配物流管培生;质控管培生;HR培训生;审核专员;客服专家,"上海, 云南, 吉林, 四川, 广东, 江苏, 湖南, 福建, 维吾尔自治区, 贵州, 陕西, 雄安新区",尽快投递,"2025, 2026届","大专, 本科, 硕士, 博士",春招补招,拼多多集团-PDD招聘,https://mp.weixin.qq.com/s/5w9OvitV4AUdI2I9cX-MnA,https://careers.pddglobalhr.com/campus/m/pages/index/index?stamp=1&$taroTimestamp=1781058787045&name=&type=fullTime&recruitType=technical_session&jobList=&workLocationList=,不限,有笔试,,,,
2026/06/26,谱尼测试（即将截止）,民企,检测/认证,生物医药检测销售工程师;医疗器械检测销售工程师;食品检测销售工程师;环境检测销售工程师;日化检测销售工程师;验货销售工程师;新能源汽车检测销售工程师;新能源汽车动力电池检测销售工程师;汽车电子销售工程师;认证审核销售工程师;招聘专员;行政秘书;采购专员;新媒体运营;招投标专员,"上海, 东莞, 中山, 乌鲁木齐, 佛山, 北京, 南京, 南宁, 厦门, 合肥, 呼和浩特, 哈尔滨, 天津, 天门, 宁波, 常熟, 广州, 惠州, 成都, 无锡, 杭州, 武汉, 沈阳, 深圳, 石家庄, 苏州, 西安, 贵阳, 郑州, 重庆, 长春, 青岛",尽快投递,2026届,"本科, 硕士, 博士",春招补招,PONY谱尼测试招聘,https://mp.weixin.qq.com/s/ZMe5ZhISIjIzoAPnde5iqw,https://work.weixin.qq.com/u/vcb0660943a90742f6?v=4.1.20.26620&bb=227ed39a8e,"化学,药学,生物,化妆品,食品,环境,动物学,市场营销,人力资源,汉语言,秘书学,统计学",/,,,,
2026/06/25,中煤建设集团,央国企,能源/化工/环保,下属单位岗位，具体见投递方式链接；,全国多地,2026-06-30,"2025, 2026届","大专,本科,硕士,博士",春招补招,中煤建设,https://mp.weixin.qq.com/s/J7Ha8Ad27P9SinxSlyrJKA,https://zhaopin.chinacoal.com/jobs?s=IEwNM5lbYASz5EomTawcar2A++dGA8hEkVzq9ldbKDdAQRl0dCnSpvPiUSPSkNQc/UyqUiLi0OgxHLZTJTb4y4alNUvy3wm02+IFSR5kY/0=,/,有笔试,,,,
2026/06/25,赣州银行,央国企,金融业,通用岗（理工类）;通用岗（非理工类）,"上饶, 九江, 吉安, 宜春, 抚州, 景德镇, 萍乡, 赣州",2026-07-14,"2025, 2026届","本科,硕士,博士",春招专场,赣银通讯,https://mp.weixin.qq.com/s/cNdWmRPjutH1wBtvukUtgw,https://gzyh.zhaopin.com/jobs/index.html,通用岗（理工类）限理学、工学专业；通用岗（非理工类）限经济学、法学、文学、管理学专业,有笔试,,,,
2026/06/25,远大医药,民企,医疗/医药/生物,医药学术管培生;市场/医学管培生;质量/生产管培生;国际/国内贸易管培生;财务管培生,"上海, 仙桃, 保定, 北京, 天津, 武汉, 盐城, 西宁, 重庆, 黄石",尽快投递,"2025, 2026届","硕士,博士",春招补招,远大医药招聘,https://mp.weixin.qq.com/s/d350VrjXfYXcmhbsIQsmAg,https://job.grandpharma.cn/schooldetail.html,"医药,化学,生物,医学,临床医学,药学,工程,安环,商科,语言,财务,税务,会计,经济学相关专业",/,,,,
2026/06/25,奇瑞捷豹路虎,合资,汽车制造/维修/零配件,职能方向 产品共创 营销 客户满意与公司质量部 产品开发 制造部,"上海, 苏州",尽快投递,2027届,"本科,硕士,博士","实习, 暑期实习",奇瑞捷豹路虎招聘,https://mp.weixin.qq.com/s/TxwLLhGZZdPcvousW93Xzg,https://www.liepin.com/company-jobs/8053612/,/,/,,,,
2026/06/25,潍柴动力,央国企,机械/制造业,发动机;新能源;电控;未来技术;液压传动与控制;数据工程;人工智能;智能制造;职能管理,潍坊,尽快投递,2027届,"本科,硕士,博士","实习, 暑期实习",潍柴招聘,https://mp.weixin.qq.com/s/Rw3WSdKtpPpZncvOfqDdTg,https://weichai.zhiye.com/custom/xiaoyuan?hideMenu=1,"电气控制类,IT信息类,能源与动力工程类,车辆工程类,机械类,材料化学类,管理类",有笔试,,,,
2026/06/25,杰创智能,民企,智能硬件,"智能硬件开发工程师;嵌入式软件工程师;激光SLAM算法工程师;机器人导航算法工程师;机器人应用开发(C++)工程师;售前工程师(智慧安全);售前工程师(云计算);技术支持工程师(工程中心);技术支持工程师(技术中心);运维工程师(数据中心);销售工程师(海外);销售工程师(智慧城市,智慧安全,云计算,机器人)",广州,尽快投递,2027届,"本科,硕士,博士","实习, 暑期实习",杰创智能,https://mp.weixin.qq.com/s/q2GlzS7fIbvohil7W51_vg,https://www.nexwise.com.cn/zp/col230/list,各岗位要求不同，涵盖电子通信、计算机、自动化、机器人、市场营销等相关专业,/,,,,
2026/06/25,无锡锡商银行,其他,金融业,金融业务岗,无锡,尽快投递,2027届,"本科,硕士,博士",暑期实习,锡商银行官方发布,https://mp.weixin.qq.com/s/MenIAQAPUiqTwcYK56AkrQ,https://mp.weixin.qq.com/s/MenIAQAPUiqTwcYK56AkrQ,/,/,,,,
2026/06/25,能良电商,民企,贸易/批发/零售,电商运营方向;店长/城市经理方向;人力资源招聘方向;财务方向;产品/研发/测试方向,"上海, 北京, 杭州, 梅州, 武汉, 济南, 深圳, 郑州",尽快投递,"2025, 2026, 2027届","本科,硕士,博士",秋招专场,能良招聘,https://mp.weixin.qq.com/s/LYM7hdZ9iW3tMA9uZffCEw?click_id=139482918,https://jsj.top/f/dCI3kj,/,/,,,,
2026/06/25,DJI 大疆,民企,智能硬件,GNSS定位算法工程师;GNSS基带算法工程师;SLAM算法工程师;电池算法工程师;图像算法工程师;多媒体算法工程师;惯性导航算法工程师;传感器算法工程师;机器学习算法工程师;计算机视觉算法工程师;决策与规划算法工程师;控制算法工程师;图像处理工程师;无线算法工程师;音频算法工程师;机器学习算法工程师(语音识别);AI全栈开发工程师;C++开发工程师;大前端开发工程师;后端开发工程师;产品项目经理;嵌入式工程师;模拟芯片工程师;芯片设计工程师;芯片物理实现工程师;芯片验证工程师;芯片开发工程师;光学工程师;EDA工程师;EMC工程师;热设计工程师;射频硬件工程师;天线硬件工程师;硬件工程师;电磁力学工程师;机械结构工程师;流体力学工程师;振动与强度工程师;测试工程师;测试开发工程师;产品测试工艺工程师;产品组装工艺工程师;工业工程师;产品项目管理;可靠性工程师,"上海, 北京, 深圳",尽快投递,"2026, 2027届","本科,硕士,博士",秋招专场,DJI大疆招聘,https://mp.weixin.qq.com/s/DNWi-xB929eAvMBssxcqYQ,https://apply.careers.dji.com/campus-recruitment/dji/143359?sourceToken=5cd9fb9b74debe3bc869e3bacef2d4b7#/,/,有笔试,,,,
2026/06/25,大众中国,外企,汽车制造/维修/零配件,软件项目管理岗;CEA研发岗;GB实习岗;HR支持岗,"上海, 合肥",尽快投递,2027届,"本科,硕士,博士","实习, 暑期实习",大众智能电动汽车中心招聘,https://mp.weixin.qq.com/s/4FtUDWLOX7zY0S-vh7zOkw,https://app.mokahr.com/campus-recruitment/vwa/142785#/,/,/,,,,
2026/06/25,新凯来,民企,机械/制造业,机械类;光学类;材料类;软件类;硬件类;系统类;测试类;服务类;制造类;职能类,"上海, 东莞, 北京, 成都, 杭州, 武汉, 深圳, 珠海, 西安, 长春",尽快投递,2027届,"本科,硕士,博士",秋招专场,新凯来招聘,https://mp.weixin.qq.com/s/LCZtpuXbu6uumZmNFg7AZA,https://career.sicarrier.com/#/campus,/,有笔试,,,,
2026/06/25,中航光电,央国企,机械/制造业,机械工程 力学 光学工程 仪器科学与技术 材料科学与工程 动力工程及工程热物理 电气工程 电子科学与技术 信息与通信工程 控制科学与工程 计算机科学与技术 船舶与海洋工程 航空宇航科学与技术,"上海, 东莞, 北京, 南昌, 合肥, 嘉兴, 成都, 无锡, 武汉, 沈阳, 洛阳, 深圳, 西安, 青岛",2026-07-10,2027届,"硕士,博士",暑期实习,中航光电,https://mp.weixin.qq.com/s/Yt-AgPtSqC9Qgxc8P3dGIg,https://mp.weixin.qq.com/s/Yt-AgPtSqC9Qgxc8P3dGIg,"机械工程,力学,光学工程,仪器科学与技术,材料科学与工程,动力工程及工程热物理,电气工程,电子科学与技术,信息与通信工程,控制科学与工程,计算机科学与技术,船舶与海洋工程,航空宇航科学与技术等相关专业",/,,,,
2026/06/25,海大集团,民企,农林牧渔,鲸英领袖生：硕士及以上学历（2027届/2026届应届生），专业不限，农学、经管类相关专业,广州,尽快投递,2027届,"硕士,博士",秋招提前批,海大招聘,https://mp.weixin.qq.com/s/G0hjVFySpE1BunXupO1Kjw,https://haid1.zhiye.com/campus/detail?jobAdId=b5857a4d-11bb-499c-b392-02e736c86c42,专业不限，农学、生物、食品、经管类相关专业优先,/,,,,
2026/06/25,VAST,民企,IT/互联网/游戏,工业级资产与场景生成研究员;下一代神经图形学研究员;可交互世界模型研究员,"上海, 北京, 杭州, 海外",尽快投递,2027届,"本科,硕士,博士","实习, 春招专场",VAST AI,https://mp.weixin.qq.com/s/FCCXKDjwMG2JAjLa_jl7UA?scene=1,https://tripo3d.com/vstar,/,/,,,,
2026/06/24,中国航天科工,央国企,机械/制造业,下属各单位提前批岗位，具体见投递方式链接；,"北京, 南京, 呼和浩特, 天津, 成都, 武汉, 深圳, 石家庄, 贵阳, 郑州, 长沙",尽快投递,2027届,"本科, 硕士, 博士",秋招专场,中国航天科工,https://mp.weixin.qq.com/s/yTLw8hN6GF26vSZy8zekEw,https://casicjob.iguopin.com/job,/,/,,,,
2026/06/24,财通创新,民企,金融业,投资助理岗（暑期实习）,上海,尽快投递,2027届,"硕士, 博士",暑期实习,财通创新,https://mp.weixin.qq.com/s/od_JOyGC0R3cMWC8eEZoUA,https://mp.weixin.qq.com/s/od_JOyGC0R3cMWC8eEZoUA,"机械工程、计算机、人工智能、集成电路、新能源等理工科,或经济、金融、财务、工商管理等商科背景",/,,,,
2026/06/24,苏盐集团,央国企,快速消费品,本次招聘涵盖技术研发、财务管理、期货投资、智改数转、物流管理等岗位(包括但不限于以上岗位)；,"徐州, 淮安, 盐城",2026-07-06,2026届,"本科, 硕士, 博士",春招补招,江苏国资,https://mp.weixin.qq.com/s/s0rzXfQ1QMTrr2FZFz8K-Q,https://jssalt2026xz.zhaopin.com,/,有笔试,,,,
2026/06/24,中储粮集团,央国企,农林牧渔,下属单位岗位，具体见投递方式链接；,全国多地,2026-06-30,2026届,"本科, 硕士, 博士",春招补招,中储粮集团公司,https://mp.weixin.qq.com/s/4UmE-w5h1IUeGLTHxIiUpQ,https://sinograin2026.iguopin.com/job-Campus,/,有笔试,,,,
2026/06/24,中煤张家口煤矿机械,央国企,机械/制造业,机械工程师;法务管理,张家口,2026-06-26,"2025, 2026届","本科, 硕士, 博士",春招补招,百年张煤,https://mp.weixin.qq.com/s/YdNCM5MVM_9j6sVGuQJTjg,https://mp.weixin.qq.com/s/YdNCM5MVM_9j6sVGuQJTjg,"机械类,自动化类专业;法学类专业",有笔试,,,,
2026/06/24,创业环保,央国企,能源/化工/环保,后旗分公司设备管理岗;调度中心横控制生产运营岗;经营管理部化验岗;安全运营部运行管控组运行工,"六安, 巴彦淖尔, 西安, 酒泉",2026-07-07,2026届,"大专, 本科, 硕士, 博士",春招补招,天津城投集团招聘,https://mp.weixin.qq.com/s/kK9HMbYnAhqPMbuBN6uW_Q,https://xyz.51job.com/External/Apply.aspx?CtmID=6547352,/,有笔试,,,,
2026/06/24,新华保险,央国企,金融业,经济类、管理类、信息技术类、人工智能类、法律类、理学类相关专业可申请,"上海, 北京, 南京, 杭州, 西安, 全国多地",尽快投递,2027届,"本科, 硕士, 博士","实习, 暑期实习",新华保险直通车,https://mp.weixin.qq.com/s/GhlknJThD9mFBilrtdvebQ,https://nci.zhiye.com/sxszp?class=3,"经济类,管理类,信息技术类,人工智能类,法律类,理学类",/,,,,
2026/06/24,信堡投研,民企,金融业,债券研究员3人、销售/运营助理2人,上海,尽快投递,2027届,"硕士, 博士",秋招专场,信堡投研,https://mp.weixin.qq.com/s/oaEvk_PPXSE1u0_60_KG0Q,https://mp.weixin.qq.com/s/oaEvk_PPXSE1u0_60_KG0Q,/,有笔试,,,,
2026/06/24,智元,民企,智能硬件,世界模型算法 具身 Agent 算法 空间智能算法 具身算法 运控算法 多模态交互算法 具身智能物理引擎仿真 / 重建与生成算法 AI Infra 数据Infra 机器人本体系统,"上海, 北京, 深圳",尽快投递,2027届,"硕士, 博士",秋招提前批,智元AGIBOT,https://mp.weixin.qq.com/s/YtVOtxKeyXX7IH6bL_4Y5A,https://agirobot.jobs.feishu.cn/946993/?spread=DRAM3BS,/,/,,,,
2026/06/24,青岛农商银行,其他,金融业,青岛农商银行总行部门及辖属各分支机构实习岗位,青岛,2026-07-31,2027届,"本科, 硕士, 博士",暑期实习,青农商行财讯,https://mp.weixin.qq.com/s/N19o-egbnpnRaYRVU-8oLQ,https://www.qrcb.com.cn/qrcb/rczp/#/socialRecruitment/list3,金融学类、经济学类、数学类、统计学类、法学类、信息技术类、外语类专业优先考虑,/,,,,
2026/06/24,航天八院-上海空间电源研究所,事业单位,教育/培训/科研,化学电源设计师 电子电源研究师 电子电源产品设计师 物理电源产品工程师,上海,尽快投递,2027届,"本科, 硕士, 博士",秋招提前批,空间电源SISP,https://mp.weixin.qq.com/s/Y7JS8YtbEDK3B3C0UqRbAw,https://sast.m.zhiye.com/job.html?pi=1&ps=1000&jc=2&c1=1_3&ky=&c=&c2=-1,"电气工程,电力电子与电力传动,自动化,控制科学与工程,电机电器,微机电系统,电子信息,电磁兼容(EMC),集成电路设计与集成系统,软件工程,计算机科学与技术,机械工程,物理化学,凝聚态物理,应用化学,材料化学,材料科学与工程,航空宇航科学与技术相关专业",有笔试,,,,
2026/06/24,固胜科技,民企,通信/电子/半导体,供应链管培生(采购);供应链管培生(物料);海外销售支持;海外渠道营销;硬件工程师;AI算法工程师;控制算法工程师;嵌入式软件工程师;上位机软件工程师;测试开发工程师;产品测试工程师;装备开发工程师;财务管培生;硬件项目经理;软件产品经理;结构工程师;工业设计师;电机开发工程师;机械设计工程师;软件开发工程师;质量工程师;物流工程师;IP运营专员;海外售后专员;海外市场推广专员;客服专员(海外/售前/售后);售后技术支持(海外/国内);生产储干;工艺工程师,"武汉, 深圳",2026-11-30,2027届,"本科, 硕士, 博士",秋招专场,MOZA魔爪赛车模拟器,https://mp.weixin.qq.com/s/zuap56bn_5aTm3FuZ1Rg5w,https://www.mozaracing.cn/recruitment/,/,有笔试,,,,
2026/06/24,中国航空国际建设投资有限公司,央国企,机械/制造业,机械设计;工艺设计(气动声学方向);工艺设计(环境模拟方向);工艺设计(飞机系统设计方向);管道设计;电气测控;液压设计;智能制造设计;软件工程,北京,尽快投递,2027届,"本科, 硕士, 博士","实习, 暑期实习",航空工业建投,https://mp.weixin.qq.com/s/hBklL2uYOLKIAqQmck6Yeg,https://mp.weixin.qq.com/s/hBklL2uYOLKIAqQmck6Yeg,飞行器设计、机械设计、计算机、自动化等相关专业,/,,,,
2026/06/24,成都新东方,民企,教育/培训/科研,教学管培生,成都,尽快投递,2027届,"本科, 硕士, 博士",秋招提前批,成都新东方学校招聘,https://mp.weixin.qq.com/s/J-aJpIps5xZ2ahzc3uJTDw,https://jsj.top/f/fYqENY,/,/,,,,
2026/06/24,势定科技,民企,IT/互联网/游戏, 技术岗-AI 方向 非技术岗-管培方向；,苏州,2026-06-30,"2026, 2027届","本科, 硕士, 博士",暑期实习,势定科技,https://mp.weixin.qq.com/s/QGkWOWEfV7pwmZlSIsWthQ,https://mp.weixin.qq.com/s/QGkWOWEfV7pwmZlSIsWthQ,技术岗：计算机、数学、自动化、电子信息等相关专业优先；非技术岗：专业不限,/,,,,
2026/06/24,掌趣游戏,民企,IT/互联网/游戏,暑期训练营：策划 美术 创意 制作,北京,2026-07-15,2027届,"本科, 硕士, 博士",暑期实习,掌趣科技招聘,https://mp.weixin.qq.com/s/iTXavX3PRRRVszd18zK0VA,https://app.mokahr.com/campus-recruitment/ourpalm/43628#/jobs?&zhineng[0]=240516,美术设计相关专业优先,/,,,,
2026/06/24,深圳燃气,央国企,能源/化工/环保,燃气运营类;综合能源类（电力方向）;安全管理类;工程管理类;信息技术类;财务管理类;投资经济类,深圳,尽快投递,2027届,"硕士, 博士",暑期实习,深圳燃气,https://szgas2.zhiye.com/intern/detail?jobAdId=f84bd47b-a2bc-4c40-9364-dea8933dc8f9,https://szgas2.zhiye.com/intern/detail?jobAdId=f84bd47b-a2bc-4c40-9364-dea8933dc8f9,燃气工程、石油与天然气工程、油气储运工程、化学工程与技术、自动化、控制工程、电气工程、电子信息、能源动力、工业工程、安全工程、安全科学与技术、工程管理、工程造价、土木工程、人工智能、数据科学与大数据技术、电子信息工程、计算机科学与技术、软件工程、财务管理、会计学、审计学、税务、能源经济、计量经济学、量化金融、经济统计、金融学、投资学、产业经济学、技术经济学、国际经济与贸易、数学与应用数学等相关专业,/,,,,
2026/06/24,中国空间技术研究院-供应链中心,央国企,机械/制造业,微电子学与固体电子学 电子科学与技术 电子信息 仪器科学与技术 集成电路工程 电路与系统 物理电子学 半导体物理 材料科学与工程 核科学与技术 核物理 计算机科学与技术 软件安全 嵌入式开发 人工智能 可靠性等专业；,"北京, 烟台, 西安",尽快投递,2027届,"硕士, 博士","实习, 暑期实习",航天五院供应链中心,https://mp.weixin.qq.com/s/vRZ9KqDhD-ozT_IrDcCGxg,https://mp.weixin.qq.com/s/vRZ9KqDhD-ozT_IrDcCGxg,"微电子学与固体电子学,电子科学与技术,电子信息,仪器科学与技术,集成电路工程,电路与系统,物理电子学,半导体物理,材料科学与工程,核科学与技术,核物理,计算机科学与技术,软件安全,嵌入式开发,人工智能,可靠性",/,,,,
2026/06/24,安克创新,民企,通信/电子/半导体,安克创新27届训练营—Marketing专场,深圳,2026-06-30,2027届,"本科, 硕士, 博士",暑期实习,安克创新招聘,https://mp.weixin.qq.com/s/WDLjyTABxY8jNCCw1Rhweg,https://mp.weixin.qq.com/s/WDLjyTABxY8jNCCw1Rhweg,不限,/,,,,
2026/06/24,阿里巴巴,民企,IT/互联网/游戏,千问Qwen基础模型前沿技术研究;万相Wan视觉生成与世界模型前沿技术研究;语音大模型算法研究;世界模型视觉算法研究与应用;多模态世界模型强化学习研究与应用;大模型理解和生成统一结构研究与应用;多模态语音理解与生成的研究与应用;多模态音乐理解与生成的研究与应用;多模态理解和生成统一的前沿应用研究;多模态大模型理解的研究与应用,"北京, 杭州",尽快投递,2027届,"本科, 硕士, 博士",秋招提前批,阿里巴巴集团招聘,https://mp.weixin.qq.com/s/5phiRqiTz7RqzGy8SDf3gg,"https://campus-talent.alibaba.com/campus/position?batchId=100000700001&filterParams={""aliStar"":[""Y""]}",/,/,,,,
2026/06/24,淘天集团-阿里星&T-Star,民企,IT/互联网/游戏,阿里星&T-Star顶尖人才计划；具体岗位见投递方式链接！,"北京, 杭州",尽快投递,2027届,"本科, 硕士, 博士",秋招提前批,淘天集团招聘,https://mp.weixin.qq.com/s/zhbOP_5J0M6QSk0uNKRFvA,"https://campus-talent.alibaba.com/campus/position?batchId=100000700001&filterParams={""aliStar"":[""Y""]}&search=T-Star",/,/,,,,
2026/06/24,哔哩哔哩,民企,IT/互联网/游戏,视频生成研发;视频理解研发;语音算法研发;语言大模型研发;AI Infra研发;推荐算法研发;搜索算法研发;高性能计算研发;大数据架构研发;模型工程,"上海, 北京",尽快投递,2027届,"本科, 硕士, 博士","暑期实习, 秋招提前批",哔哩哔哩招聘,https://mp.weixin.qq.com/s/q1U6PDpt4m_nTdl9T65_kg?scene=1&click_id=228169298,https://jobs.bilibili.com/campus/positions?type=3&channel=bilibiliaccounts,/,/,,,,
2026/06/23,它石智航,民企,智能硬件,具身智能基座模型方向 机器人全栈系统方向；,"上海, 北京",尽快投递,2027届,"本科, 硕士, 博士",秋招提前批,它石智航,https://mp.weixin.qq.com/s/Fa164U5Atgslp3861-TGnQ,https://tarsrobot.jobs.feishu.cn/021343/?keywords=&category=&location=&project=7654421147169179950&type=&job_hot_flag=&current=1&limit=10&functionCategory=&tag=&sessionid=,/,/,,,,
2026/06/23,独小漾,民企,快速消费品,服装设计助理;新媒体运营;门店服装导购,"上海, 宜昌, 恩施土家族苗族自治州, 成都, 武汉, 重庆",尽快投递,2026届,"大专, 本科, 硕士, 博士",春招专场,独漾DUYG,https://mp.weixin.qq.com/s/DzIxeUOk-cdzkcz4Py4s_A?scene=1,https://mp.weixin.qq.com/s/DzIxeUOk-cdzkcz4Py4s_A?scene=1,专业不限,/,,,,
2026/06/23,卓驭,民企,汽车制造/维修/零配件,多模态大模型预训练算法岗;多模态大模型后训练算法岗;多模态大模型数据与评测算法岗;大模型算法岗(机器人移动后训练&应用);端到端领航算法岗,"上海, 北京, 深圳, 香港",尽快投递,"2025, 2026, 2027, 2028, 2029届","本科, 硕士, 博士","暑期实习, 秋招专场",卓驭招聘,https://mp.weixin.qq.com/s/B9wBaNnzQAHYmfyc-BCcIQ,https://we.zyt.com/5/jobs,/,/,,,,
2026/06/23,西安近代化学研究所,事业单位,能源/化工/环保,化学类 化学工程类 力学类 航天航空类 兵器类 动力工程及工程热物理类 仪器类 控制类 材料类 安全类 机械类 物理学类 软件类 电子科学类,西安,尽快投递,不限届,博士,"实习, 暑期实习",西安近代化学研究所,https://mp.weixin.qq.com/s/eSF8pWClHFloorYQ4TGRTw,https://form.wjx.com/vm/hAGLxzK.aspx,"化学类:物理化学,高分子化学与物理,有机化学,分析化学;化学工程类:化学工程与技术,应用化学,化学工程,化学工艺;力学类:工程力学,固体力学;航天航空类:飞行器设计,航空宇航推进理论与工程;兵器类:兵器科学与技术,火炮,自动武器与弹药工程,军事化学与烟火技术,特种能源理论与技术;动力工程及工程热物理类:工程热物理;仪器类:仪器科学与技术,测试计量技术及仪器;控制类:检测技术及自动化,探测制导与控制;材料类:材料学,材料加工工程;安全类:安全科学与工程;机械类:机械工程,机械制造及其自动化;物理学类:凝聚态物理;软件类:软件工程;电子科学类:电子科学与技术",/,,,,
2026/06/23,腾讯,民企,IT/互联网/游戏,软件开发-渲染引擎开发;软件开发-游戏引擎开发方向;软件开发-游戏客户端开发方向;软件开发-全栈开发方向(AI全栈工程师);软件开发-数据工程;解决方案-技术咨询方向;产品策划;游戏发行/运营培训生;产品经理(技术背景);CSIG技术产品商务培训生;行业解决方案-客户成功;游戏UI视觉设计;动画;3D角色设计;3D场景设计;2D场景设计;秘书;混元Infra多模态推理实习生;WXG算法实习生;CSIG技术产品商务实习生;CDG探星计划实习生;IEG游戏技术实习生,"上海, 北京, 广州, 成都, 杭州, 武汉, 深圳",尽快投递,2027届,"本科, 硕士, 博士","实习, 暑期实习",腾讯招聘,https://mp.weixin.qq.com/s/1OfKoMg9Da3lZjxBH4ZQjg,https://join.qq.com/post.html?query=p_2&activity=1266793486296563712,/,/,,,,
2026/06/23,万联证券,央国企,金融业,财富方向 资管反向 自营方向 投行方向 研究方向 信息技术方向 职能方向；,"上海, 北京, 广州, 深圳",尽快投递,2027届,"硕士, 博士",暑期实习,万联证券人才,https://mp.weixin.qq.com/s/UotN3E5MMbbsLGoVON8J9A,https://wlzq.zhiye.com/5/jobs?sessionid=,"金融类,法学类,财会类,管理类,信息技术类,理工类,文学类,新闻传播类",/,,,,
2026/06/23,拓竹科技,民企,机械/制造业,机械结构;硬件设计;视觉算法;控制算法;机电;项目管理;生产软件开发;嵌入式;组装工艺;测试工艺;自动化电子;自动化机械,"上海, 北京, 杭州, 武汉, 深圳",尽快投递,2027届,"本科, 硕士, 博士",秋招提前批,拓竹科技,https://mp.weixin.qq.com/s/NRXtFGt3MXRKgs-zzZjFqg,https://bambulab.jobs.feishu.cn/campus/?keywords=&category=&location=&project=7644414177830455588&type=&job_hot_flag=&current=1&limit=10&functionCategory=&tag=,/,/,,,,
2026/06/23,蔚来,民企,汽车制造/维修/零配件,未来星」营销储备总经理管训计划,"上海, 合肥",尽快投递,2027届,"本科, 硕士, 博士","实习, 暑期实习",蔚来招聘,https://mp.weixin.qq.com/s/kMJXAktASgabjUCxNyKORg,https://nio.jobs.feishu.cn/campus/?keywords=&category=&location=&project=7652282084706453814&type=&job_hot_flag=&current=1&limit=10&functionCategory=&tag=&spread=ENQGH1J,/,/,,,,
2026/06/23,华峰集团,民企,能源/化工/环保,采购、市场、行政、人力资源、设计等方向,温州,尽快投递,2027届,"本科, 硕士, 博士",暑期实习,华峰集团HR,https://mp.weixin.qq.com/s/ZeI7kW6qKK2r6qTWWmt9hg,https://huafeng.zhiye.com/intern/detail?jobAdId=6fcd09fb-ab05-4313-b6df-a8b54b3ba274,"化工,材料,经管及相关专业",/,,,,
2026/06/23,华东建筑设计研究院,央国企,房地产业/建筑业,建筑设计岗;结构设计岗;给排水设计岗;暖通设计岗;人防设计岗;室内设计岗;规划设计岗;岩土设计岗;绿色低碳设计岗;照明设计岗;声学设计岗;幕墙设计岗;BIM设计岗;建筑工业化岗;项目管理岗,"上海, 合肥, 大连, 成都, 昆明, 杭州, 济南, 深圳, 盐城, 福州, 苏州, 西安, 重庆, 青岛",尽快投递,2027届,"本科, 硕士, 博士","实习, 暑期实习",华建集团华东设计,https://mp.weixin.qq.com/s/DDRu7WrxQ_AlS95QtfrHkg,https://mp.weixin.qq.com/s/DDRu7WrxQ_AlS95QtfrHkg,"建筑,结构,给排水,暖通,人防,室内,规划,岩土,绿色低碳,照明,声学,幕墙,BIM,建筑工业化,项目管理(含投资咨询)",/,,,,
2026/06/23,开立医疗,民企,医疗/医药/生物,图像处理算法工程师 信号处理算法工程师 AI 算法工程师 应用软件工程师 光机结构工程师 电源工程师 嵌入式硬件工程师 产品验证工程师 机械工程师 全球技术支持工程师,"北京, 武汉, 深圳",尽快投递,2027届,"硕士, 博士","实习, 暑期实习",开立招聘,https://mp.weixin.qq.com/s/lKwWz4ovpNc2_JDdmzeV4A,https://campus.sonoscape.com/campus-recruitment/sonoscape/94392/#/jobs?project=100120039,计算机、人工智能、生物医学工程、信号处理、电子类、光学工程、机械/机电一体化、自动化、材料、应用数学、物理等相关专业,/,,,,
2026/06/23,国机陆原,央国企,房地产业/建筑业,产业策划实习岗 建筑设计实习岗 结构工程实习岗 机电设备实习岗 监理实习岗;,"北京, 厦门, 广州, 福州",尽快投递,2027届,"本科, 硕士, 博士","实习, 暑期实习",国机陆原,https://mp.weixin.qq.com/s/HQ_UkB5FDW2Ne2FVzuciHg,https://mp.weixin.qq.com/s/HQ_UkB5FDW2Ne2FVzuciHg,产业策划实习岗：产业经济学、建筑学、城乡规划等；建筑设计实习岗：建筑学、城乡规划、风景园林等；结构工程实习岗：土木工程、工程力学、岩土工程等；机电设备实习岗：给排水科学与工程、暖通、电气工程及其自动化等；监理实习岗：土木工程、工程管理、安全工程等,/,,,,
2026/06/23,江苏交控,央国企,交通/物流/仓储,下属各单位岗位，具体见投递方式链接！,南京,尽快投递,2027届,"本科, 硕士, 博士",暑期实习,江苏国资,https://mp.weixin.qq.com/s/cxn7xj1h-xRyWOmTO5L16Q,https://jchctalent.jchc.cn/SU6a31225f1d4c30777aea4745/pb/interns.html,/,有笔试,,,,
2026/06/23,普渡机器人,民企,智能硬件,管培生（产研方向）;管培生（营销方向）;算法类;软件类;硬件类;机械结构类;项目类;测试类;设计类;产品类;销售类;解决方案&技术支持类;供应链类,"成都, 深圳",尽快投递,2027届,"本科, 硕士, 博士","实习, 暑期实习, 秋招提前批",普渡机器人,https://mp.weixin.qq.com/s/1QQ-g2lFxfiUh0Wv4sDo1Q,https://pudutech1.zhiye.com/campus,/,/,,,,
2026/06/23,佐佑顾问,民企,咨询,咨询顾问,北京,尽快投递,2027届,"本科, 硕士, 博士",秋招专场,佐佑顾问,https://scc.pku.edu.cn/frontpage/pku/html/recruitmentinfoForm.html?positionDetailId=6994594346404ea9842fc99a779db6e0&,邮箱投递：fengqian@zuoyou.com,不限专业,/,,,,
2026/06/23,华夏航空,民企,交通/物流/仓储,运行管理类;市场管理类;职能管理类;维修工程类,重庆,尽快投递,2027届,"本科, 硕士, 博士",秋招专场,华夏航空,https://scc.pku.edu.cn/frontpage/pku/html/recruitmentinfoForm.html?positionDetailId=3bbf5a8175cb472391155ad3890ce2c0&,https://hxhk.zhiye.com,"运行管理类专业不限,理工类、民航交通运输等相关专业优先；市场管理类专业不限,理工类、经济学等相关专业优先；职能管理类专业不限,管理类、经济学类相关专业优先；维修工程类要求民航机务维修相关专业或理工类专业",有笔试,,,,
2026/06/23,高德红外,民企,通信/电子/半导体,MEMS研发/工艺工程师;衬底长晶工程师;封装研发工程师;芯片研发工程师;芯片测试分析工程师;芯片前道工艺工程师;制冷封装工艺工程师;制冷机工艺工程师;版图设计工程师;模拟IC设计工程师;数字前端设计工程师;ARM工程师;FPGA工程师;硬件工程师,武汉,尽快投递,2027届,"硕士, 博士",秋招专场,高德红外,https://scc.pku.edu.cn/frontpage/pku/html/recruitmentinfoForm.html?positionDetailId=c65f489db1e04770998a9ac90410f998&,https://gdhw.zhiye.com/,"材料学,材料物理,材料工程,物理,机械工程,制冷及低温工程,化学,微电子,集成电路,电子信息,通信工程,计算机相关专业,电力电子,自动化相关专业",/,,,,
2026/06/23,成都山地所,事业单位,教育/培训/科研,特别研究助理（博士后）,成都,尽快投递,2026届,博士,春招专场,成都山地所,https://scc.pku.edu.cn/frontpage/pku/html/recruitmentinfoForm.html?positionDetailId=e1b152ed20084b95bafb367b62458aea&,"邮箱投递：zhaopin@imde.ac.cn,cdsdhry@163.com",自然地理学、工程地质学、灾害动力学、河流动力学、流体力学、构造地貌学、计算机科学、大数据AI、防灾减灾、岩土工程、灾害预警预报、环境科学、全球变化、生态学、土壤学、水文学、遥感与地理信息系统,/,,,,
2026/06/23,河北农大,事业单位,教育/培训/科研,教学科研岗,"保定, 定州, 沧州, 秦皇岛",尽快投递,不限届,博士,春招专场,河北农业大学,https://scc.pku.edu.cn/frontpage/pku/html/recruitmentinfoForm.html?positionDetailId=5e18b95ca8d447df80b4a73336edab3e&,邮箱投递：hangyhf@126.com,哲学门类、理论经济学类、应用经济学类、法学类、政治学类、社会学类、教育学类、英语语言文学、新闻传播学类、历史学门类、数学类、物理类、化学类、地理学类、大气科学类、海洋科学类、地质学类、生物学类、系统科学类、生态学、统计学、力学类、机械工程类、材料科学与工程类、动力工程及工程热物理类、电气工程类、电子科学与技术类、信息与通信工程类、控制科学与工程类、计算机科学与技术类、建筑学类、土木工程类、水利工程类、化学工程与技术类、交通运输工程类、农业工程类、林业工程类、环境科学与工程类、生物医学工程、食品科学与工程类、风景园林学、软件工程、生物工程、作物学类、园艺学类、农业资源与环境类、植物保护类、畜牧学类、兽医学类、林学类、水产类、草学类、药学类、中药学、基础医学类、管理科学与工程类、工商管理类、农林经济管理类、公共管理类、艺术学理论类、音乐与舞蹈学类、美术学、设计学,/,,,,
2026/06/23,中国科学院成都文献情报中心,事业单位,机械/制造业,信息科技情报研究与决策咨询;学科信息与情报研究;科技创新评价与政策研究;产业与区域情报咨询与研究;双碳情报咨询与研究;知识产权情报研究;知识产权数据分析与应用研究;科学数据智能研究与应用;智能情报感知技术研发;生物与信息科技(BT-IT)前沿交叉情报咨询与研究;科研语料数据建设与应用;知识服务系统研发,成都,尽快投递,2026届,"硕士, 博士",秋招专场,中国科学院成都文献情报中心,https://scc.pku.edu.cn/frontpage/pku/html/recruitmentinfoForm.html?positionDetailId=f95b183e0c1342cca7d5269441d89bf9&,"邮箱投递：renshi@clas.ac.cn,gehuicu@126.com",各岗位要求对应相关专业背景,/,,,,
2026/06/23,深创投-博士后工作站,央国企,金融业,博士后研究人员,深圳,尽快投递,"2023, 2024, 2025, 2026, 2027届",博士,春招专场,深创投-博士后工作站,https://scc.pku.edu.cn/frontpage/pku/html/recruitmentinfoForm.html?positionDetailId=0d934d0582944672bd46cddd35308427&,邮箱投递：postdoctor@szvc.com.cn,集成电路科学与工程、微电子学与固体电子学、电子科学与技术、计算机科学与技术、软件工程、控制科学与工程、机械工程、人工智能、智能科学与技术、生物医学工程/神经工程、数据科学与工程、航空宇航科学与技术、兵器科学与技术、信息与通信工程、系统工程、电气工程、船舶与海洋工程、车辆工程、量子信息科学、凝聚态物理、光学工程、仪器科学与技术、材料科学与工程、材料加工工程、计算材料学、化学、化学工程与技术、动力工程及工程热物理、核科学与技术、物理学、药学、生物学、生物工程、基础医学,/,,,,
2026/06/23,深圳市规划国土发展研究中心,事业单位,政府/机构/组织,博士后研究人员,深圳,尽快投递,不限届,博士,春招专场,深圳市规划国土发展研究中心,https://scc.pku.edu.cn/frontpage/pku/html/recruitmentinfoForm.html?positionDetailId=59d3803781a0449b9c66a9d68e912b86&,邮箱投递：xuyue@pnr.sz.gov.cn,地理学、城乡规划学、管理学、计算机科学与技术、数据科学与大数据技术、人工智能、经济学、测绘工程、建筑学、地质资源与地质工程、海洋科学、环境科学、社会学、法学、地质学、生态学、统计学、林学等相关专业,/,,,,
2026/06/23,鼎帷咨询,民企,咨询,AI视频剪辑实习生;AI设计实习生;新媒体策划运营实习生;行研实习生;人力资源研究实习生;人力行政实习生,北京,尽快投递,2027届,"本科, 硕士, 博士","实习, 暑期实习",鼎帷咨询,https://scc.pku.edu.cn/frontpage/pku/html/recruitmentinfoForm.html?positionDetailId=167f9a555b204d7a9fdbdb9e677def75&,邮箱投递：dwzp@dwmcts.com,"AI设计岗设计相关专业优先；新媒体策划运营岗新媒体、传播学、传媒等相关专业优先；行研岗经管类专业优先；人力资源研究岗人力资源、管理、社科类专业优先；人力行政岗人力资源、经管类专业优先,其余岗位未明确专业要求",/,,,,
2026/06/23,泰康基金,民企,金融业,风险管理（投资组合）,北京,尽快投递,2027届,"硕士, 博士",暑期实习,泰康基金,https://scc.pku.edu.cn/frontpage/pku/html/recruitmentinfoForm.html?positionDetailId=b99d62b2bc844f89b5921bc087b58156&,https://jobtaikang.zhiye.com/campus/detail?jobAdId=8e76f561-59c1-4ac7-8e18-454a359e4abf,不限专业,/,,,,
2026/06/23,浦发银行,央国企,金融业,总行/分行/子公司：科技类 营销类 运营类岗位,"上海, 合肥, 成都, 全国多地",2026-07-10,2027届,"本科, 硕士, 博士",暑期实习,遇见浦发,https://mp.weixin.qq.com/s/zdAQdfyGemernygqRVEz0A,https://job.spdb.com.cn/internJob,"不限专业,理工科背景优先",/,,,,
2026/06/23,摩尔线程,民企,通信/电子/半导体,AI研发类;软件研发类;人力资源;知识产权;技术文档,"上海, 北京, 成都, 无锡, 杭州, 深圳",尽快投递,2027届,"本科, 硕士, 博士","实习, 暑期实习",摩尔线程,https://mp.weixin.qq.com/s/46TPXyXvNKBPVQ8wUchxJQ,https://mthreads.zhiye.com/intern/jobs,/,/,,,,
2026/06/23,华福证券-研究所,央国企,金融业,研究助理实习生;机构销售实习生;业务支持实习生,"上海, 北京, 深圳",尽快投递,2027届,"硕士, 博士",暑期实习,华福研究,https://mp.weixin.qq.com/s/mENbseKhBOUrj5tls-ezXg,https://mp.weixin.qq.com/s/mENbseKhBOUrj5tls-ezXg,专业不限,/,,,,
2026/06/23,思榕,民企,机械/制造业,2027管培生（机械工程师）;2027管培生（技术项目工程师）;2027管培生（视觉工程师）;2027管培生（软件工程师）;2027管培生（项目工程师）;2027管培生（电气工程师）;2027管培生（工艺工程师）;2027管培生（交付工程师）;2027管培生（非标采购工程师）;2027管培生（商务工程师）;2027管培生（品质工程师）;2027管培生（计划工程师）;2027管培生（人力资源专员）;2027管培生（IT工程师）;2027管培生（财务专员）,"东莞, 唐山, 苏州",尽快投递,2027届,"本科, 硕士, 博士",秋招专场,思榕,https://strongtc.zhiye.com/campus/jobs,https://strongtc.zhiye.com/campus/jobs,"各岗位对应不同专业要求,以理工类、工程类、经管类、语言类相关专业为主,部分优秀者不限专业",/,,,,
2026/06/22,中粮集团,央国企,农林牧渔,战略投资;信息技术;食品研发;品牌营销;智能制造;农业;仓储物流;粮油加工;检测化验;机械维修;运营分析;质量安全;数智化系统;智慧应用;生物技术;农业技术;商品研发;商情研究;国际贸易;采购供应;国际商贸;工程建筑;电气化;党建;财务;能源动力;人力资源;法律;安全;风控;环保;综合行政,全国多地,2026-07-10,"2026届, 2027届","本科, 硕士, 博士","实习, 暑期实习, 春招补招",51job校园,https://mp.weixin.qq.com/s/siz4uszHNGCdZzq13F3o5w,https://campus.51job.com/cofco/about3.html,/,/,,,,
2026/06/22,中国航发商发,央国企,机械/制造业,采购与供应链管理类;质量管理类;构型管理类;项目管理类;系统与总体类;适航技术类;结构强度类;气动传热与燃烧类;控制系统类;材料工程类;制造工艺与工艺技术类;信息技术类;新质技术类;商务支援类;客服体系与数智化类;维修工程与持续适航文件类;修理技术与地面支援设备开发类;航材与大修类;现场支援与健康管理类;装配技术类;测试技术类;试验验证类;工艺质量类;检验计量类,上海,尽快投递,2027届,"本科, 硕士, 博士",暑期实习,心动商发,https://mp.weixin.qq.com/s/Uc5jn7kge_YpYstkNoni0w,https://young.yingjiesheng.com/xyzlogin?ctmid=f8ef6598-84a0-4b69-abc1-3e45808f076d&ehirejobid=&jumpurl=https://xyz.51job.com/External/Others/Login51.aspx?CtmID=f8ef6598-84a0-4b69-abc1-3e45808f076d&prd=yddzy&prp=&cd=&cp=&r,"数学,力学,物理学,统计学,系统科学,机械工程,人工智能,仪器科学与技术,材料科学与工程,动力工程及工程热物理,电子科学与技术,电气工程,控制科学与工程,计算机科学与技术,船舶与海洋工程,航空宇航推进理论与工程,管理科学与工程",/,,,,
2026/06/22,中冶南方,央国企,房地产业/建筑业,研发设计类;规划咨询类;技术经济,武汉,尽快投递,2027届,"硕士, 博士",暑期实习,中冶南方工程技术有限公司,https://mp.weixin.qq.com/s/G7fSn5kntBQfk2y-_ZoX4A,https://mp.weixin.qq.com/s/G7fSn5kntBQfk2y-_ZoX4A,"材料加工(轧钢),机械工程(含液压方向),暖通工程,化学工程,燃气工程,热能工程,技术经济",/,,,,
2026/06/22,科曼医疗-国际营销中心,民企,医疗/医药/生物,国际销售实习生;国际市场实习生;国际产品实习生;国际用服实习生(海外技术支持);国际商务实习生(商务运营/订单管理),深圳,尽快投递,2027届,"本科, 硕士, 博士","实习, 暑期实习",科曼共享,https://mp.weixin.qq.com/s/Wrl92JWCozm8i9YAZJrlwA,https://mp.weixin.qq.com/s/Wrl92JWCozm8i9YAZJrlwA,/,/,,,,
2026/06/22,广州市规划院,央国企,房地产业/建筑业,规划实习生;测量实习生;建筑实习生;市政实习生;岩土实习生;工程实习生,"上海, 东莞, 中山, 佛山, 保定, 北京, 广州, 惠州, 汕头, 江门, 深圳, 湛江, 珠海, 西安, 重庆, 阳江",2026-07-30,2027届,"硕士, 博士","实习, 暑期实习",广州市规划院招聘,https://mp.weixin.qq.com/s/P4JO6_jKnfrjiWzoHPaftQ,https://wecruit.hotjob.cn/SU682e7838e9604a2008060e8e/pb/interns.html,"规划,测量,建筑,市政,岩土,工程相关专业",/,,,,
2026/06/22,余姚农商银行,其他,金融业,支行实习生 总行实习生；,"宁波, 新余",2026-06-28,2027届,"本科, 硕士, 博士",暑期实习,余姚农村商业银行,https://mp.weixin.qq.com/s/rv6gtD_ZWnnE_EE-3YLK8A,https://jsj.top/f/saPt2E,/,/,,,,
2026/06/22,富泽人寿,央国企,金融业,业务经营类 风控合规类 产品精算类 综合行政类 技术支持类 财务类 投资类；,北京,2026-06-26,2027届,"本科, 硕士, 博士","实习, 暑期实习",富泽人寿,https://mp.weixin.qq.com/s/_TzhfkdYEmZUCwg7IniqQQ,http://fzlife.zhaopin.com,/,/,,,,
2026/06/22,戴玛科技,民企,IT/互联网/游戏,CIO助理实习生;总经理助理实习生;储备干部实习生;新媒体运营实习生;售前解决方案实习生;品牌建设实习生;培训经理助理实习;人事助理实习生;财务经理助理实习生;行政管理实习生;低代码开发实习生;数转项目交付实习生;百诏交付实习生;软件测试实习生;产品经理实习生;AI业务实习生;商务中台实习生;销售助理实习生;跨境电商实习生,贵阳,尽快投递,2027届,"大专, 本科, 硕士, 博士","实习, 暑期实习",戴玛科技,https://mp.weixin.qq.com/s/-j9IGYwnazjIMq4wdFH0kA,https://mp.weixin.qq.com/s/-j9IGYwnazjIMq4wdFH0kA,不限专业,/,,,,
2026/06/22,绵阳农商银行,其他,金融业,大学生金融训练营(相关专业：金融学类、财政学类）,绵阳,2026-06-30,2027届,"本科, 硕士, 博士","实习, 暑期实习",绵阳农商银行,https://mp.weixin.qq.com/s/99ss3v8Sgu3mKHa76WY1Jg,https://mp.weixin.qq.com/s/99ss3v8Sgu3mKHa76WY1Jg,/,/,,,,
2026/06/22,国家电投,央国企,能源/化工/环保,财务助理;场站运维工程师;渗透测试工程师;安全分析工程师;产品经理助理;人工智能研发工程师;商务助理;电力交易员;系统运维实习生;实施运维实习生;数据治理实习生;项目管理实习生;基金运营管理岗;投资研究岗;电气运维工;冶金工程师;上海核工院728金牌夏令营实习生;电气工程岗;生技部环保专责;运行一部集控巡检员,"上海, 北京, 天津, 海东, 西宁, 遵义, 重庆",尽快投递,2027届,"本科, 硕士, 博士","实习, 暑期实习",国家电投,https://spic2026sx.iguopin.com/job,https://spic2026sx.iguopin.com/job,/,/,,,,
2026/06/22,重庆机电控股集团机电工程技术有限公司,央国企,机械/制造业,技术管理岗;项目管理岗,重庆,2026-07-05,"2024, 2025, 2026届","本科, 硕士, 博士",春招补招,重庆国资,https://mp.weixin.qq.com/s/UWsVNXw7lnyUVBqHdw8qrA,https://www.cqrc.net/gzw/index/,/,有笔试,,,,
2026/06/22,南京箭穿石工贸,民企,机械/制造业,光伏开发助理（校招）;光伏技术/并网助理（校招）;光伏工程现场助理（校招）;开发经理（皖北/江淮区域）;技术尽调（兼职）;项目经理（全职）,南京,尽快投递,"2025, 2026届","大专, 本科, 硕士, 博士",春招补招,箭石,https://mp.weixin.qq.com/s/cLnhSVICfs_phMDCaVai2A,https://mp.weixin.qq.com/s/cLnhSVICfs_phMDCaVai2A,"新能源,电气工程,能源经济,电气,电力,土建,机电,工程类相关专业优先",/,,,,
2026/06/22,重庆市三峡生态渔业,央国企,农林牧渔,生产技术管理岗(文件规定，择业期视同应届生),重庆,2026-07-10,"2024, 2025, 2026届","本科, 硕士, 博士",春招补招,重庆国资,https://mp.weixin.qq.com/s/1j2AKbSp4MJZ2tw_tqQRdA,https://www.cqrc.net/gzw/index/,生产技术管理岗：水产养殖学等水产相关专业；副总经理（兼食品安全总监）：未明确,有笔试,,,,
2026/06/22,安诚财险,央国企,金融业,法务追偿岗;信息技术岗;人伤管理室主任;定价及数据分析岗;财务岗,"深圳, 重庆",2026-06-26,"2024, 2025, 2026届","本科, 硕士, 博士",春招补招,重庆国资,https://mp.weixin.qq.com/s/gs9zoEaPfp7uycuXJpN-vQ,https://www.cqrc.net/gzw/index/,/,/,,,,
2026/06/22,潍坊银行,央国企,金融业,职能部门实习生;金融科技实习生;营业网点实习生,"临沂, 滨州, 潍坊, 烟台, 聊城, 青岛",2026-06-30,2027届,"本科, 硕士, 博士",暑期实习,潍坊银行,https://webapp.zhaopin.com/2025/hd/wfyhg1015ZL82493/,https://webapp.zhaopin.com/2025/hd/wfyhg1015ZL82493/jobs/index.html,金融科技类：计算机科学、软件工程、数学与应用数学、统计学、数据安全、理工类等相关专业；经济管理类：经济金融类、管理类、法学类等相关专业,/,,,,
2026/06/22,重庆银行,央国企,金融业,营业网点实习生：理工科类、经济金融类、管理类等相关专业。,"成都, 西安, 贵阳, 重庆",2026-06-28,2027届,"本科, 硕士, 博士",暑期实习,重庆银行,https://mp.weixin.qq.com/s/ILzoMYpkeGaoFg2EaYdvBg,https://xiaoyuan.zhaopin.com/company/KA0200108118P90000004000?refcode=4019&srccode=401901&preactionid=c6653227-15af-4a8d-82de-50c7e078ffc2,"理工科类,经济金融类,管理类等相关专业",/,,,,
2026/06/22,新石器（27届校招实习）,民企,汽车制造/维修/零配件,校招实习生-Agent开发工程师;校招实习生-HR管培生;校招实习生-AI财务信息化;校招实习生-海外PMO;校招实习生-海外销售运营;校招实习生-海外业务拓展经理;校招实习生-软件测试工程师（自动驾驶方向）;校招实习生-项目经理;校招实习生-产品经理;校招实习生-算法工程师,"上海, 北京, 成都, 杭州",尽快投递,2027届,"本科, 硕士, 博士","实习, 暑期实习",新石器,https://r3c0qt6yjw.jobs.feishu.cn/campus/position/list?keywords=&category=&location=&project=7647438600203880747&type=&job_hot_flag=&current=1&limit=10&functionCategory=&tag=,https://r3c0qt6yjw.jobs.feishu.cn/campus/position/list?keywords=&category=&location=&project=7647438600203880747&type=&job_hot_flag=&current=1&limit=10&functionCategory=&tag=,/,/,,,,
2026/06/22,中国航发航材院,事业单位,机械/制造业,暑期开放周活动：材料类、机械类、智能制造、航空航天、化学化工、数学物理、电气/自动化、计算机、电子信息等理工科专业；法律、人力资源、哲学、公共管理等人文社科类专业,北京,2026-07-01,2027届,"硕士, 博士",暑期实习,北航就业,https://mp.weixin.qq.com/s/jxLx_Rrdv0GoGW_NsGOq5w,https://xiaoyuan.zhaopin.com/job/CC518158380J40870287814,"材料类、机械类、智能制造、航空航天、化学化工、数学、物理、电气/自动化、计算机、电子信息等理工科相关专业,法律、人力资源、哲学、公共管理等人文社科类相关专业",/,,,,
2026/06/22,重庆城市TV,央国企,文化/传媒/广告/体育,内容创作类;创意策划类;视觉设计类;国际传播类,重庆,尽快投递,2027届,"本科, 硕士, 博士","实习, 暑期实习",重庆城市TV,https://mp.weixin.qq.com/s/egQ-L_z_CBdVm5b-slT77w?click_id=2105154331,https://mp.weixin.qq.com/s/egQ-L_z_CBdVm5b-slT77w?click_id=2105154331,"专业不限,优先对口相关专业",/,,,,
2026/06/20,嘉德信通国际物流,民企,交通/物流/仓储,西班牙语业务 葡萄牙语业务助理 中南美海外业务 中南美国内业务；,深圳,2026-06-30,2026届,"本科,硕士,博士",春招补招,嘉德信通国际物流,https://mp.weixin.qq.com/s/FGTfOf1MsNJwoZHY4jOSaA?scene=1&click_id=402097072,https://mp.weixin.qq.com/s/FGTfOf1MsNJwoZHY4jOSaA?scene=1&click_id=402097072,"商务英语,葡萄牙语,西班牙语,现代物流,物流管理,国际经济与贸易,报关与国际货运,交通运输,市场营销等相关专业",/,,,,
2026/06/20,苏州地铁,央国企,交通/物流/仓储,低空经济类 AI研发类 智慧运营类 智能建造类 机电工程师,苏州,尽快投递,"2024, 2025, 2026届","本科,硕士,博士",春招专场,苏州地铁微服务,https://zhaopin.szgzjg.com/company/2000000000000000015,https://zhaopin.szgzjg.com/company/2000000000000000015,/,有笔试,,,,
2026/06/20,建发集团-红星美凯龙,央国企,耐用消费品,楼层管理员;企划营销专员;营销专员;人资专员;招商专员,"上海, 乌鲁木齐, 北京, 呼和浩特, 天津, 武汉, 沈阳, 芜湖, 西宁, 重庆, 长春",尽快投递,2027届,"本科,硕士,博士",暑期实习,红星美凯龙招聘,https://mp.weixin.qq.com/s/izm-fhLgB2dBlULgG6dshw,https://job.mmall.com/InternshipRecruitment,/,/,,,,
2026/06/20,瑞恩电气,合资,机械/制造业,技术研发培训生,"乌海, 南通",尽快投递,2026届,"本科,硕士,博士",春招专场,江苏瑞恩电气有限公司,https://mp.weixin.qq.com/s/wjuPwtYK_tOBtbtLoaGH_w?scene=1,https://mp.weixin.qq.com/s/wjuPwtYK_tOBtbtLoaGH_w?scene=1,电气自动化相关专业,/,,,,
2026/06/20,律新社,民企,财务/审计/税务,助理研究员实习生 采编实习生 ,上海,尽快投递,2027届,"本科,硕士,博士","实习, 暑期实习",律新V品,https://mp.weixin.qq.com/s/RnX41LO-vJZ4Exxuy_xaQg?click_id=841428484,https://mp.weixin.qq.com/s/RnX41LO-vJZ4Exxuy_xaQg?click_id=841428484,"法学,新闻,中文及相关专业",有笔试,,,,
2026/06/20,方太集团,民企,耐用消费品,机器人算法方向;大模型算法方向;机器学习方向;机器视觉算法方向;电子电气方向;智能制造方向;采购方向;品质方向;营销特战队方向,宁波,尽快投递,2027届,"本科,硕士,博士","暑期实习, 秋招提前批",方太招聘,https://mp.weixin.qq.com/s/qpZSEujF8RdvtQlhsjxoOA,https://fotile.zhiye.com/intern?sessionid=,不同岗位专业要求不同，涵盖计算机、电子信息、自动化、人工智能、机电等理工类专业，营销特战队方向专业不限,/,,,,
2026/06/20,代塔供应链,民企,交通/物流/仓储,管培生-技术/AI方向;管培生-经营管理方向;管培生-职能方向;管培生-客服方向;管培生-关务方向;管培生-仓储物流方向,"乌海, 杭州, 金华",尽快投递,2027届,"本科,硕士,博士",秋招专场,代塔供应链招聘,https://mp.weixin.qq.com/s/oiuQlCDxIGovilgzjDlIqQ,https://jsj.top/f/bvFj5O,/,/,,,,
2026/06/20,中建八局二公司,央国企,房地产业/建筑业,工程技术类;机电安装类;建筑设计类;装饰智能类;风景园林类;职能管理类;硕博研发岗,"三亚, 上海, 北京, 南京, 南宁, 合肥, 广州, 成都, 杭州, 武汉, 济南, 海口, 西安, 郑州, 重庆, 全国多地",尽快投递,2027届,"本科,硕士,博士","实习, 暑期实习",中建八局二公司,https://mp.weixin.qq.com/s/WWgJtHUq2Z-CcAb2qnNp_g,https://job.cscec8b.com.cn/recruitment/job/detail/id/2751/,工程技术类：土木工程、道路与桥梁工程等理工类相关专业；机电安装类：电气工程及其自动化等相关专业；建筑设计类：建筑学、城乡规划相关专业；装饰智能类：建筑电气与智能化等相关专业；风景园林类：环境生态、风景园林等相关专业；职能管理类：企业管理、法学等社科类相关专业；硕博研发岗：机械等理工类相关专业,/,,,,
2026/06/20,南方财经-集团国际传播中心,央国企,文化/传媒/广告/体育,记者实习生（相关专业：金融、经济、新闻）,广州,尽快投递,2027届,"本科,硕士,博士","实习, 暑期实习",南方财经校招,https://mp.weixin.qq.com/s/MVjfDLPmtufmt7WFdhyI8w,https://mp.weixin.qq.com/s/MVjfDLPmtufmt7WFdhyI8w,"金融,经济,新闻相关专业优先",/,,,,
2026/06/20,聚源通汇资本,民企,金融业,基金投资运营实习生（相关专业：理工科、复合学科）,上海,尽快投递,2027届,"本科,硕士,博士","实习, 暑期实习",聚源通汇资本,https://mp.weixin.qq.com/s/9Gf8tpe51pxSO55AXtll4w,https://mp.weixin.qq.com/s/9Gf8tpe51pxSO55AXtll4w,理工科专业或复合学科背景优先,/,,,,
2026/06/20,中智集团-总部,央国企,商务服务业,实习生（人工智能、计算机、软件工程、大数据、数理统计）,"北京, 全国多地",尽快投递,2027届,"本科,硕士,博士","实习, 暑期实习",中智西安服务号,https://mp.weixin.qq.com/s/59SWAmdTBHwkI38apmT8mA,https://mp.weixin.qq.com/s/59SWAmdTBHwkI38apmT8mA,人工智能、计算机、软件工程、大数据、数理统计等相关专业优先,/,,,,
2026/06/20,易创校园,民企,教育/培训/科研,"新媒体运营官,新媒体运营组长,新媒体运营营地长","九江, 南昌",尽快投递,2027届,"本科,硕士,博士",暑期实习,易创创校园,https://mp.weixin.qq.com/s/Y1KY2uFLz9AqNiFKua4KDg,https://mp.weixin.qq.com/s/Y1KY2uFLz9AqNiFKua4KDg,/,/,,,,
2026/06/20,大唐四川发电,央国企,能源/化工/环保,生产技术类、职能管理类（相关专业：能源动力、电气、机械、自动化、环保、水文、计算机、通信、财务、法律、市场营销、人力资源、审计）,"乐山, 凉山彝族自治州, 巴中, 广元, 甘孜藏族自治州, 眉山, 绵阳, 阿坝藏族羌族自治州, 雅安",尽快投递,2026届,"本科,硕士,博士",春招专场,四川国资,https://mp.weixin.qq.com/s/9A5UNwgOUTx5rjxJl72wuA,https://zhaopin.china-cdt.com/login.html?random=1781747092398,生产技术类：能源动力、电气、机械、自动化、环保、水文、计算机、通信等方向；职能管理类：财务、法律、市场营销、人力资源、审计等专业,有笔试,,,,
2026/06/20,源氏木语-山东自营仓储中心,民企,快速消费品,仓库保管员;叉车员;拣货员,青岛,尽快投递,2026届,"本科,硕士,博士","实习, 暑期实习",源氏木语招聘,https://www.xiaozhaoya.com/detail?id=41192,https://mp.weixin.qq.com/s/hQnOJ1SLzTc2ki-eJRWrzw,/,/,,,,
2026/06/20,冷杉RECORD,民企,文化/传媒/广告/体育,内容实习生,北京,尽快投递,"2026, 2027届","本科,硕士,博士","实习, 暑期实习",冷杉RECORD,https://www.xiaozhaoya.com/detail?id=41191,https://mp.weixin.qq.com/s/d_d_VIiJ6kO7Fw-to31NsA,/,/,,,,
2026/06/20,西安灵软,民企,IT/互联网/游戏,"数据处理工程师,项目实施工程师,软件开发工程师（相关专业：地质工程、地理信息科学、测绘工程、资源勘查、采矿、制图、GIS、计算机、矿业工程、软件工程、计算机科学与技术）",西安,尽快投递,"2026, 2027届","本科,硕士,博士","实习, 暑期实习",西安灵软,https://mp.weixin.qq.com/s/d_d_VIiJ6kO7Fw-to31NsA,https://mp.weixin.qq.com/s/I0NWpUrB7AjEdJlvZm7b6w,数据处理工程师：地质工程、地理信息科学、测绘工程、资源勘查、采矿、制图等相关专业优先；项目实施工程师：地质工程、测绘工程、GIS、计算机、矿业工程等相关专业优先；软件开发工程师：软件工程、计算机科学与技术等相关专业,/,,,,
2026/06/20,宁波数字孪生（东方理工）研究院,事业单位,教育/培训/科研,多物理场仿真与应用实验室，人工智能与能源系统实验室，智能媒体与视觉计算实验室，多模态人工智能实验室，网络信息安全实验室，全固态动力电池智能制造实验室，智慧交通研发中心，智慧海洋气象实验室，综合管理部，......,宁波,2026-07-03,2027届,"硕士,博士","实习, 暑期实习",宁波数字孪生东方理工研究院,https://mp.weixin.qq.com/s/4jabExI7kAlPKOQJtqwspQ,https://v.wjx.cn/vm/rCh2U2O.aspx,/,/,,,,
2026/06/20,歌华时代桥-项目部,央国企,人力资源服务,项目协助,北京,尽快投递,2027届,"大专,本科,硕士,博士",暑期实习,歌华时代桥,https://mp.weixin.qq.com/s/3HJS4pOR6W02fBI9lcVKWg,https://mp.weixin.qq.com/s/3HJS4pOR6W02fBI9lcVKWg,/,/,,,,
2026/06/20,小黄人科技,民企,IT/互联网/游戏,"客户经理,新媒体运营,设计师,前端开发（相关专业：平面视传、专业不限）",北京,尽快投递,"2026, 2027届","本科,硕士,博士","暑期实习, 社招",小黄人科技,https://mp.weixin.qq.com/s/BAo9QG-6oL5QvJkqAcg6kg,https://mp.weixin.qq.com/s/BAo9QG-6oL5QvJkqAcg6kg,/,/,,,,
2026/06/20,小筑寝居,民企,快速消费品,暑期线下实习生（相关专业：专业不限）,南宁,尽快投递,2027届,"本科,硕士,博士",暑期实习,小筑寝居,https://mp.weixin.qq.com/s/qzhXuBoiCE6qQDqrUfX_IA,https://mp.weixin.qq.com/s/qzhXuBoiCE6qQDqrUfX_IA,/,/,,,,
2026/06/20,汽车电器杂志社,事业单位,文化/传媒/广告/体育,编辑岗（车辆工程、机械工程、电气工程）,长沙,尽快投递,"2026, 2027届","本科,硕士,博士","实习, 暑期实习",汽车电器杂志社,https://mp.weixin.qq.com/s/-3Om-6cWT6naFNErzIzeFA,https://mp.weixin.qq.com/s/-3Om-6cWT6naFNErzIzeFA,"车辆工程,机械工程,电气工程等相关专业",/,,,,
2026/06/20,上海外教社-教育培训中心,民企,教育/培训/科研,"项目策划实习生,落地执行实习生,知识桥梁实习生",上海,尽快投递,"2026, 2027届","本科,硕士,博士","实习, 暑期实习",ShineSFLEP,https://mp.weixin.qq.com/s/t2Jyl6ZoC_pcEOSYyUWlIg,https://mp.weixin.qq.com/s/t2Jyl6ZoC_pcEOSYyUWlIg,/,/,,,,
2026/06/20,中创新航江门,民企,新能源,设备工程师 电芯工艺工程师 集成工艺工程师 电芯质量工程师 集成质量工程师 现场IE工程师岗 其他技术类 安全工程师 主计划 生产计划岗 （相关专业：机械、电气、材料学、应用化学、电化学、自动化、质量安全、流体力学、工业工程、安全工程、物流管理、供应链管理、工商管理、国际贸易）,江门,尽快投递,2027届,"本科,硕士,博士",秋招提前批,江门金控,https://mp.weixin.qq.com/s/kjzMMCOo9aCYenu07M1uAg,https://mp.weixin.qq.com/s/kjzMMCOo9aCYenu07M1uAg,"机械,电气,材料学,应用化学,电化学,自动化,质量安全,流体力学,工业工程,安全工程,物流管理,供应链管理,工商管理,国际贸易等相关专业",/,,,,
2026/06/20,农科所公司-餐饮部,央国企,农林牧渔,餐饮部（相关专业：旅游管理、酒店管理、市场营销）,广州,尽快投递,"2026, 2027届","本科,硕士,博士","实习, 暑期实习",广州市农科所科技发展有限公司,https://mp.weixin.qq.com/s/lQkaG-INGzN9-wsk-9660A,https://mp.weixin.qq.com/s/lQkaG-INGzN9-wsk-9660A,旅游管理、酒店管理、市场营销等相关专业,/,,,,
2026/06/20,云南省康旅控股集团,央国企,文化/传媒/广告/体育,本次计划招聘24人，岗位详见《云南省康旅控股集团有限公司2026年高校毕业生招聘岗位需求表》（附件1）。,上海,2026-06-26,"2024, 2025, 2026届","本科,硕士,博士",春招补招,云南国资,https://mp.weixin.qq.com/s/XyTS9e_0OKMz2EQeFn_DsA,https://form.wjx.com/vm/hhL2eqx.aspx,/,有笔试,,,,
2026/06/20,航天科工二院,事业单位,机械/制造业,空间飞行器热控总体设计 雷达总体设计 射频前端总体设计 数字后端及软硬件设计 雷达总体设计 软件开发设计 算法设计 大数据与软件工程 法语翻译 大模型应用开发工程师 系统运维工程师 物联网/数字孪生开发工程师 机加工程师 信息技术研发师 信息系统管理员 测试工程师,北京,尽快投递,2026届,"本科,硕士,博士",春招补招,航天科工二院招聘平台,https://mp.weixin.qq.com/s/6FsDe9TqmeytI1QY9T_fGA,https://mp.weixin.qq.com/s/6FsDe9TqmeytI1QY9T_fGA,工程热物理类相关专业;控制科学与技术、自动化、计量、仪器仪表类、工艺检测相关专业;人工智能类、计算机类、软件工程类、网络安全类相关专业;电磁场与微波技术、信息与通信工程、通信、电子信息类、光电特性相关专业;机械制造、机械设计及其自动化、机电一体化、结构设计(强度)相关专业;法语口译、笔译相关专业,/,,,,
2026/06/20,德州仪器-TI,外企,通信/电子/半导体,现场技术应用工程师(模拟方向);现场技术应用工程师(嵌入式方向);技术销售工程师;现场技术应用工程师(EP FAE - MCU方向);现场技术应用工程师(FAE - MPP/USB方向);现场技术应用工程师(Analog FAE - MPP方向);现场技术应用工程师(Analog FAE - FPD-Link方向);现场技术应用工程师(Analog FAE - Power方向);系统工程师;应用工程师;资深应用工程师;应用工程师,"上海, 北京, 广州, 杭州, 深圳",尽快投递,"2026, 不限届","本科,硕士,博士","春招补招, 社招",德州仪器芯招聘,https://mp.weixin.qq.com/s/nBXKpMp656khQpLtjl6Vqg?scene=1&click_id=250795205,https://app.mokahr.com/campus-recruitment/ti/143986?sourceToken=439f611eaeedab4f4529c9988ca98c82#/,/,/,,,,
2026/06/20,豪迈集团,民企,机械/制造业,机械研发工程师;电气研发工程师;容器设计工程师;油气工艺工程师;石材类工程师;汽轮机研发工程师;机床研发工程师,"哈密, 日照, 潍坊, 烟台, 青岛",尽快投递,2027届,"本科,硕士,博士",秋招提前批,豪迈校园招聘,https://mp.weixin.qq.com/s/H_4EcBPvKVnChxidPNPOog,https://himile.zhiye.com/4/jobs,"机械工程,电气工程,自动化,化学工程,材料科学,能源动力等相关专业",/,,,,
2026/06/20,中铁六院,央国企,房地产业/建筑业,隧道与地下工程;房屋结构;桥梁专业;暖通;给排水;电力工程;人工智能;通信/信息;信号;道路与铁道工程;建筑电气;交通运输;地质工程;隧道工程;通信工程;建筑/结构;土木工程;铁道工程;工程勘察;物探地质;测绘;线路/站场经济;人工智能,"北京, 合肥, 天津, 广州, 洛阳, 西安",尽快投递,2027届,"本科,硕士,博士","实习, 暑期实习, 秋招专场",中铁六院,https://mp.weixin.qq.com/s/xxWGlrPtdBVTkhz7Jm6Cow,https://mp.weixin.qq.com/s/xxWGlrPtdBVTkhz7Jm6Cow,隧道与地下工程;结构工程;桥梁专业;暖通;给排水;电气工程;人工智能;通信信息;信号;道路与铁道工程;建筑电气;交通运输;地质工程;建筑工程;土木工程;铁道工程;工程勘察;物探地质;测绘;线路站场经济,有笔试,,,,
2026/06/20,云象机器人,民企,智能硬件,规划算法工程师;电气工程师;测试工程师;海外技术支持;运维工程师;机器人交付项目经理;国内销售;销售助理;视频编导;生产计划;质量工程师;工艺工程师;出厂调试工程师;财务专员,"杭州, 苏州",尽快投递,"2026, 2027届","本科,硕士,博士","暑期实习, 秋招专场",云象机器人,https://mp.weixin.qq.com/s/Y2WjDpk52xezGcrmgteqiQ,https://mp.weixin.qq.com/s/Y2WjDpk52xezGcrmgteqiQ,/,/,,,,
2026/06/20,大连商品交易所,事业单位,金融业,业务类实习生;技术类实习生,大连,2026-07-03,2027届,"硕士,博士",暑期实习,大连飞创,https://mp.weixin.qq.com/s/J2DQIrkHtPSHmQAqTkFyjA,http://www.dce.com.cn/dce/content/2026/dlspjys0/2026666.html,业务类要求金融、经济、管理、数学、统计、物理、法学等相关专业；技术类要求计算机、软件工程、信息与通信工程、自动化、大数据、人工智能等相关专业,/,,,,
2026/06/20,清华同衡,央国企,房地产业/建筑业,规划设计类实习;建筑类实习;风景园林类实习;市政规划类实习;生态研究类实习,"北京, 成都, 西安, 郑州",尽快投递,2027届,"本科,硕士,博士",暑期实习,清华同衡人才署,https://mp.weixin.qq.com/s/3twT_uu_8Q-sPBTDPDEBxQ,https://thupdi.zhiye.com/intern/jobs,"城乡规划,城市设计,经济地理学,人文地理学,土地资源管理,建筑学,风景园林,智慧城市类,文化遗产,历史建筑保护工程,地理学,地理信息科学,传媒类,环境科学,环境工程,市政工程,水文水资源,电力系统及其自动化,供热供燃气通风及空调工程,公共管理",/,,,,
2026/06/20,中国信保,央国企,金融业,公司总部岗位：经济金融类岗位、理工类岗位、法律类岗位、综合类岗位；分公司岗位：客户经理岗、业务承保岗、业务管理岗、理赔追偿岗、综合管理岗、信息技术岗等；,全国多地,2026-06-30,2027届,"本科,硕士,博士","实习, 暑期实习",中国信保人才招聘,https://mp.weixin.qq.com/s/iMAiY03QTSJE4m3lfnj_yA,https://sinosure.zhaopin.com/sxszp/index.html,/,有笔试,,,,
2026/06/20,骆驼集团,民企,能源/化工/环保,产品研发类 职能支持类；,"武汉, 襄阳",尽快投递,2027届,"本科,硕士,博士","实习, 暑期实习",骆驼股份微招聘,https://mp.weixin.qq.com/s/IgcfbskmP2PIfsa372qovw,https://chinacamel1.zhiye.com/Campus/jobs?queryId=917840dc-038a-4c4c-9b86-46abbca43aa3,产品研发类：自动化、计算机、电子电气、材料化学、机械、车辆工程；职能支持类：财务管理、会计学、人力资源、心理学、应用统计、通信工程、英语,/,,,,
2026/06/20,中国电科第十四研究所,事业单位,通信/电子/半导体,电子通信类 计算机软件类 电磁场微博类 机械材料类；,南京,2026-06-30,2027届,"本科,硕士,博士",暑期实习,中国电科十四所校园招聘,https://mp.weixin.qq.com/s/lqZMq0oPNHeqasWwZY5Lgw,https://mp.weixin.qq.com/s/lqZMq0oPNHeqasWwZY5Lgw,"电子通信类,计算机软件类,电磁场微波类,机械材料类,电子科学与技术,信息与通信工程",/,,,,
2026/06/18,长江保荐,民企,金融业,投行业务岗(股权方向)、股票承销岗(含分析与投教)暑期实习生,"上海, 成都, 武汉, 深圳, 重庆",尽快投递,2027届,"本科,硕士,博士",暑期实习,长江证券承销保荐有限公司,https://mp.weixin.qq.com/s/W0zXI4gXoDU4bo60OWM2Bw,https://cjzq4.zhiye.com/intern/jobs,/,/,,,,
2026/06/18,唐山银行,央国企,金融业,各营业网点暑期实习生岗位,唐山,2026-06-26,2027届,"本科,硕士,博士",暑期实习,唐山银行微资讯,https://mp.weixin.qq.com/s/224krzHSt75e5ukzZgnfxA,https://mp.weixin.qq.com/s/224krzHSt75e5ukzZgnfxA,不限,/,,,,
2026/06/18,利得基金,民企,金融业,应届生岗位：机械销售助理、利得研究院-研究助理、营销支持助理；实习生岗位：利得研究院-研究实习生、机构销售实习生、互联网产品实习生、开发实习生(AI方向)、数据分析岗实习生；,"上海, 北京, 深圳",尽快投递,2027届,"本科,硕士,博士","实习, 暑期实习, 秋招提前批",利得基金,https://mp.weixin.qq.com/s/g0cVuqbETbWU48BZg6RcrQ,https://mp.weixin.qq.com/s/g0cVuqbETbWU48BZg6RcrQ,/,/,,,,
2026/06/18,人民日报社-人民日报英文客户端,其他,文化/传媒/广告/体育,视频编辑 内容编辑 平面编辑 ,北京,尽快投递,2027届,"本科,硕士,博士",暑期实习,人民日报英文客户端,https://mp.weixin.qq.com/s/Nds8lDIJBPP3iTKJ4Am--g,https://mp.weixin.qq.com/s/Nds8lDIJBPP3iTKJ4Am--g,视频编辑要求新闻传播、广播电视编导、纪录片、新媒体专业；内容编辑专业不限，国际关系、新闻传播、英语专业优先；平面编辑要求广告、平面设计、新媒体专业,/,,,,
2026/06/18,国投证券,央国企,金融业,投资银行类 研究分析类 投资交易类 机构业务类 财富管理类 信息技术类 风险管理类 银行业务类,全国多地,尽快投递,2027届,"本科,硕士,博士","实习, 暑期实习",国投证券招聘,https://mp.weixin.qq.com/s/OOPYubR1PQ-H3koIMRu6cA,https://wecruit.hotjob.cn/SU625d4a0b2f9d24287db127c8/pb/interns.html,/,有笔试,,,,
2026/06/18,中国大地保险,央国企,金融业,准备金评估岗;车险定价岗;非车定价岗;精算分析岗;产品开发岗;车险商业分析岗;综合支持岗;销售支持岗;平台建设管理岗;重点客户支持岗;数据类;科技运维;AI研发;法律合规岗;财务会计岗;人力资源岗;党委巡查岗,"上海, 天津, 成都",尽快投递,2027届,"硕士,博士","实习, 暑期实习",中国大地保险官方招聘,https://mp.weixin.qq.com/s/eHco92x8EOggs9sUTiPFAw,https://webapp.zhaopin.com/2025/hd/zgddc1103ZL82493/internship/index.html?mapBoolean=true&orgDepartmentIds=10124973,金融、保险、精算、统计、经济、管理、法律、计算机、人力资源等相关专业优先,/,,,,
2026/06/18,同花顺,民企,金融业,大模型算法;Agent算法;AI Infra算法;机器人运控算法;视频生成算法;图像生成算法;数据算法;语音算法;数据科学研究员,杭州,尽快投递,2027届,"本科,硕士,博士","实习, 暑期实习",同花顺,https://mp.weixin.qq.com/s/ntXNg_doMYYvJutXabadBQ,https://campus.10jqka.com.cn/job/list?type=school,/,有笔试,,,,
2026/06/18,FILA,民企,快速消费品,FILA销售运营实习生;FILA直播运营实习生;FILA抖音主播实习生;FILA零售实习生;FILA KIDS商品实习生;FILA KIDS陈列实习生;FILA FUSION培训实习生;FILA FUSION陈列实习生;FILA人力实习生;FILA渠道实习生,"上海, 南京, 厦门, 合肥, 无锡, 济南, 石家庄, 苏州, 邢台, 郑州, 重庆, 青岛, 全国多地",尽快投递,2027届,"本科,硕士,博士","实习, 暑期实习",FILA微招聘,https://mp.weixin.qq.com/s/axxV01mvGqWCUc6btxCRnw,https://mp.weixin.qq.com/s/axxV01mvGqWCUc6btxCRnw,专业不限，设计/营销/商科相关优先,/,,,,
2026/06/18,乐读,民企,教育/培训/科研,专职授课教师岗 业务+授课岗 高端竞赛教练岗；,"上海, 北京, 南京, 天津, 广州, 成都, 杭州, 武汉, 沈阳, 深圳, 西安, 重庆",尽快投递,2027届,"本科,硕士,博士",秋招提前批,乐读招聘,https://mp.weixin.qq.com/s/J2M6ogmIbLB23GhH0BhwCQ,https://jsj.top/f/XHYfop,/,/,,,,
2026/06/18,南方电网公司,央国企,能源/化工/环保,未来工程师训练营：南网超高压公司 深圳供电局 南网数字集团 广东电网公司广州供电局 南网国际公司 南网科研院；,"广州, 深圳",2026-06-25,2027届,"本科,硕士,博士",暑期实习,南网50Hz,https://mp.weixin.qq.com/s/tkMSHiKAj5CYDI3xPZCM_A,https://v.wjx.cn/vm/Qz1vBnz.aspx,数学、物理、化学、系统科学、人工智能、电气工程、电子科学、集成电路、计算机、控制、材料、工程热物理、信息通信、应用经济学、工商管理学、法学、西班牙语、俄语、阿拉伯语等相关工科、社科专业,/,,,,
2026/06/18,新昌农商银行,其他,金融业,"新昌籍普通高等院校本科及以上在读大学生(非毕业学年),专业不限，其中经济、金融、法律、会计等专业优先。",绍兴,2026-06-30,2027届,"本科,硕士,博士",暑期实习,新昌农商银行,https://mp.weixin.qq.com/s/dWwipryXnQU_aYpCRK_kXQ,https://mp.weixin.qq.com/s/dWwipryXnQU_aYpCRK_kXQ,专业不限，经济、金融、法律、会计等专业优先,/,,,,
2026/06/18,昂纳科技,民企,机械/制造业,C#软件工程师 微光学工艺工程师 划片工艺工程师 ,深圳,尽快投递,2026届,"本科,硕士,博士",春招补招,昂纳招聘,https://mp.weixin.qq.com/s/jH0RaEsX4v4D4bRuB7jJqQ,https://mp.weixin.qq.com/s/jH0RaEsX4v4D4bRuB7jJqQ,"机械,光学相关专业",/,,,,
2026/06/18,金穗集团,民企,农林牧渔,经营管理类储备干部（香蕉、火龙果、甘蔗场长）;研发技术类质检岗、食品研发岗、化验岗、技术推广岗;香蕉、火龙果、甘蔗种植管理岗;生产管理类储备干部（车间主任、生产经理、食品质检员、分选员、环安专员）;市场营销岗储备干部（业务经理）、业务主管;职能支持类新媒体运营、仓管岗、采购岗、维修岗、电工岗;海外老挝岗种植管理、职能支持、储备干部;香蕉/甘蔗场长;海内外部门经理;业务经理,"南宁, 西宁",尽快投递,2026届,"大专,本科,硕士,博士",春招补招,广西金穗招聘,https://mp.weixin.qq.com/s/8rGoJe62T7X8SuF4c4fIuA,https://mp.weixin.qq.com/s/8rGoJe62T7X8SuF4c4fIuA,整体不限专业，部分岗位要求对应相关专业,/,,,,
2026/06/17,云鲸智能,民企,智能硬件,机器人软件开发实习生;移动客户端开发实习生;平台开发实习生;规划控制算法实习生;服务端开发实习生;优化部署实习生;软件项目管理实习生;制造项目工程师实习生;RAG/大模型开发实习生;PMC实习生;PMC实习生-数据方向;仓储实习生;采购助理工程师;计划助理工程师;MC助理工程师;间接采购实习生;GTM实习生;媒介运营实习生;抖音直播运营实习生;抖音店铺运营实习生;京东电商运营实习生;天猫电商运营实习生;新零售营销实习生,"东莞, 杭州, 深圳",尽快投递,2027届,"本科,硕士,博士","实习, 暑期实习",云鲸智能招聘,https://mp.weixin.qq.com/s/vsLB3USt5eWAJ8K7lR9Jyw,https://careers.narwal.com/intern/jobs,/,/,,,,
2026/06/17,牧原,民企,农林牧渔,智能技术类 职能类 养殖类 屠宰类 饲料类；,"南阳, 全国多地",尽快投递,2027届,"本科,硕士,博士",秋招提前批,牧原招聘,https://mp.weixin.qq.com/s/BKMC3SHRH65x48d6_CumaA,https://app.mokahr.com/campus-recruitment/muyuan/74358#/jobs?page=1&anchorName=jobsList,/,/,,,,
2026/06/17,中信证券华南,央国企,金融业,暑期实习生,"东莞, 中山, 佛山, 广州, 惠州, 揭阳, 梅州, 汕头, 江门, 清远, 湛江, 潮州, 珠海, 肇庆",尽快投递,2027届,"本科,硕士,博士",暑期实习,中信证券华南招聘,https://mp.weixin.qq.com/s/_hFQY47aMV-V-_m3_jBzvQ,https://careers.citics.com/branch/interns,/,/,,,,
2026/06/17,三一集团,民企,机械/制造业,国际服务管理专员;国际营销管理专员;国际营销经理;国际服务工程师;国际配件管理专员;国际物流专员;国际财务专员;国际人力资源专员;国际行政/运营专员,全国多地,尽快投递,2027届,"本科,硕士,博士",秋招提前批,三一集团招聘,https://mp.weixin.qq.com/s/gJgsJiCjgw-4FiypXz4UIg,https://sany.zhiye.com/jobs?activityGuid=50bf516c-9726-494c-a87e-c0b65f33520a,小语种专业，在华留学生可报,/,,,,
2026/06/17,龙蟠科技,民企,能源/化工/环保,首席科学家储备;研发博士;职能类专业博士;电池材料研发工程师;润滑油/冷却液研发工程师;AI算法;大数据分析;数字化转型;人力;战略;财务;金融;法务;供应链,南京,2027-06-01,2027届,"硕士,博士",秋招提前批,龙蟠人力资源,https://mp.weixin.qq.com/s/B6LYhdY9GLUnoIF0A88PDQ,https://lopal.zhiye.com/jobs?activityGuid=4feba390-c41b-4101-b4f7-e9a588c64efd,"化学,化工,材料,财务,法务,工业工程,机械,人工智能,新能源,大数据分析,人力资源,金融,供应链",/,,,,
2026/06/17,宝洋精密,民企,机械/制造业,海外跟单;电气工程师;售后服务工程师;生产跟单/文员;压铸机销售,佛山,尽快投递,2026届,"本科,硕士,博士",春招专场,宝洋精密,https://mp.weixin.qq.com/s/-gI8NFab4ggzROAdyXLPHw,https://mp.weixin.qq.com/s/-gI8NFab4ggzROAdyXLPHw,海外跟单要求国贸/商务英语/英语相关；电气工程师要求电气自动化/机电一体化；售后服务工程师要求机械设计/机电/液压技术；压铸机销售要求机械/营销相关优先；生产跟单/文员无明确专业要求,/,,,,
2026/06/17,网商银行,民企,金融业,大模型后训练算法工程-AI金融场景、AI安全攻防工程、智能体与大模型应用工程、安全工程、大模型智能体优化算法、模型基准和评估、AI产品经理,杭州,尽快投递,2027届,"本科,硕士,博士","实习, 秋招提前批, 社招",蚂蚁集团招聘,https://mp.weixin.qq.com/s/uCHdXG6TPmHpwxIh1HvQUA?scene=1,https://hrrecommend.antgroup.com/guide.html?code=%2FG7GwF1XaegSmn6lxXkk%2Fg1_NyQespxsKec3xznSOxI%3D,/,/,,,,
2026/06/17,飓风网络,民企,IT/互联网/游戏,游戏UI设计师;游戏测试工程师;应用产品经理;游戏素材制作主管;游戏素材制作;游戏投放主管;游戏投放专员;游戏产品引入;应用前端开发工程师;电商客服实习生;管培生,杭州,尽快投递,"2026, 2027届","本科,硕士,博士","实习, 暑期实习, 春招补招, 社招",杭州飓风网络,https://mp.weixin.qq.com/s/VLC6Iyfa2r_ydCYl3j5C3g?scene=1,http://www.hurricanegame.cn/phone/#/join,/,/,,,,
2026/06/17,百济神州,民企,医疗/医药/生物,销售代表,"上海, 南宁, 无锡, 海口, 深圳, 盘锦, 西安, 青岛",尽快投递,2026届,"本科,硕士,博士",春招补招,百济神州招聘,https://mp.weixin.qq.com/s/ngvBkVLr8O1wT1wKZLknLg,https://v.wjx.cn/vm/exh583N.aspx,医药相关专业,/,,,,
2026/06/17,中国电科十所,事业单位,教育/培训/科研,人工智能、计算机、信号与通信工程、电子科学与技术、电子信息工程、软件工程、电磁场与微波等专业；,成都,2026-07-03,2027届,"硕士,博士",暑期实习,十所微招聘,https://mp.weixin.qq.com/s/X8k3QDNrYpu831zBPVCuSA,https://mp.weixin.qq.com/s/X8k3QDNrYpu831zBPVCuSA,人工智能、计算机、信号与通信工程、电子科学与技术、电子信息工程、软件工程、电磁场与微波等,/,,,,
2026/06/17,帕斯亚科技,民企,IT/互联网/游戏,动作/剧情动画设计师;模型设计师;原画设计师,重庆,尽快投递,2027届,"本科,硕士,博士","实习, 暑期实习",帕斯亚工坊,https://mp.weixin.qq.com/mp/wappoc_appmsgcaptcha?poc_token=HInhM2qj0Y4V_njgBeApZvJsGRe2G0I-vELa0mRq&target_url=https%3A%2F%2Fmp.weixin.qq.com%2Fs%2FrxwFeag2IKY7iohXBJpjkA,https://mp.weixin.qq.com/s/rxwFeag2IKY7iohXBJpjkA,/,/,,,,
2026/06/17,CVTE,民企,通信/电子/半导体,人力资源岗位,"合肥, 广州, 苏州, 西安, 重庆",尽快投递,2027届,"硕士,博士",暑期实习,CVTE招聘,https://mp.weixin.qq.com/s/Za7vGgAfbT8KBk-8qm7qlg,https://campus.cvte.com/position/19ee6b5050414e898785dcd993499bab,人力资源管理、心理学、社会学、工商管理相关专业优先，非相关专业符合经历可申请,/,,,,
2026/06/17,上海电气,央国企,能源/化工/环保,能源 机械 电气 自动化 计算机 材料 数学 物理 化学 人工智能等专业；,上海,尽快投递,2027届,"硕士,博士",暑期实习,上海电气微招聘,https://mp.weixin.qq.com/s/wKttLoGxZOWIA5Cr5vYfaA,https://sec.hotjob.cn/SU60de8350bef57c519874bd36/pb/posDetail.html?postId=6a30ecd03d5b657f38c89a26&postType=overseas,专业不限,/,,,,
2026/06/17,千寻智能,民企,智能硬件,预训练算法工程师;多模态世界模型算法工程师;VLA操作算法工程师;数据算法工程师;具身远程算法工程师;后训练算法工程师;Agent算法工程师;AI infra算法工程师;导航算法工程师;具身远控算法工程师;模型评测工程师;具身智能AI平台研发工程师;机器人软件工程师;机械开发工程师;机器人硬件开发工程师;机器人电机驱动工程师;机械开发工程师(灵巧手);机器人嵌入式开发工程师;机器人测试工程师;具身智能产品经理;机器人产品经理;品牌专员;市场专员;解决方案工程师;商业分析师;技术交付运营;政府事务经理,北京,尽快投递,2027届,"本科,硕士,博士","实习, 暑期实习",千寻智能 Spirit AI,https://mp.weixin.qq.com/s/sKqdrxM2Q0ExQZgcHBV9qw,https://nwd4iy9rd2s.jobs.feishu.cn/campusofSpiritAI/position/list,/,/,,,,
2026/06/17,中国电能成套设备,央国企,能源/化工/环保,项目管理岗 国际业务岗；,北京,2026-06-30,2027届,"本科,硕士,博士",暑期实习,中国电能,https://mp.weixin.qq.com/s/Kt6mLy3q2Jk8H4S_UOQNZA,https://www.iguopin.com/job/list?keyword=%E4%B8%AD%E5%9B%BD%E7%94%B5%E8%83%BD%E6%88%90%E5%A5%97%E8%AE%BE%E5%A4%87%E6%9C%89%E9%99%90%E5%85%AC%E5%8F%B8,"动力工程及工程热物理,电气工程,能源动力,管理科学与工程,机械工程,外国语言文学,控制科学与工程,应用经济学等相关专业",/,,,,
2026/06/17,光亿旺达,民企,金融业,量化投资研究实习生 量化系统开发实习生 市场实习生 产品运营支持实习生；,上海,尽快投递,2027届,"本科,硕士,博士","实习, 秋招提前批",光亿旺达,https://mp.weixin.qq.com/s/iLg8ESGOqqWBb-9fVXuOng,https://mp.weixin.qq.com/s/iLg8ESGOqqWBb-9fVXuOng,/,/,,,,
2026/06/17,北京国望光学,央国企,机械/制造业,机械机电类;光学光电类;制造类;机械环境控制类;电子电气类;软件算法类;集成工艺类,北京,尽快投递,2027届,"本科,硕士,博士",秋招提前批,北京国望光学科技有限公司,https://mp.weixin.qq.com/s/P7v0alwzLWnwD041R-Ipow,https://wecruit.hotjob.cn/SU68392ea2ed91a2307e2a97a1/mc/position/campus,/,/,,,,
2026/06/17,慈溪农商银行,其他,金融业,厅堂服务人员,"宁波, 本溪",2026-06-20,2027届,"本科,硕士,博士",暑期实习,慈溪农村商业银行,https://mp.weixin.qq.com/s/Jeph0jK1ciHWlnoUCvKtGQ,https://mp.weixin.qq.com/s/Jeph0jK1ciHWlnoUCvKtGQ,不限,/,,,,
2026/06/17,奥乐齐,外企,生活服务业,零售管培生,"晋城, 全国多地",尽快投递,"2023, 2024, 2025, 2026, 2027届","大专,本科,硕士,博士",秋招专场,ALDI奥乐齐招聘号,https://mp.weixin.qq.com/s/SmgdSkiNBaFBoZbPd92EHw,https://www.moseeker.com/position/index/pid/3412048?candidate_source=&city=&company_id=&custom=&degree=&did=&employment_type=&forward_id=6d1ced3eea2511ed846e00163e083938&hb_c=&is_referral=&occupation=&position_field1=&position_field2=&position_field3=&pos,/,有笔试,,,,
2026/06/17,临工集团,民企,机械/制造业,技术研发类;智能制造类;全球营销类;运营管理类;职能管理类,"上海, 临沂, 杭州, 济南, 青岛",尽快投递,"2025, 2026届","本科,硕士,博士",春招补招,山东临工招聘,https://mp.weixin.qq.com/s/iJQC32WrfRW4SwZ69t0R4g?scene=1,https://hr.sdlg.cn/recruit#/index,技术研发类：机械、机电、车辆、液压、自动化等相关专业；智能制造类：计算机科学、信息安全、物联网、大数据等相关专业；全球营销类：各类外语专业，以及机械、机电等相关专业；运营管理类：机械、机电、安全工程、环境保护等相关专业；职能管理类：财务、会计、审计、法学等相关专业,/,,,,
2026/06/17,歌尔,民企,机械/制造业,质量管理岗-研发质量管理方向;质量管理岗-项目/工程/制程质量管理方向;质量管理岗-物料/供应商质量管理方向;质量管理岗-通用适配方向,"上海, 东莞, 威海, 深圳, 潍坊, 西安, 青岛",尽快投递,2027届,"硕士,博士",秋招专场,歌尔股份招聘,https://mp.weixin.qq.com/s/iCDu4KwazqkhzfM9FUQQgQ?scene=1&click_id=1,https://wecruit.hotjob.cn/SU63c50f8b0dcad47488052192/mc/detail?postId=810823&recruitType=campus,研发质量管理方向：声学、光学、电子信息、通信工程、材料等产品类相关专业；项目/工程/制程质量管理方向：机械、自动化、机电一体化、电气、电子、智能制造、材料等相关专业；物料/供应商质量管理方向：材料科学、机械工程、光学工程等材料/机械相关专业；通用适配方向：工业工程、质量管理工程等相关专业,/,,,,
2026/06/17,德州银行,其他,金融业,专职纪检工作人员,德州,尽快投递,"2025, 2026届","本科,硕士,博士",春招专场,德州银行,https://www.dzbchina.com/dzbchina/2026-06/15/article_2026061511440095669.html,https://www.dzbchina.com/dzbchina/2026-06/15/article_2026061511440095669.html,/,/,,,,
2026/06/17,大疆,民企,智能硬件,机械结构工程师;硬件工程师,深圳,尽快投递,2027届,"本科,硕士,博士",秋招专场,机甲大师 RoboMaster,https://mp.weixin.qq.com/s/Nmhj_XPOUHDGMxxBymSaow?scene=1&click_id=35,https://account.dji.com/login?appId=dji_hiren&locale=zh_CN&backUrl=https%3A%2F%2Fwe.dji.com%2Fzh-CN%2Fcampus%2FopticsMatch%2Fapply,/,/,,,,
2026/06/17,航空工业通飞,央国企,机械/制造业,财务岗研发设计岗研发技术工程师智能制造工程师无损检测工程师 研发设计岗 应急研究岗职能类岗营销类岗维修工程师 运行管理岗 运行标准岗 工艺技术岗 产品技术员工艺员智能制造工程师体系工程师质量管理岗检验...,"厦门, 太原, 景德镇, 武汉, 汉中, 深圳, 烟台, 珠海, 石家庄, 绵阳, 荆门, 西安, 贵阳",尽快投递,"2026, 2027届","本科,硕士,博士",秋招专场,航空工业通飞,https://mp.weixin.qq.com/s/xEJCfP5Bl_kC-cQo84Gb_A?scene=25#wechat_redirect,https://mp.weixin.qq.com/s/xEJCfP5Bl_kC-cQo84Gb_A?scene=25#wechat_redirect,/,/,,,,
2026/06/17,新东方-江苏省域,民企,教育/培训/科研,儿童素养教师;智慧学习机教师;高中教师;学习管理师;课程顾问;市场专员;教学培训生;数学培训生;助教实习生;人力实习生;校园大使;文旅类实习生,"南京, 南通, 宿迁, 常州, 徐州, 扬州, 泰州, 淮安, 盐城, 镇江",尽快投递,2027届,"本科,硕士,博士","实习, 暑期实习, 秋招提前批",新东方江苏招聘,https://mp.weixin.qq.com/s/vRyiPmW5PC3udRA2lMAnhQ?scene=1,https://mp.weixin.qq.com/s/vRyiPmW5PC3udRA2lMAnhQ?scene=1,/,/,,,,
2026/06/17,阳光保险,民企,金融业,集团董事长办公室实习;集团人力资源部实习;集团精算部实习;集团风险管理部实习;集团品牌发展部实习;集团战略客户部实习;集团战略企划部实习;集团客户价值管理部实习;集团合规法律部实习;集团行政管理与服务部实习,"北京, 全国多地",尽快投递,2027届,"硕士,博士",暑期实习,阳光保险微招聘,https://mp.weixin.qq.com/s/l6uBEvZgRUoYAxqxs8yceQ,https://sunzhaopin.sinosig.com/custom/intern?hideMenu=1,/,/,,,,
2026/06/17,TÜV莱茵,外企,检测/认证,逐茵计划 - 资产完整性管理部门（相关专业：机械、电气、机电一体化、安全工程、化工）,"上海, 全国多地",尽快投递,2027届,"本科,硕士,博士",暑期实习,TUV莱茵招聘,https://mp.weixin.qq.com/s/soQW9yhoZNhHafgWrDhyWA,https://campus.51job.com/tuvrheinland2022/careers.html?jobid=172425919&#038;sessionid=,"机械,电气,机电一体化,安全工程,化工等相关专业",/,,,,
2026/06/17,百度-IDG智能驾驶事业群组,民企,IT/互联网/游戏,世界模型架构师;视觉-语言模型架构师;端到端系统架构师;基础模型架构师,北京,尽快投递,2027届,"硕士,博士",秋招专场,Apollo智能驾驶,https://mp.weixin.qq.com/s/qdtP4KIxmOuFUd3nhiZQTw?scene=1,https://talent.baidu.com/jobs/list?projectType=3&#038;recruitType=GRADUATE,/,/,,,,
2026/06/17,斯伦贝谢,外企,机械/制造业,"测井解释工程师;机械制造岗;完井销售工程师;销售工程师(压裂增产);技术支持工程师;现场作业专员(完井,测井);定向钻井专员;数据分析师;总经理秘书;钻头产品工程师;质量工程师;宣传实习生;法务实习生;制造工程师;机械工程师;质量工程师;跟单专员(日语);焊工;装配;机加工;质量检验员;客服专员;供应商开发专员;库房管理员;装配工;质量检验员;人力资源实习生;站点可靠性工程师;人工智能实习生;测试开发实习生","上海, 东营, 北京, 天津, 成都, 深圳, 潍坊",尽快投递,2026届,"本科,硕士,博士","实习, 暑期实习, 社招",斯伦贝谢招聘,https://mp.weixin.qq.com/s/sj0hNPJyXKCaqcwl2O3gUw?scene=1,https://slb.tupu360.com/pageQrCode?targetUrl=a7f4739eb94ec9ef3d29cd51f0f811dfd476fd99ad24ebac1882f5427f22f1ab42eccaac339d9e26a92bdba26e3d30b5308a36fb37eeb6b76f18bf0b4f08108b0669d455753ed852,/,/,,,,
2026/06/17,重庆水务环境控股集团-重庆水务集团股份,央国企,能源/化工/环保,数智水务高级技术博士，市政环境高级技术博士，软件开发工程师，人工智能研发工程师，网络安全工程师，电气自动化工程师，计量检测工程师，水质管理，排水专业设计师，电子商务运营，投资咨询（相关专业：计算机类，......,重庆,2026-06-19,2026届,"硕士,博士",春招补招,重庆水务环境控股集团-重庆水务集团股份,https://gzw.cq.gov.cn/gqzp/202606/t20260612_15751011.html,https://www.cqrc.net/gzw/index/,/,/,,,,
2026/06/17,萧山区国有企业,央国企,政府/机构/组织,"应届生岗位：业务管理，财务管理，行政综合，策划执行，招商专员，安全生产，数据运营管理，企业管理，招商运营，固废运营管理，工作人员，产业招商，园区招商 ；（相关专业：经济学门类，管理学门类，新闻传播学类，财务管理，财务会计与审计，会计学，会计，审计学，审计，中国语言文学类，工商管理类，公共管理类，设计学类，理学门类，工学门类，安全科学与工程类，财税，...... 不限经验岗位：投资综合岗，信息管理员，市场拓展岗，技术前期工作人员，资运部招商工作人员，经营科工作人员，园区招商工作人员，养护工程科工作人员（绿化管理）, 产业招商岗，综合文秘岗，经济管理岗，财务工作......",杭州,2026-06-25,"2024, 2025, 2026届","大专,本科,硕士,博士","春招补招, 社招",萧山区国有企业,https://gzw.cq.gov.cn/gqzp/202606/t20260612_15751047.html,https://xiaoshan.pta.zj.cn:8233,/,有笔试,,,,
2026/06/17,重庆文化旅游集团有限公司,央国企,文化/传媒/广告/体育,市场营销岗（校招）、业务经营岗（校招）、营销运营岗（校招）、AI 动画师（校招）、江北分公司前台接待（校招）、江北分公司行李员（校招）、客户主管（校招）、机工（校招）、水手（校招）（市场营销类、广告传......,重庆,尽快投递,"2024, 2025, 2026届","本科,硕士,博士",春招补招,重庆文化旅游集团有限公司,https://gzw.cq.gov.cn/gqzp/202606/t20260612_15751047.html,https://gzw.cq.gov.cn/gqzp/202606/t20260612_15751047.html,/,/,,,,
2026/06/17,中国一汽-研发总院,央国企,机械/制造业,前瞻技术专业设计师（量子通信方向）,"上海, 北京, 深圳, 长春",尽快投递,"2025, 2026届","本科,硕士,博士",春招补招,中国一汽招聘,https://mp.weixin.qq.com/s/8qASdlfdUhtWhWvyCpBNSg,https://faw-zhaopin.hotjob.cn/,"量子通信,计算机科学与技术,通信工程等相关专业",有笔试,,,,
2026/06/17,中国联合工程,央国企,房地产业/建筑业,策划咨询岗,"喀什地区, 杭州",尽快投递,2026届,博士,春招补招,中联人才,https://mp.weixin.qq.com/s/DEj54OPDZVgxv2TERwxgwA?scene=1,https://mp.weixin.qq.com/s/DEj54OPDZVgxv2TERwxgwA?scene=1,城乡规划、人文地理、产业经济、建筑学等相关专业,/,,,,
2026/06/17,中国电科-21所,事业单位,教育/培训/科研,电机设计（电磁）;电机设计（结构）;电机设计（工控）;现工艺（电装方向）;现工艺师（嵌线方向）;工艺工程师（轻工加工方向）;专业工程师（转工艺师）;控制器设计（硬件）;控制器设计（软件）;上位机设计;共能智能设计师;Si身定位设计师;感知算法设计师;控制算法设计师;脑网路规划设计师;机械关节设计师;机械结构设计师;电机性能测试工程师;电磁兼容测试工程师,"上海, 北京",尽快投递,2026届,"本科,硕士,博士",春招专场,中国电科,https://mp.weixin.qq.com/s/zx_hcO4dVX2dUcrqop0SDQ?scene=1&#038;click_id=1,https://motor.m.zhiye.com/#/jobs?jc=2,"电机与电器,电气工程,机械工程,化学专业,材料分析,智能装备自动化,机械制造,控制工程,电力电子,计算机科学与技术,控制科学与工程,机器人工程,人工智能,自动化,机电信息",有笔试,,,,
2026/06/17,中国电科-28所,央国企,通信/电子/半导体,总体论证;软件设计;算法设计;软件开发,"北京, 南京",尽快投递,2026届,"本科,硕士,博士",春招专场,中国电科,https://mp.weixin.qq.com/s/92Wsia5xbfri03j2pCYqkw?scene=1,https://app.mokahr.com/campus_apply/cetcles/40889#/jobs?zhineng=66507,"计算机软件类,自动控制类,通信电子类,应用数学类,测绘遥感类",有笔试,,,,
2026/06/17,因赛集团,民企,IT/互联网/游戏,客策类(AE、策划);文案类;美术类(视频、平面);设计类(品牌视觉、3D设计);AI技术类(前端、后端、算法、测试);AI产品助理;AI商务助理;财务类;人力类;证券类(法务专业),广州,2026-06-19,2026届,"本科,硕士,博士",春招专场,因赛集团,https://mp.weixin.qq.com/s/49Kn-Ol6OV9wOXG-7Dn3nA?scene=1,https://mp.weixin.qq.com/s/49Kn-Ol6OV9wOXG-7Dn3nA?scene=1,专业不限,/,,,,
2026/06/16,孚腾资本,民企,金融业,投资岗 风控运营岗 基金运营岗；,上海,2026-06-25,"2027, 2028届","本科, 硕士, 博士","实习, 暑期实习",复旦管院职业发展中心CDO,https://mp.weixin.qq.com/s/qRwTInSSFBb_1mbNADQM6A,https://mp.weixin.qq.com/s/qRwTInSSFBb_1mbNADQM6A,投资岗：理工科、金融相关专业优先；风控运营岗：金融、财会、法律相关专业优先；基金运营岗：金融、财务、会计、法律、经济等相关专业优先,有笔试,,,,
2026/06/16,航空工业通飞,央国企,机械/制造业,财务岗 研发设计岗 研发技术工程师 智能制造工程师 无损检测工程师 研发设计岗 应急研究岗 职能类岗 营销类岗 维修工程师 运行管理岗 运行标准岗 工艺技术岗 产品技术员 工艺员 智能制造工程师 体系工程师 质量管理岗 检验技术岗 ,"南宁, 桂林, 武汉, 江门, 湛江, 烟台, 珠海, 石家庄, 荆门, 西安, 贵阳, 遵义",尽快投递,"2026, 2027届","本科, 硕士, 博士",秋招提前批,重大就业,https://mp.weixin.qq.com/s/3RPCIc0yrekcHV7rKgnYGg,https://mp.weixin.qq.com/s/3RPCIc0yrekcHV7rKgnYGg,/,/,,,,
2026/06/16,澜起科技,民企,通信/电子/半导体,模拟设计;数字设计;数字验证;产品工程师,"南京, 唐山, 西安",尽快投递,2027届,"硕士, 博士",秋招提前批,南邮就业在线,https://mp.weixin.qq.com/s/sndMmPCdrEUy2_ouCvrNpg,https://wxcc792e68420b3264.wx.moseeker.com/m/position/?wechat_signature=MTM4MTkwNTYzMzAyNDAyMDQ4MDg3MjEyMjfmvpzotbfnp5HmioA=,微电子、集成电路等相关专业,/,,,,
2026/06/16,禾赛科技,民企,通信/电子/半导体,数据算法工程师;Infra算法工程师;高性能计算工程师;视频生成/世界模型算法工程师;计算机视觉算法工程师;基础几何模型算法工程师;仿真算法工程师;Linux BSP工程师;产品工程师;系统工程师;电机工程师;机械工程师;电子工程师;材料工程师;控制算法工程师;集成工艺工程师;非标设计工程师;系统/光电系统/系统集成工程师;电子/EMC/layout工程师;点云感知算法工程师;器件设计/电子/应用工程/算法;光学类/VCSEL/SiPh;仿真设计工程师/工艺;智造系统/智造工艺工程师;嵌入式/C++软件/软件测试工程师;系统安全工程师;芯片类/数字设计/模拟设计/IC验证工程师;工艺/设备/量产交付/生产工程师;生产运营类;工艺流程;工程策划/工业/MES;物流运输类;PMC运输包装/物流仓储工程师;制程/研发/先期/质量管理/客户质量工程师;可靠性/失效分析工程师,"上海, 杭州",2026-08-31,2027届,"本科, 硕士, 博士",秋招提前批,禾赛科技招聘,https://mp.weixin.qq.com/s/iiP1Ap4JW3i48TM9-se6Iw,https://kwh0jtf778.jobs.feishu.cn/229043/?spread=KHWW5AC,/,/,,,,
2026/06/16,湖北电力规划设计研究院,央国企,能源/化工/环保,电气设计师;网控检测工程师;预研发创新工程师;机务设计师;动力规划设计师;动力工程设计师;结构设计师;总图运输设计师;暖通设计师;岩土设计师;测绘设计师;水文设计师;海外经营管理;商务经理,武汉,尽快投递,2027届,"硕士, 博士","实习, 暑期实习",湖北省电力规划设计研究院,https://mp.weixin.qq.com/s/uq6ZLhtpFNyim08q612TQA,https://app.mokahr.com/campus-recruitment/hbpower/95447?locale=zh-CN#/,"电气工程及其自动化,自动化,通信,能源动力,核科学与工程,新能源,环境工程,力学,土木工程,建筑,结构,总图运输,交通,暖通,测绘,地理信息,地质,水利水文,工程管理,工程造价等相关专业",/,,,,
2026/06/16,中电锦江,央国企,通信/电子/半导体,总体设计师;算法设计师;信号处理设计师;天线设计师;射频设计师;软件设计师;电源设计师,成都,尽快投递,2027届,"硕士, 博士",秋招提前批,中电锦江,https://mp.weixin.qq.com/s/Vf_rAneDi62eISDVjnijkw,https://mp.weixin.qq.com/s/Vf_rAneDi62eISDVjnijkw,"电子信息,信息与通信工程,电子科学与技术,计算机科学与技术,软件工程,仪器科学与技术,电气工程",/,,,,
2026/06/16,中信证券-浙江分公司,央国企,金融业,实习生岗位,"丽水, 台州, 嘉兴, 宁波, 杭州, 温州, 湖州, 绍兴, 衢州, 金华",尽快投递,"2026, 2027届","本科, 硕士, 博士",暑期实习,中信证券浙江分公司,https://mp.weixin.qq.com/s/Wu5Ua2io5PfPmeHzoDRddQ,https://mp.weixin.qq.com/s/Wu5Ua2io5PfPmeHzoDRddQ,/,/,,,,
2026/06/16,是为科技,民企,通信/电子/半导体,硬件工程师 软件工程师 EMC工程师 结构工程师 工艺设备开发工程师 管培生 物流计划工程师 现场工艺/设备工程师 质量工程师 采购工程师 项目运营,"上海, 南京, 常州",尽快投递,"2027, 2028届","本科, 硕士, 博士","暑期实习, 秋招提前批",是为科技招聘,https://mp.weixin.qq.com/s/OB_FDFcVt2LteSslt8w53g,https://56rfo.fanqier.cn/f/ud7jtfap,/,/,,,,
2026/06/16,无锡市规划设计研究院,事业单位,房地产业/建筑业,城乡规划、土地规划、土地管理、城市设计、交通规划、市政工程等相关专业,无锡,尽快投递,"2027, 2028, 2029届","本科, 硕士, 博士","实习, 暑期实习",无锡市规划设计研究院,https://mp.weixin.qq.com/s/8NuV3mxlrx78uWzyltJM_A,https://mp.weixin.qq.com/s/8NuV3mxlrx78uWzyltJM_A,城乡规划、土地规划、土地管理、城市设计、交通规划、市政工程等相关专业,/,,,,
2026/06/16,苏州科达,民企,IT/互联网/游戏,音频算法工程师（苏州）;图像处理算法工程师（苏州）;AI算法工程师（苏州）;AI工具开发工程师（苏州/上海）;AI应用工程师（上海）;c/c++开发工程师（上海）;Android应用开发（上海）;安全组件开发工程师（苏州）;AI自动化测试工程师（上海）;系统测试工程师（上海）;采购工程师（苏州）,"上海, 苏州",尽快投递,2027届,"本科, 硕士, 博士","实习, 暑期实习",科达人KEDACOM,https://mp.weixin.qq.com/s/9djVMHxRBg9HVMRhSXJayQ,https://kedacom.zhiye.com/Intern,/,有笔试,,,,
2026/06/16,Babycare,民企,快速消费品,产品类 营销类 销售类 设计类 职能类；,"杭州, 全国多地",尽快投递,"2026, 2027, 2028届","本科, 硕士, 博士","实习, 暑期实习",Babycare招聘,https://mp.weixin.qq.com/s/gplQFHKKlXUKNyLYK23X-A,https://babycare.zhiye.com/intern/jobs,/,/,,,,
2026/06/16,戈尔德,民企,机械/制造业,机械/车辆相关专业暑期实习生,温州,尽快投递,"2026, 2027, 2028届","大专, 本科, 硕士, 博士","实习, 暑期实习",戈尔德人力资源,https://mp.weixin.qq.com/s/9VStapkuUvxj8MPSztlSJQ,https://mp.weixin.qq.com/s/9VStapkuUvxj8MPSztlSJQ,"机械/车辆相关专业,机械设计、车辆工程等相关专业优先",有笔试,,,,
2026/06/16,阿科玛,外企,能源/化工/环保,研发 商务 运营 职能支持等方向；,"上海, 嘉兴, 广州",尽快投递,"2026, 2027届","本科, 硕士, 博士","实习, 暑期实习",阿科玛招聘,https://mp.weixin.qq.com/s/9Ie7cB-NFMValzlv0_9nAQ,https://arkema.73cn.cn/arkemajob/mobile/login/toSubscribe.do,/,/,,,,
2026/06/16,五矿证券,央国企,金融业,投资银行;自营业务;资产管理;行业研究;私募基金;法律合规;风控内核;战略研究;职能支持,"上海, 北京, 成都, 杭州, 济南, 深圳, 长沙",2026-06-30,2027届,"本科, 硕士, 博士",暑期实习,五矿证券发布,https://mp.weixin.qq.com/s/UifsOajyXK6hdiueBn4_Yw,https://wecruit.hotjob.cn/SU63044b9ebef57c3179e6f7b7/pb/interns.html,"财金类,经济类,管理类,法律类,信息类,矿业类,冶金类,材料类,地质类,能源类",有笔试,,,,
2026/06/16,上海宇量昇,民企,机械/制造业,光学光电类 机械机电类 软件算法类 电子电气类 环境控制类 集成工艺 & 材料类 制造类 职能类,上海,尽快投递,"2026, 2027届","本科, 硕士, 博士",秋招提前批,UEA宇量昇招聘,https://mp.weixin.qq.com/s/DnsN8K3oI2Xl5p_Lhj590A,https://wecruit.hotjob.cn/SU63847447bef57c649c3505b5/mc/position/campus,/,/,,,,
2026/06/16,游族网络,民企,IT/互联网/游戏,数值策划;战斗策划;数据产品经理;系统策划;PM项目管理;客户端开发;服务器开发;后端开发;AI大模型开发;测试开发;前端开发;数据开发;运维开发;广告视频设计;角色原画;游戏UI设计;游戏UX设计;海外广告投放;海外商务;游戏运营;引入商务,上海,尽快投递,2027届,"本科, 硕士, 博士",秋招提前批,游族招聘,https://mp.weixin.qq.com/s/frovjpGTxw00M5mpeAN4VQ,https://campus.yoozoo.com/jobs,/,/,,,,
2026/06/16,DTL,民企,金融业,量化研究员;量化研究员-机器学习;基本面量化研究员;交易算法研究员;交易分析师;软件工程师;GPU工程师;人力资源专员,"上海, 北京",尽快投递,"2026, 2027, 2028届","本科, 硕士, 博士","实习, 暑期实习",DTL量化,https://mp.weixin.qq.com/s/q0Yy74sEk3u4Ur3CbpAZuQ,https://www.dytechlab.com/careers/,/,有笔试,,,,
2026/06/16,福龙马集团,民企,机械/制造业,机械工程实习生;电气工程实习生;交付运维实习生;人力资源实习生,"龙岩, 全国多地",尽快投递,"2027, 2028届","本科, 硕士, 博士",暑期实习,福龙马集团招聘,https://mp.weixin.qq.com/s/l8N_56d7gkU8vDJQ9YMWPQ,https://app.mokahr.com/campus-recruitment/fjlm/128157#/,"机械设计,车辆工程,电气工程及其自动化,自动化,人力资源管理,法学",/,,,,
2026/06/16,中庚基金,民企,金融业,投资部行业研究实习生;投资部量化研究实习生;品牌管理部营销策划实习生,上海,尽快投递,"2027, 2028, 2029届","硕士, 博士","实习, 暑期实习",中庚基金,https://mp.weixin.qq.com/s/hAK7RFjsdBnTBZBWd8M3nA,https://mp.weixin.qq.com/s/hAK7RFjsdBnTBZBWd8M3nA,"金融学及相关专业;计算机,数学,金融工程及相关专业;新闻学,金融学及相关专业",/,,,,
2026/06/16,中国航天科工西安分院（504所）,央国企,机械/制造业,通信工程 卫星导航 雷达工程 射频电路 相控阵天线 芯片设计 电源设计 软件工程 FPGA设计 硬件平台设计 人工智能 算力系统等专业,西安,2026-06-30,2027届,"本科, 硕士, 博士",暑期实习,中国空间技术研究院西安分院,https://mp.weixin.qq.com/s/_1nT7_5qEs5MidA0oM-Lkg,https://mp.weixin.qq.com/s/_1nT7_5qEs5MidA0oM-Lkg,"电子信息类,计算机类,航空航天类,机电控制类等相关工科专业",/,,,,
2026/06/16,柳工机械,央国企,机械/制造业,研发技术类;制造技术类;信息技术类;市场营销类;职能管理类,"常州, 柳州",2026-06-30,2027届,"本科, 硕士, 博士",暑期实习,柳工机械招聘,https://mp.weixin.qq.com/s/9MbgU3fS2VpFf8X98YrNcw,https://wecruit.hotjob.cn/SU6132e87abef57c3b637dcb71/pb/school.html?projectCode=201201&showProjectBanner=true,研发技术类：机械工程、液压/流体传动、车辆工程、电气/自动化、控制工程等；制造技术类：工业工程、安全工程、材料成型及控制工程、机械设计制造等；信息技术类：计算机科学、软件工程、人工智能、物联网工程、数据科学等；市场营销类：国际经济与贸易、市场营销、机械类、网络贸易、英语、小语种（俄语/西班牙语）等；职能管理类：人力资源管理、财务管理、会计学、法学、审计学等,/,,,,
2026/06/16,杭州联合银行,其他,金融业,银行实习生,杭州,2026-06-30,"2026, 2027届","本科, 硕士, 博士",暑期实习,杭州联合银行人才招聘,https://mp.weixin.qq.com/s/ICO2nM7GOVBv-HTkkH238A,https://mp.weixin.qq.com/s/ICO2nM7GOVBv-HTkkH238A,"专业不限,金融学、会计学、法学、统计学、计算机科学与技术等相关专业优先",/,,,,
2026/06/16,上汽安吉物流,央国企,交通/物流/仓储,物流管理类 数字技术类 财务管理类 西葡等语言类;,上海,尽快投递,2027届,"本科, 硕士, 博士",暑期实习,上汽集团招聘,https://mp.weixin.qq.com/s/DnnA4gAz9tIGdz_ZGW6igQ,https://mp.weixin.qq.com/s/DnnA4gAz9tIGdz_ZGW6igQ,"物流管理类专业不限,其余岗位专业对口者优先",/,,,,
2026/06/16,清桐文化服务中心,民企,文化/传媒/广告/体育,实习生,杭州,尽快投递,2027届,"本科, 硕士, 博士","实习, 暑期实习",杭州市清桐文化服务中心,https://mp.weixin.qq.com/s/Biwzh-E22mWnBcarbA0QFQ,https://mp.weixin.qq.com/s/Biwzh-E22mWnBcarbA0QFQ,"社会工作,新闻传播等相关专业优先",/,,,,
2026/06/16,复星艺术中心,民企,文化/传媒/广告/体育,"展览与艺术项目部门实习生,媒体与公共关系部门实习生,市场与整合营销部门实习生,衍生品商店实习生",上海,尽快投递,2027届,"本科, 硕士, 博士","实习, 暑期实习",上海复星艺术中心,https://mp.weixin.qq.com/s/Oyqx3Qj9qqPWhyJ-4IVZEw,https://mp.weixin.qq.com/s/Oyqx3Qj9qqPWhyJ-4IVZEw,/,/,,,,
2026/06/16,wteam,民企,IT/互联网/游戏,新媒体文案策划实习生;总裁助理实习生;创业者关系开拓实习生;活动运营实习生;平面设计实习生,广州,尽快投递,2027届,"本科, 硕士, 博士","实习, 暑期实习",wteam官方号,https://mp.weixin.qq.com/s/uld3nmZ6U9XNGkKTxWi3TQ,https://jqx28l0j4lx.feishu.cn/share/base/form/shrcnVe2ieAGLiVJMZzPdRzvuvb,/,/,,,,
2026/06/16,中博康华-天津智能科技,民企,通信/电子/半导体,管培实习生（相关专业：专业不限）,天津,2026-06-30,2027届,"本科, 硕士, 博士","实习, 暑期实习",天津中博康华智能科技,https://mp.weixin.qq.com/s/Bvpscaw4DEDA4Lzp_jbNjw,https://mp.weixin.qq.com/s/Bvpscaw4DEDA4Lzp_jbNjw,专业不限,/,,,,
2026/06/16,北京大数据研究院,事业单位,IT/互联网/游戏,专职编撰实习生,"北京, 全国多地",尽快投递,2027届,"本科, 硕士, 博士","实习, 暑期实习",北京大数据研究院BIBDR,https://mp.weixin.qq.com/s/c0qEuMp81BH3qITgbXzi5A,https://mp.weixin.qq.com/s/c0qEuMp81BH3qITgbXzi5A,电气工程、能源与动力、能源经济、大数据、人工智能、计算机、资源环境、应用经济学、碳中和相关专业,/,,,,
2026/06/16,着陆青年,民企,IT/互联网/游戏,新生市场运营岗;内容运营岗;校园销售推广岗;校园团队管理岗;开学季项目执行岗,"成都, 全国多地",尽快投递,2027届,"本科, 硕士, 博士",暑期实习,着陆计划,https://mp.weixin.qq.com/s/w63H6oCsFQAGkcKe6NB5bw,https://jsj.top/f/K976kS,/,/,,,,
2026/06/16,江苏扬农化工,央国企,能源/化工/环保,工艺助理研究员，检测助理研究员，人事专员，市场部分析员，专项审计专员，结算审核专员，绩效会计，海外报表会计，证券专员，招标采购合规岗（相关专业：精细化工，有机合成，化学工程，化学，农药学，制药工程，分...,扬州,尽快投递,2027届,"本科, 硕士, 博士","实习, 暑期实习",中国中化-江苏扬农化工,https://jdjyw.jlu.edu.cn/portal/jyzp/recruit/details?id=d4905344becc4c5bbaad4ea7df8f932c,https://jdjyw.jlu.edu.cn/portal/jyzp/recruit/details?id=d4905344becc4c5bbaad4ea7df8f932c,"精细化工,有机合成,化学工程,化学,农药学,制药工程,分析化学,人力资源管理,工商管理,植物保护,审计,会计,企业管理,工程造价,工程审计,工程管理,财务管理,经济,法学,供应链管理",有笔试,,,,
2026/06/16,国寿养老,央国企,金融业,研究院，人工智能开发岗（相关专业：金融、经济、财务、软件研发、人工智能、大数据）,北京,2026-06-25,2027届,"硕士, 博士",暑期实习,国寿养老,https://mp.weixin.qq.com/s/BB_a6nlJTpTKBtG5QUUEZw,https://chinalife.zhiye.com/custom/intern?hideMenu=1,金融、经济、财务、软件研发、人工智能、大数据等相关专业,有笔试,,,,
2026/06/16,贝瑞文化,民企,文化/传媒/广告/体育,B端大客户销售实习生;采购/物流供应链实习生;平面/包装/产品设计实习生;财务实习生;产品实习生(文案策划/营销洞察类);AI应用实习生;流程运营实习生;标书实习生(标书制作),重庆,尽快投递,2027届,"本科, 硕士, 博士","实习, 暑期实习",四川美术学院学生处,https://mp.weixin.qq.com/s/KyR81tN7mqZTMHB5e00vqg,https://alidocs.dingtalk.com/notable/share/form/v01mPdnp85DJevGnw98_dv19yqvsgs3oebp3pcjys_1qX0QQ0,/,/,,,,
2026/06/16,中国建筑出版传媒,央国企,文化/传媒/广告/体育,新媒体运营实习生、视频剪辑实习生、平面设计实习生、摄影/摄像实习生（相关专业：专业不限）,北京,尽快投递,2027届,"本科, 硕士, 博士","实习, 暑期实习",中国建筑出版传媒,https://job.bit.edu.cn/frontpage/bit/html/recruitmentinfoForm.html?positionDetailId=f1e43bfa054548f4ae48b61a66ea8f4f&,https://job.bit.edu.cn/frontpage/bit/html/recruitmentinfoForm.html?positionDetailId=f1e43bfa054548f4ae48b61a66ea8f4f&,不限专业,/,,,,
2026/06/16,食通社,民企,文化/传媒/广告/体育,内容编译、研究助理、短视频制作(相关专业：新闻、传播、外语、中文、农业、环境、社会学、人类学、广告、摄影、电影）,北京,尽快投递,2027届,"本科, 硕士, 博士","实习, 暑期实习",食通社Foodthink,https://mp.weixin.qq.com/s/oVVZfLXkZyEQ8dVV1BQNZg,http://1xi.co/d7ye5,/,/,,,,
2026/06/16,甬元私募基金,民企,金融业,"基金投资类,合规风控类,综合品牌类,信息技术类（相关专业：金融、经济、财务、理工科、法学、财会、中文、新闻传播、管理类、计算机、信息管理、数据科学）",宁波,尽快投递,2027届,"硕士, 博士","实习, 暑期实习",甬元基金,https://mp.weixin.qq.com/s/fOd-B05eZF_kBupCrWAy4g,https://mp.weixin.qq.com/s/fOd-B05eZF_kBupCrWAy4g,基金投资类：金融、经济、财务、理工科相关专业优先；合规风控类：法学、金融、财会相关专业优先；综合品牌类：中文、新闻传播、管理类、经济类相关专业优先；信息技术类：计算机、信息管理、数据科学相关专业优先,/,,,,
2026/06/16,绵投集团,央国企,金融业,党务干事、人力资源管控岗、运营管理岗（经营考核方向）、投资管理岗（科技创新方向）、投资管理岗（担保管理方向）、安全管理岗、核算会计岗（相关专业：经济学类、金融学类、管理学类、法学类、理学类、工学类、安...,绵阳,2026-06-24,"2025, 2026届","硕士, 博士",春招补招,绵投集团,https://gzw.my.gov.cn/mysgzw/c101662/202606/054a8170245346ae9fc078a08a86c73b.shtml,https://gzw.my.gov.cn/mysgzw/c101662/202606/054a8170245346ae9fc078a08a86c73b.shtml,/,有笔试,,,,
2026/06/16,保亿家科技,民企,IT/互联网/游戏,暑期实习生,"上海, 杭州, 温州, 绍兴, 苏州, 长沙",2026-06-30,2027届,"本科, 硕士, 博士",暑期实习,保亿家科技,https://mp.weixin.qq.com/s/_JWer25p6pzXcDxWi2FSAg,https://mp.weixin.qq.com/s/_JWer25p6pzXcDxWi2FSAg,/,/,,,,
2026/06/16,湖南省文物考古研究院,事业单位,教育/培训/科研,文化遗产保护（建设方向）岗，文化遗产保护（规划方向）岗，文化遗产保护（设计方向）岗，冶金考古古金属研究岗，史前考古研究岗，商周考古研究岗，汉唐考古研究岗，宋元考古研究岗,长沙,2026-06-18,"2024, 2025, 2026届","本科, 硕士, 博士",春招补招,湖南省文物考古研究院,https://rst.hunan.gov.cn/rst/xxgk/zpzl/sydwzp/202606/t20260610_33998237.html,http://rst.hunan.gov.cn/,/,有笔试,,,,
2026/06/16,吉林市事业单位,事业单位,政府/机构/组织,文字综合，基层治理，综合管理，信息管理，财务管理，网络安全技术保障岗，活动干事，书法教师，会计，新媒体制作，高中生物教师，高中日语教师，高中体育教师，初中体育教师，初中道德与法治教师，初中数学教师，特......,吉林,2026-08-30,"2024, 2025, 2026届","本科, 硕士, 博士","春招补招, 社招",吉林就业,https://mp.weixin.qq.com/s/DRgnyrMV9Uypjj1LXyHSkg,http://www.jlssyzp.com,/,有笔试,,,,
2026/06/16,江南农村商业银行,其他,金融业,厅堂服务岗,"南京, 南通, 常州, 泰州, 淮安, 盐城, 苏州, 连云港, 镇江",2026-06-20,2027届,"本科, 硕士, 博士",暑期实习,江南农商银行,https://mp.weixin.qq.com/s/Tce2HutHQaNpkJ1t8sjqlw,https://campus.51job.com/jsnxzp2026sxs/,/,/,,,,
2026/06/16,益海嘉里金龙鱼,外企,农林牧渔,总部贸易储备生;总部营销储备生-现代渠道;资金专员;供应链财务;兴平食品生产储备生-制粉;布署淀粉生产储备生;昆山企业群生产储备生-机修;营销储备生-餐饮渠道;营销储备生-消费品渠道;营销储备生-食品工业渠道,"上海, 东莞, 南京, 南昌, 咸阳, 广州, 深圳, 苏州, 贵阳, 全国多地",尽快投递,2026届,"本科, 硕士, 博士",春招补招,益海嘉里官方招聘,https://mp.weixin.qq.com/s/tv8mwnffQgKszYzh7CQ3ZA,https://mp.weixin.qq.com/s/tv8mwnffQgKszYzh7CQ3ZA,"各岗位对应不同专业要求,涵盖贸易、统计、经济、食品、机械、财务、营销、管理等相关专业",/,,,,
2026/06/15,浙江省城乡规划设计研究院,央国企,房地产业/建筑业,规划类 市政类 建筑类 园林类 信息类；,杭州,尽快投递,2027届,"本科,硕士,博士",暑期实习,浙江省城乡规划设计研究院,https://mp.weixin.qq.com/s/59kZJ4sV6v9MY1I_c_TQew,https://oa.zjplan.com/edc/formview/mk11gx,/,/,,,,
2026/06/15,首都科技发展集团,央国企,政府/机构/组织,生物医药投资;产品经理;法务;财务审计;行政职能,北京,2026-06-26,"2027, 2028届","硕士,博士",暑期实习,北京首都科技发展集团,https://mp.weixin.qq.com/s/-FnHaXqq_j8lj8iqyQ4H0w?click_id=1646468886,https://mp.weixin.qq.com/s/-FnHaXqq_j8lj8iqyQ4H0w?click_id=1646468886,生物医药投资:生物医药相关专业;产品经理:人工智能、智能科学与技术、软件工程、计算机科学与技术等相关专业;法务:法学或法律相关专业，通过国家法律职业资格考试优先;财务审计:财务、审计、财务管理、税务、金融相关专业;行政职能:管理学、汉语言文学等相关专业,/,,,,
2026/06/15,卧安机器人,民企,智能硬件,算法实习生(VLA.VLN.世界模型.数据);规划导航控制算法实习生;数据标注实习生;AI产品实习生;市场营销实习生(日语、德语);人力资源实习生(招聘方向);运营管培生;硬件工程师;投资经理(AI/机器人方向);人力资源,"杭州, 深圳",尽快投递,"2026, 2027届","本科,硕士,博士","实习, 暑期实习",卧安机器人招聘,https://mp.weixin.qq.com/s/yneH7DRkC041wySjWt4qNQ,https://woanhome.zhiye.com/intern/jobs?memory={}&silence=1,/,/,,,,
2026/06/15,四川省建筑设计研究院有限公司,央国企,房地产业/建筑业,建筑设计实习生;规划设计实习生;城市发展实习生;BIM咨询实习生;前期咨询实习生;项目管理实习生;科研助理实习生;造价实习生;财务实习生;人力实习生;行政实习生;培训实习生,成都,2026-06-30,2027届,"本科,硕士,博士","实习, 暑期实习",四川省建筑设计研究院有限公司,https://mp.weixin.qq.com/s/vRrHbhb5h7_fFimoSFqsLA,https://mp.weixin.qq.com/s/vRrHbhb5h7_fFimoSFqsLA,各岗位对应不同专业，涵盖建筑学、城市规划、土木工程、工程造价、财务、人力资源、行政管理等相关专业,/,,,,
2026/06/15,拜耳,外企,医疗/医药/生物,AI Internship Program,"上海, 北京",2026-06-30,"2026, 2027届","硕士,博士","实习, 暑期实习",拜耳招聘,https://mp.weixin.qq.com/s/qvTP1RtjSyZwiUkK5CWMFQ,https://app.mokahr.com/campus-recruitment/bayer/148388#/job/9cc574cb-9aae-430f-a7d7-789d2e76da7f?from=qrcode&isRecommendation=undefined,计算机、人工智能、数学、软件工程等相关专业,有笔试,,,,
2026/06/15,德赛西威,民企,汽车制造/维修/零配件,算法类 软件类 硬件类 测试类 产品项目类 制造工程类 供应链类 职能类；,"上海, 南京, 惠州, 成都, 深圳",尽快投递,2027届,"本科,硕士,博士",暑期实习,德赛西威招聘,https://mp.weixin.qq.com/s/vw5ER31r0r-1ZoZfZO3uMg,https://yesv-desaysv.jobs.feishu.cn/campus/,/,/,,,,
2026/06/15,中铁设计,央国企,房地产业/建筑业,交通运输类 测绘类 土木建筑类 电气通信类 机械类 工程管理类；,"北京, 太原, 济南, 郑州",尽快投递,2027届,"硕士,博士",秋招提前批,中铁设计集团,https://mp.weixin.qq.com/s/AYkr0nHEyVkcatHBrLl8Ng,https://zhr.crec.cn/zhaopin/#/webLogin?pkQrCode=459&pkCompany=12400000&companyName=%E4%B8%AD%E9%93%81%E5%B7%A5%E7%A8%8B%E8%AE%BE%E8%AE%A1%E5%92%A8%E8%AF%A2%E9%9B%86%E5%9B%A2%E6%9C%89%E9%99%90%E5%85%AC%E5%8F%B8&pkOrg=12400000,/,/,,,,
2026/06/15,广州银行,央国企,金融业,总行实习生;分支行实习生;IT实习生,"佛山, 广州",尽快投递,2027届,"本科,硕士,博士",暑期实习,广州银行招聘官微,https://mp.weixin.qq.com/s/SMvyzu0R381bgvbkM5_6qQ,https://wecruit.hotjob.cn/SU65323a7d8ac1ca5869a66c80/pb/interns.html,IT实习生要求计算机、软件工程相关专业，其他实习生专业不限，经济金融、法学、理工类专业背景优先,/,,,,
2026/06/15,交通银行-无锡分行,央国企,金融业,营销岗实习生;综合业务岗实习生,无锡,2026-06-25,2027届,"本科,硕士,博士",暑期实习,交通银行无锡分行,https://mp.weixin.qq.com/s/CeaIPo3WG6NLC-PysYb0cg,https://mp.weixin.qq.com/s/CeaIPo3WG6NLC-PysYb0cg,经管法律类、金融科技类（含软件开发、数据分析、金融工程、智能科技、电子信息）等专业优先,/,,,,
2026/06/15,海南省演艺集团,央国企,文化/传媒/广告/体育,综合事务;审计助理;宣传推广方向;活动策划执行方向;舞台技术方向;服务保障方向;舞蹈演员;编导;主持人;歌手;营销方向,"三亚, 乌海, 海口",尽快投递,2027届,"大专,本科,硕士,博士",暑期实习,海南省民族歌舞团,https://mp.weixin.qq.com/s/J4RQvMSeP6LxRlDbirZ2pw,https://mp.weixin.qq.com/s/J4RQvMSeP6LxRlDbirZ2pw,专业不限,/,,,,
2026/06/15,上海念空,民企,金融业,量化研究实习生-深度学习方向;量化策略实习生-优化方向,上海,尽快投递,2027届,"硕士,博士",暑期实习,上海念空,https://mp.weixin.qq.com/s/-C_rPRu9le_Q1Qn1b_n5cA,https://mp.weixin.qq.com/s/-C_rPRu9le_Q1Qn1b_n5cA,"计算机,人工智能,统计,数学,金融工程,应用数学,运筹学等相关专业",/,,,,
2026/06/15,杰瑞集团,民企,机械/制造业,青年合伙人计划;机械工程师;电气工程师;硬件工程师;仪表工程师;工艺工程师;仿真工程师;海外技术销售工程师;国内销售工程师;海外销售经理;技术服务工程师;采购工程师;财务专员;人力资源专员,"上海, 北京, 天水, 天津, 成都, 深圳, 烟台, 青岛, 海外",尽快投递,2027届,"本科,硕士,博士",秋招提前批,杰瑞绿洲,https://mp.weixin.qq.com/s/tTFOHtZJQoZv-h0ToiCfaA,https://jereh.zhiye.com/campus,"车辆工程,机械工程,船舶工程,流体力学,电气,自动化,控制,能源与动力工程,核工程与核技术,化学工程与工艺,石油化工,材料工程,电子信息,信息与通讯工程,工商管理,西班牙语,葡萄牙语,阿拉伯语,俄语,法语,国际贸易,市场营销",/,,,,
2026/06/15,大连新东方,民企,教育/培训/科研,高中班级教师(数/英/物/化);高中1V1教师(语/数/英/物/化/生/史/地/政);初中学习机教师(语/数/英/物);青少素质教养教师(英),大连,尽快投递,2027届,"本科,硕士,博士",秋招提前批,大连新东方招聘,https://mp.weixin.qq.com/s/opE8PCABVFN5_FN-ndTkbw,https://zhaopin.xdf.cn/jobs?activityGuid=d3afbf91-f27f-4686-a9ec-16c0e7fb5147,/,/,,,,
2026/06/15,广西北部湾银行,央国企,金融业,暑期实习生,"北海, 南宁, 崇左, 柳州, 桂林, 梧州, 河池, 玉林, 百色, 贵港, 贺州, 钦州, 防城港",2026-06-22,"2027, 2028届","本科,硕士,博士",暑期实习,广西北部湾银行微生活,https://mp.weixin.qq.com/s/GOUk8fzJliurjJnPcUzNVQ,https://zhaopin.bankofbbg.com/#/campusRecruitment,专业不限,/,,,,
2026/06/15,铂力特,民企,机械/制造业,研发类 技术类 市场类 业务管理类 综合类；,西安,2026-06-19,2027届,"硕士,博士",秋招提前批,金属3D打印专家铂力特,https://mp.weixin.qq.com/s/U5szidBAqLvrlgBKJX0t-g,https://v.wjx.cn/vm/wGo0J4q.aspx,"材料类,机械类,软件类,增材制造类",/,,,,
2026/06/15,中国航发-动控所,央国企,机械/制造业,智能类岗;电机类岗;控制类岗;电子类岗;软件类岗;传感类岗;机械类岗,无锡,2026-06-30,2027届,"硕士,博士",暑期实习,凝星动控,https://www.xiaozhaoya.com/detail?id=41040,https://6k2ostet.jsjform.com/f/GpaWyQ,智能类含大数据挖掘、空天工程、电气工程与智能控制等；电机类含电机工程、电机与电器等；控制类含航空宇航推进理论与工程、控制科学与工程等；电子类含电路与系统、微波技术、电力电子等；软件类含计算机科学与技术、软件工程；传感类含仪器科学与技术、机械系统工程等；机械类含流体机械及工程、转子动力学、机械电子工程等,/,,,,
2026/06/15,麒麟软件,央国企,IT/互联网/游戏,人工智能研发类;操作系统&内核研发类;安全研发类;云平台&虚拟化研发类;技术管理职能类,"上海, 北京, 天津, 广州, 武汉, 郑州, 长沙",尽快投递,"2027, 2028, 2029届","本科,硕士,博士","实习, 暑期实习",麒麟软件,https://mp.weixin.qq.com/s/hBa6w8d0Z0ASk3m0miFHCg,https://kylinos.zhiye.com/intern/jobs,"计算机,软件工程,人工智能,电子信息,信息安全,控制工程等相关专业",/,,,,
2026/06/15,陕西烟草,央国企,快速消费品,本次公开招聘为生产操作类岗位，招聘2026年应届高校毕业生共计55人，具体岗位、招聘人数及专业要求详见《陕西省烟草专卖局（公司）2026年生产操作类岗位应届高校毕业生招聘岗位表》（附件1）。,"商洛, 安康, 宝鸡, 延安, 汉中, 渭南, 西安",2026-06-22,2026届,"本科,硕士,博士",春招补招,陕西省烟草专卖局（公司）,http://www.tobacco.gov.cn/gjyc/zpxx/202606/f6ce405b081c46d980eb678b50efe1c6.shtml,https://c.exam-sp.com/sxyc2026,/,有笔试,,,,
2026/06/15,科大讯飞-研究院,民企,IT/互联网/游戏,AI研究算法工程师(多方向),"上海, 北京, 合肥, 广州, 西安",尽快投递,2027届,"硕士,博士",秋招提前批,科大讯飞招聘,https://mp.weixin.qq.com/s/vmh4sa_HA_0jJCq0nngJRA,https://iflytek.zhiye.com/4/jobs?sessionid=,/,/,,,,
2026/06/15,隆基绿能,民企,能源/化工/环保,储能嵌入式研发工程师 储能系统开发工程师 储能PCS开发工程师 储能系统研发工程师 储能交付技术支持培训生 储能产品管理培训生 储能产品解决方案培训生 储能交付项目管理培训生 储能采购培训生 储能财务培训生 储能法务培训生  储能国际业务支持培训生 储能供应商质量管理培训生；,苏州,尽快投递,"2025, 2026届","本科,硕士,博士",春招补招,隆基绿能招聘,https://mp.weixin.qq.com/s/VR70l718Algz72oJM6SfiA,https://wecruit.hotjob.cn/SU649d30920dcad4644b43e39b/mc/position/campus?sharePostKey=889cf99b66b54d21ac67dfb816f8fac8,/,/,,,,
2026/06/15,河北移动雄安公司,央国企,通信/电子/半导体,客户经理;解决方案经理,雄安新区,尽快投递,"2024, 2025, 2026届","本科,硕士,博士",春招补招,中国移动招聘,https://mp.weixin.qq.com/s/QkaFL2nFbfNPUWF6JZdRIA,https://job.10086.cn/personal/campus/campus_job_list.html?cId=7,"计算机类,通信类,电子类,自动化类,统计类",有笔试,,,,
2026/06/15,奇思妙想,民企,贸易/批发/零售,运营实习生 内容实习生(剪辑/执行编导) 海外店铺运营实习生,重庆,尽快投递,2027届,"本科, 硕士, 博士",暑期实习,奇思妙想MT,https://mp.weixin.qq.com/s/2r7Orr0fB545DT9lDLb37A?scene=1,https://mp.weixin.qq.com/s/2r7Orr0fB545DT9lDLb37A?scene=1,/,/,,,,
2026/06/15,钱江摩托,民企,汽车制造/维修/零配件,研发类 制造类 职能类,"台州, 杭州",尽快投递,2027届,"本科, 硕士, 博士","实习, 暑期实习",钱江HR,https://mp.weixin.qq.com/s/GMIMCAkpYVK75HULiNEMkg,HTTPS://APP.MOKAHR.COM/SU/DNCRG,/,有笔试,,,,
2026/06/15,翀宇跨综服平台,民企,贸易/批发/零售,单证助理实习生;财务助理实习生,温州,尽快投递,"2027, 2028届","大专, 本科, 硕士, 博士",暑期实习,翀宇跨综服,https://mp.weixin.qq.com/s/aO6_Yk_1Litvz7av2nmg6g,https://mp.weixin.qq.com/s/aO6_Yk_1Litvz7av2nmg6g,单证助理：国贸专业优先；财务助理：会计/财务相关专业,/,,,,
2026/06/15,四川银行,央国企,金融业,业务管理类（总行）;数据科技类（总行、分行）;业务服务类（分行）,成都,尽快投递,"2027, 2028届","本科, 硕士, 博士",暑期实习,四川银行,https://mp.weixin.qq.com/s/pkUc9q96eGDhC_AnPGyzYg,https://scbank.hotjob.cn/,/,有笔试,,,,
2026/06/15,Vbot维他动力,民企,智能硬件,具身智能数据算法工程师 语音前端算法工程师 具身智能 Agent 开发工程师 具身智能运控算法工程师 世界模型算法工程师 操作算法工程师,"上海, 北京",尽快投递,2027届,"硕士, 博士",暑期实习,Vbot 维他动力,https://mp.weixin.qq.com/s/YCzfIDfAIAiy-e4OkWm5wA,https://vitadynamics.jobs.feishu.cn/501772,计算机、机械、自动化、电子、AI相关专业,/,,,,
2026/06/15,保利发展控股-四川公司,央国企,房地产业/建筑业,建筑规划岗;园林设计岗;土建工程岗;成本结算岗;营销策划岗;品牌媒介岗;会计岗;出纳岗,"宜宾, 德阳, 成都, 眉山, 遂宁",2026-06-21,2027届,"本科, 硕士, 博士",暑期实习,保利发展招聘,https://mp.weixin.qq.com/s/aWCFotTDHSNQ6qfkH3w4FA,https://polynew.zhiye.com/intern/jobs?queryId=e0893a2d-b5d6-44ee-816f-f46f2464bdf3&sessionid=,/,/,,,,
2026/06/13,华硕-苏州研发中心,民企,通信/电子/半导体,软件测试实习生 硬件测试实习生 无线网络设备测试实习生；,苏州,尽快投递,2027届,"本科,硕士,博士","实习, 暑期实习",华硕研发招聘,https://mp.weixin.qq.com/s/pxrTwE4QROfMg1jeWftVVg,https://asustek.zhiye.com/intern/jobs,/,/,,,,
2026/06/13,中汽中心,央国企,汽车制造/维修/零配件,车辆工程 机械设计 交通运输 人工智能 电气工程 电子信息 计算机类 通信工程 控制工程 软件工程 能源动力 力学 材料 环境工程 市场营销 金融学 管理学 文学等专业；,"上海, 北京, 合肥, 呼伦贝尔, 天津, 宁波, 常州, 广州, 成都, 扬州, 昆明, 武汉, 深圳, 盐城, 郑州, 重庆, 长春",尽快投递,2027届,"本科,硕士,博士",秋招提前批,中国汽车技术研究中心有限公司,https://mp.weixin.qq.com/s/C0gZutoFeNVfPHB1GvsByQ,https://dhr.catarc.ac.cn/RedseaPlatform/zhaopin/zpChannelQrCode/campus_recruit/officeWebsite.mob?jumpPageId=detail&detailRequestId=ae803084-a249-4f69-9591-08270a0ec82a&configId=campus_recruit&recruitWay=4,车辆工程、机械设计、交通运输、人工智能、电气工程、电子信息、计算机类、通信工程、控制工程、软件工程、能源动力、力学、材料、环境工程、市场营销、金融学、管理学、文学,/,,,,
2026/06/13,象屿股份,央国企,贸易/批发/零售,大宗商品业务实习生 产研实习生 船舶运营实习生 贸易运营实习生 财务实习生 税务实习生 法务实习生 人力实习生；,厦门,尽快投递,2027届,"本科,硕士,博士","实习, 暑期实习",象屿股份校园招聘,https://mp.weixin.qq.com/s/cYTab_sc0NFGXqYL8kTuAQ,https://xiangyu.zhiye.com/intern/jobs,/,/,,,,
2026/06/13,天册,民企,财务/审计/税务,知识产权部实习生;公司业务部实习生;金融证券部实习生;数字经济法律业务部实习生,"上海, 北京, 宁波, 杭州, 武汉, 深圳",2026-07-15,2027届,"本科,硕士,博士",暑期实习,天册律师事务所,https://mp.weixin.qq.com/s/IEcQ_7spbr8qS6oBUdtfjA,https://mp.weixin.qq.com/s/IEcQ_7spbr8qS6oBUdtfjA,/,/,,,,
2026/06/13,中国天楹,民企,能源/化工/环保,环保装备工程方向 化工方向 电力方向 农业方向 安环信息方向 数智化设备方向 财务/税务专员 人事专员 审计专员 车辆管理方向 ,"乌海, 南通",尽快投递,"2026, 2027届","本科,硕士,博士",秋招提前批,中国天楹股份有限公司,https://mp.weixin.qq.com/s/so7zsBb_A0Zy_Qo0VluIIQ,https://mp.weixin.qq.com/s/so7zsBb_A0Zy_Qo0VluIIQ,"机械制造,自动化,材料工程,工业工程,智能制造,化学工艺,应用化学,化学工程,电力系统及自动化,电气工程,能源动力,农学,植物保护,作物学,农林经济管理,安全工程,环保,信息管理,机械,热动,电气,仪控,大数据,财务,会计,税务,金融,审计,人力资源管理,工商管理,社会学,心理学,法学",有笔试,,,,
2026/06/13,爱依服,民企,快速消费品,服装设计实习生；,佛山,尽快投递,2027届,"本科,硕士,博士","实习, 暑期实习",IEF爱依服招聘,https://mp.weixin.qq.com/s/yJZ0dojCiq7GZLWrGqTp4Q,https://wecruit.hotjob.cn/SU63d8e7312f9d2414bbead0cd/mc/detail?postId=225702&recruitType=intern&distance=undefined,服装设计相关专业,/,,,,
2026/06/13,中信证券-分支机构,央国企,金融业,分支机构实习生岗位,全国多地,尽快投递,2027届,"本科,硕士,博士",暑期实习,中信证券招聘,https://mp.weixin.qq.com/s/PAg5-ojwQ7pfgJWkf6C2PA,https://careers.citics.com/branch/interns,/,/,,,,
2026/06/13,财通证券-研究所,央国企,金融业,研究助理实习生 机构销售实习生 ,"上海, 北京, 广州, 深圳",尽快投递,2027届,"硕士,博士","实习, 暑期实习, 秋招提前批",财通证券研究,https://mp.weixin.qq.com/s/OSyCiCWk5geM6rzzebNg4g,https://mp.weixin.qq.com/s/OSyCiCWk5geM6rzzebNg4g,专业不限,有笔试,,,,
2026/06/13,上海国资国企,央国企,政府/机构/组织,工业大脑与具身智能研发实习生;产品研发实习生;上海电缆所咨询实习生;人工智能实习生;新秀生(分支行实习生);市场营销实习生;智能建造实习生,上海,尽快投递,2027届,"本科,硕士,博士","实习, 暑期实习",上海国资,https://mp.weixin.qq.com/s/aKdAwFF2pKPFA8EI-60Mlg,https://shgzwzp.fsg.com.cn,/,/,,,,
2026/06/13,立信,民企,财务/审计/税务,审计;IT审计;税务;咨询;会计;函证;人力资源;ESG咨询;财务转型咨询,"上海, 佛山, 北京, 深圳, 珠海",尽快投递,"2026, 2027, 2028届","本科,硕士,博士",暑期实习,BDO立信招聘,https://mp.weixin.qq.com/s/n5GSfNUdrM1rkc7ErOjtLQ?scene=1&click_id=2091734800,https://bdochina.zhiye.com/intern/jobs,专业不限,/,,,,
2026/06/13,中国平安,民企,金融业,面向全球诚邀AI算法类与产品管理类领域顶尖人才,深圳,尽快投递,"2026, 2027届","硕士,博士","实习, 暑期实习, 秋招提前批",中国平安招聘,https://mp.weixin.qq.com/s/4aXi7qbCdRtaxDPwtUSW0A,https://campus.pingan.com/,/,/,,,,
2026/06/13,麦米电气,民企,机械/制造业,电气工程、自动化、电子科学与技术、电力电子等相关专业；,长沙,2026-07-10,2027届,"硕士,博士",暑期实习,麦米电气招聘,https://mp.weixin.qq.com/s/6arX4YatBzmAMe_7ExzcqA,https://wecruit.hotjob.cn/SU628dc1272f9d243f296ed241/mc/detail?postId=426901&recruitType=intern&distance=undefined,电力电子相关专业,/,,,,
2026/06/13,零跑汽车,民企,汽车制造/维修/零配件,零售管培生,"上海, 天津, 广州, 成都, 杭州, 武汉, 西安, 郑州, 重庆, 金华, 长沙",尽快投递,2026届,"本科,硕士,博士",春招补招,零跑招聘,https://mp.weixin.qq.com/s/zmJ17RnMunitPzsZUHs68w,https://leapmotor1.zhiye.com/campus/jobs?memory={}&silence=1,专业不限,/,,,,
2026/06/13,济南盛景积余,民企,生活服务业,商业管理专员 工程技术专员,济南,2026-06-22,2026届,"本科,硕士,博士",春招专场,盛景积余,https://mp.weixin.qq.com/s/0I3Dd5YrqxQmnxpZcIiUNQ,https://mp.weixin.qq.com/s/0I3Dd5YrqxQmnxpZcIiUNQ,/,有笔试,,,,
2026/06/12,中国邮政储蓄银行-山东省分行,央国企,金融业,金融业务实习生,"东营, 临沂, 威海, 德州, 日照, 枣庄, 泰安, 济南, 济宁, 淄博, 滨州, 潍坊, 烟台, 聊城, 芜湖, 菏泽",2026-06-22,2027届,"本科, 硕士, 博士",暑期实习,邮储银行山东分行,https://mp.weixin.qq.com/s/jegr9m52AhTKSCFReTtyEw,https://ycsdsh.zhaopin.com/post/index.html,金融、经济学、信息技术、数理统计、财务会计、管理、法律等相关专业,/,,,,
2026/06/12,中国联通,央国企,通信/电子/半导体,下属各单位岗位，具体见投递方式链接！,全国多地,尽快投递,2027届,"本科, 硕士, 博士",暑期实习,中国联通招聘,https://mp.weixin.qq.com/s/uL370b8ypCVvzGRhyccK2w,https://zglt.zhaopin.com/sxsjobs/index.html,/,有笔试,,,,
2026/06/12,MOVA,民企,耐用消费品,规划控制算法工程师;SLAM算法工程师;VSLAM算法工程师;AI算法工程师;感知算法工程师;软件开发工程师;嵌入式开发工程师;电子硬件工程师;结构开发工程师;测试工程师;流体工程师;项目经理;产品经理;海外营销;社媒运营;GTM;工业设计;UI/UX设计;投融资专员;战略洞察;公关传播(PR);HRBP;知识产权专员;法务BP;质量工程师(PQE/DQE/SQE/CQE);采购工程师,"北京, 南京, 杭州, 深圳, 苏州",2026-11-30,"2024, 2025, 2026, 2027届","本科, 硕士, 博士",秋招提前批,MOVA招聘,https://mp.weixin.qq.com/s/IJWe2_h8Up_G6PUNrS8XJQ,https://mova.zhiye.com/campus/jobs?sessionid=,/,/,,,,
2026/06/12,浙江省发展规划研究院,事业单位,房地产业/建筑业,战略所 经济所 区域所 城镇所 基础所 产业所 能环所 社会所 铁路所 智库部 机关党委岗位；,杭州,尽快投递,2027届,"本科, 硕士, 博士","实习, 暑期实习",浙江发展规划,https://mp.weixin.qq.com/s/uA4ORTvYwupo3A0G-V9WPQ,http://47.96.146.209:8111/zhaopin_sx.php,/,/,,,,
2026/06/12,中国科学院光电技术研究所,事业单位,教育/培训/科研,光学设计;光机构设计;光机设计;环控设计;电学架构设计;机械设计;电器硬件设计;伺服控制;激光物质相互作用;高精度测量系统研制;误差分析及参数优化;缺陷检测;FPGA设计;FPGA逻辑开发;嵌入式硬件;光机系统集成与调控;项目质量管理;科研助理;科研财务助理;气动光学测量与控制;软件开发;数控设计与激光微纳制造;版图设计优化;先进处理;污染处理工艺;微电子前端工艺;微电子工艺;微纳加工工艺;镀膜加工;图像处理,成都,2026-07-12,"2026, 2027届","硕士, 博士","春招补招, 秋招提前批",中国科学院光电技术研究所,https://mp.weixin.qq.com/s/ZlSb1jOeyY6ld1NbQwbiZg,https://mp.weixin.qq.com/s/ZlSb1jOeyY6ld1NbQwbiZg,"光机类,电子与通信类,计算机与控制类及相关理工类专业",/,,,,
2026/06/12,中华财险,央国企,金融业,农学 计算机类 机械土木类 理学 医学 经济学&管理学&其他专业；,北京,尽快投递,2027届,"本科, 硕士, 博士",暑期实习,中华财险招聘,https://mp.weixin.qq.com/s/gtmPCRloNOjyDKyaynVgQw,https://ciczp.zhiye.com/custom/sxstqp?hideMenu=1,/,/,,,,
2026/06/12,辽沈银行,央国企,金融业,总行管理培训生;分行管理培训生;运营支持岗,"丹东, 大连, 抚顺, 沈阳, 营口, 葫芦岛, 辽阳, 锦州, 鞍山",2026-06-26,"2025, 2026届","本科, 硕士, 博士",春招专场,辽沈银行,https://mp.weixin.qq.com/s/GGDDw1Ih3e405jieNTxqtg,https://lsbank2026.zhiye.com/,"专业不限,科技、金融、理工、统计、农学、化工、财会等相关专业优先",有笔试,,,,
2026/06/12,华为-半导体业务部-图灵业务部,民企,通信/电子/半导体,AI应用工程师;AI模型工程师;AI Infra工程师;芯片与器件设计工程师;结构与材料工程师;软件开发工程师;算法工程师;硬件技术工程师,"上海, 北京, 南京, 成都, 杭州, 武汉, 深圳, 苏州, 西安",尽快投递,"2027, 2028届","本科, 硕士, 博士","实习, 暑期实习",华为,https://www.xiaozhaoya.com/detail?id=41007,https://career.huawei.com/reccampportal/portal5/campus-recruitment.html,"人工智能,计算机科学与技术,电子信息工程,通信工程,自动化",有笔试,,,,
2026/06/12,中建国际城市建设,央国企,房地产业/建筑业,现场工程岗、技术质量岗、商务岗；,全国多地,2026-06-20,2027届,"本科, 硕士, 博士",暑期实习,中建国际城市建设有限公司,https://mp.weixin.qq.com/s/tgAf9Cr3sQdHxJJ4WXRv7A,https://mp.weixin.qq.com/s/cnLX424T0Vs5oto0UaIt2g,土木工程、智能建造、工程管理、安全工程、给排水科学与工程、建筑电气与智能化、工程造价、道路桥梁与渡河工程、测绘工程、建筑环境与能源应用工程等土建、工程类相关专业；商务岗位优先招收工程造价、工程管理专业,/,,,,
2026/06/12,物产中大城投,央国企,政府/机构/组织,资管业务 链采业务 产业投资 财务管理 运营管理 风控法务 人力资源 综合管理；,宁波,2026-06-20,2027届,"本科, 硕士, 博士",暑期实习,物产中大城投,https://mp.weixin.qq.com/s/pXdNzW6pRxx8liFKvduTFQ,https://mp.weixin.qq.com/s/pXdNzW6pRxx8liFKvduTFQ,/,/,,,,
2026/06/12,量潮科技,民企,财务/审计/税务,技术实习生;课程助教（大数据方向）;新媒体运营实习生;商务/BD实习生;HR实习生;销售实习生;PM实习生;法务实习生,全国多地,尽快投递,2027届,"本科, 硕士, 博士","实习, 暑期实习",量潮科技,https://mp.weixin.qq.com/s/2Wq3VRvHyTZKUWleKn5CCw,https://mp.weixin.qq.com/s/2Wq3VRvHyTZKUWleKn5CCw,技术实习生要求计算机/软件相关专业；课程助教要求计算机/数据科学相关专业；HR实习生要求人力资源相关专业优先；PM实习生要求计算机、交互设计相关专业优先；法务实习生要求法学相关专业优先；其余岗位专业不限,/,,,,
2026/06/12,日照银行,央国企,金融业,营业网点实习生,"临沂, 威海, 日照, 枣庄, 济南, 济宁, 潍坊, 烟台, 聊城, 青岛",2026-06-22,2027届,"本科, 硕士, 博士","实习, 暑期实习",智联招聘青岛分公司,https://mp.weixin.qq.com/s/0-Vo8F6ZQa6evioBSU4dYQ,https://rizhaobank2026.zhaopin.com/jobs/index.html,"经济学门类,法学门类,工商管理类,计算机类,数学类,统计学类,化工与制药类",/,,,,
2026/06/12,精进电动,民企,汽车制造/维修/零配件,电磁设计工程师;电机结构设计工程师;控制器机械工程师;控制器硬件工程师;研发质量工程师;振动噪音工程师;产品验证工程师;电机与动力系统测试工程师;设备管理工程师;基础软件开发工程师;传动设计工程师;冲压工艺工程师;机加工艺工程师;定子设备工程师;定子装配工程师;工艺装配工程师;机械设备工程师;电气工程师;电力电子工艺工程师;SMT测试工程师;SMT工艺工程师;测试工艺支持工程师;项目助理;MES工程师;质量工程师;物流专员,"北京, 石家庄, 菏泽",尽快投递,2027届,"本科, 硕士, 博士",秋招提前批,精进电动,https://mp.weixin.qq.com/s/xt7SI8D-yqUgrHK0eWPIBw,https://wecruit.hotjob.cn/SU66d7f4aa6202cc2d4991438b/pb/school.html,"机械工程,电气工程,控制工程类,专业对口",/,,,,
2026/06/12,中联基金,民企,金融业,不动产金融岗 资产管理岗 ,"上海, 北京, 深圳, 苏州",2026-06-30,2027届,"硕士, 博士",暑期实习,中联基金,https://mp.weixin.qq.com/s/n_Sq6qToWTnD_1GT_ut1EA,https://mp.weixin.qq.com/s/n_Sq6qToWTnD_1GT_ut1EA,"地产,法律,金融,财会,建筑,工程,房地产相关专业",/,,,,
2026/06/12,广东省建院,央国企,房地产业/建筑业,建筑 结构 电气工程/自动化等 暖通空调 给排水 道路工程 环境工程 城乡规划、人文地理规划 其它专业岗位；,"广州, 深圳",尽快投递,2027届,"本科, 硕士, 博士",暑期实习,广东省建筑设计研究院集团,https://mp.weixin.qq.com/s/s9Tp8tRK2jUrxFwVk7ROoQ,https://gdadri.zhiye.com/intern,"建筑,结构,电气工程,自动化,给排水,暖通空调,城乡规划,人文地理与城乡规划,市政工程,环境工程,桥梁工程,道路工程,交通工程,岩土工程,地质工程,工程测量,工程造价,工程管理,园林景观,室内设计,视觉传达,环境艺术设计,技术经济,产业经济,计算机科学与技术,物联网工程,人工智能",/,,,,
2026/06/12,上海济达交通,民企,交通/物流/仓储,交通方向 自动化开发方向 海外销售 C++开发方向；,上海,尽快投递,2027届,"本科, 硕士, 博士","实习, 暑期实习",上海济达交通科技有限公司,https://mp.weixin.qq.com/s/L3_fXObrW9cIHKdam45-Cw,https://mp.weixin.qq.com/s/L3_fXObrW9cIHKdam45-Cw,/,/,,,,
2026/06/12,台达,民企,能源/化工/环保,台达电力电子研发暑期体验营：硬件设计工程师、控制算法工程师、嵌入式软件工程师；,"上海, 杭州, 武汉, 重庆",尽快投递,"2026, 2027届","硕士, 博士","暑期实习, 秋招提前批",台达集团招聘,https://mp.weixin.qq.com/s/1tLpOzqS9UJmZzRPmUbRTg,https://v.wjx.cn/vm/tKW356q.aspx,电力电子、电气工程、微电子、控制工程、测控技术、工程物理、能源与动力工程、机械、自动化、材料、机器人工程等相关专业,/,,,,
2026/06/12,甘李药业,民企,医疗/医药/生物,有机合成方向研发岗;细胞生物学方向研发岗;药物警戒方向岗;多肽新药开发方向研发岗;小核酸化学与递送方向研发岗,北京,尽快投递,2026届,"硕士, 博士",秋招专场,甘李药业招聘,https://mp.weixin.qq.com/s/WOVefc3Btjs_RL-6os_h9Q,https://glxiaozhao.zhiye.com/campus/jobs,"化学,有机化学,医药学,生物学,临床医学,制药工程,药剂学等相关专业,不同方向要求不同",/,,,,
2026/06/12,豪迈集团,民企,机械/制造业,深蓝计划：人才建设方向、金属材料类、机械类、电气类、油汽类、过控类、工业管理类；,潍坊,尽快投递,2027届,"本科, 硕士, 博士","暑期实习, 秋招提前批",豪迈校园招聘,https://mp.weixin.qq.com/s/cPyOgowRWDs-yPbLL4HJjg,https://himile.zhiye.com/7/jobs?queryId=2ad28445-8e2a-4394-8ae7-d95b62dd2003,技术方向：机械类、材料类、电气类、油气类相关专业；管理方向：理工科相关专业；职能方向：人力资源管理、企业管理、工商管理相关专业,/,,,,
2026/06/11,中国航空无线电电子研究所,事业单位,教育/培训/科研,电子通信类 自动控制类 计算机软件类 人工智能类 航空航天类 仪器仪表类 机械电子类 管理类专业；,"上海, 成都",尽快投递,2027届,"本科, 硕士, 博士",秋招提前批,航空工业上电所,https://mp.weixin.qq.com/s/XxwmAe5eJnlhYqP-O-YzWg,https://intelligents.zhiye.com/campus/jobs,电子通信类;自动控制类;计算机软件类;人工智能类;航空航天类;仪器仪表类;机械电子类;管理类,/,,,,
2026/06/11,财通证券,央国企,金融业,党务纪检岗;战略研究岗;战略发展岗;稽核岗;计划财务岗;投行业务岗;营运管理岗;零售管理岗;财富业务岗;产品经理岗;算法研究岗;量化交易岗;机构业务岗;研究岗;研究员岗;交易岗;投资经理岗;行业研究岗;客户经理岗;经纪人岗,"上海, 北京, 广州, 杭州, 深圳, 衢州",尽快投递,2027届,"本科, 硕士, 博士",秋招提前批,财通证券,https://mp.weixin.qq.com/s/2HSIy_5RJe-jzAHlXhJMIQ,https://www.hotjob.cn/wt/CT/web/index/campus,/,/,,,,
2026/06/11,豪雅集团,民企,贸易/批发/零售,暑期实习生,"南宁, 宁波",2026-06-30,2027届,"本科, 硕士, 博士",暑期实习,豪雅招聘,https://mp.weixin.qq.com/s/Q-sUKOHcuZ2tjdWYzU-K4w,https://mp.weixin.qq.com/s/Q-sUKOHcuZ2tjdWYzU-K4w,专业不限,/,,,,
2026/06/11,蔚来,民企,汽车制造/维修/零配件,蔚来顾问实习生;乐道顾问实习生;空间运营实习生;交付运营实习生;市场活动实习生;新媒体直播实习生,全国多地,尽快投递,2027届,"大专, 本科, 硕士, 博士","实习, 暑期实习",蔚来招聘,https://mp.weixin.qq.com/s/JwSZANUk2PB-pCqiQ5uDuw,https://nio.jobs.feishu.cn/campus/?keywords=&category=&location=&project=7632152192065046810&type=&job_hot_flag=&current=1&limit=10&functionCategory=&tag=&spread=ENQGH1J,/,/,,,,
2026/06/11,小红书,民企,IT/互联网/游戏,Product Engineer 产品工程师,"上海, 北京, 杭州, 武汉",尽快投递,2027届,"本科, 硕士, 博士","实习, 暑期实习",小红书招聘,https://mp.weixin.qq.com/s/SVqLBFbLkWWmZgiFQE9-Xg,https://job.xiaohongshu.com/campus/position?campusRecruitTypes=term_intern&themeCode=2EJNVXA2A0SXXEQ3VN,/,有笔试,,,,
2026/06/11,大众汽车金融服务（中国）,外企,金融业,市场营销 销售支持 政府事务 法务合规 信息技术 企业融资 人力资源 内部审计；,北京,尽快投递,2027届,"本科, 硕士, 博士","实习, 暑期实习",VWFS+,https://mp.weixin.qq.com/s/gdEPEYKiASkK48kp_kFbAQ,https://www.duomian.com/project/13806486/,/,/,,,,
2026/06/11,平方和投资,民企,金融业,机器学习研究员;量化策略研究员;市场运营经理,北京,尽快投递,2027届,"本科, 硕士, 博士",暑期实习,平方和投资招聘,https://mp.weixin.qq.com/s/EF3veaNrOuSmG0u3i5fALw,https://app.mokahr.com/campus-recruitment/alpha2fund/151124?locale=zh-CN#/jobs?page=1&anchorName=jobsList&commitment[0]=%E5%85%A8%E8%81%8C,/,/,,,,
2026/06/11,安踏零售,民企,生活服务业,零售实习生,"南宁, 哈尔滨, 太原, 广州, 成都, 昆明, 杭州, 武汉, 沈阳, 济南, 石家庄, 贵阳, 郑州, 重庆, 长春, 全国多地",2026-07-15,2027届,"本科, 硕士, 博士",暑期实习,ANTA微招聘,https://mp.weixin.qq.com/s/55c33O8078AeErd-EVwhvA,https://app.mokahr.com/apply/antahr/140444#/job/a11e87cd-8c7a-4bdc-a462-6b86f162c021,专业不限,/,,,,
2026/06/11,黑龙江省烟草专卖局（公司）,央国企,快速消费品,本次共招聘104人，具体的招聘单位、招聘岗位、招聘名额、招聘条件，详见附件《黑龙江省烟草专卖局（公司）2026年招聘计划与岗位需求表》。,"哈尔滨, 齐齐哈尔, 全国多地",2026-06-18,"2025, 2026届","本科, 硕士, 博士",春招补招,黑龙江省烟草专卖局（公司）,http://www.tobacco.gov.cn/gjyc/zpxx/202606/523ed5b25b334afaa71f16319a3213e0.shtml,http://hljycgs2026.zhaopin.com/,/,有笔试,,,,
2026/06/11,中科芯,央国企,通信/电子/半导体,软件开发（GPU等方向）;数字IC设计/验证（GPU、通信等方向）;模拟IC设计（电源、信号处理等方向）;存储器设计（RAM、Flash等方向）;先进封装;先进工艺,无锡,尽快投递,2027届,"硕士, 博士",暑期实习,中科芯招聘,https://mp.weixin.qq.com/s/IUUuEaNpa0chZJg7S8ZecA,https://cksic.zhiye.com/campus/detail?jobAdId=9a745f36-59a8-4b0b-b885-1875e99af88a,"微电子与固体电子学,电子科学与技术,集成电路工程,电子信息,信息与通信工程,人工智能,计算机科学与技术,软件工程",/,,,,
2026/06/11,水晶光电,民企,通信/电子/半导体,技术研发类 工艺技术类 生产制造类 质量管理类 设备自动化类 职能管理类；,台州,尽快投递,2027届,"本科, 硕士, 博士",暑期实习,水晶光电招聘,https://mp.weixin.qq.com/s/qEYcl0hBaxJuKUuvs2DrLA,https://crystal-optech1.zhiye.com/intern/jobs,/,/,,,,
2026/06/11,鄞州银行,其他,金融业,微贷客户经理 支行营销人员 厅堂经理 管理培训生；,宁波,尽快投递,2026届,"本科, 硕士, 博士",春招补招,鄞州银行,https://mp.weixin.qq.com/s/lHcsGcrIccxhBMi55ikY8A,https://career.beeb.com.cn/recruit/pc/yz/campus/home,/,/,,,,
2026/06/11,铁一院,央国企,房地产业/建筑业,2027年应届毕业生岗位;博士后研究人员,"乌鲁木齐, 兰州, 西安",尽快投递,2027届,"硕士, 博士",秋招提前批,铸梦一院,https://mp.weixin.qq.com/s/6yofLhR9gSI-tngrbG9GRA,https://hr.fsdi.com.cn:8081/RedseaPlatform/zhaopin/zpChannelQrCode/f659ddc0-b912-410d-80ee-d4533da554bd/officeWebsite.mob,/,有笔试,,,,
2026/06/11,度小满,民企,IT/互联网/游戏,小满摘星计划-度小满AI顶尖人才,北京,尽快投递,2027届,"本科, 硕士, 博士","实习, 暑期实习",度小满招聘,https://mp.weixin.qq.com/s/w2s2zwNMG_d5DbWn2OGe2w,https://duxiaoman.jobs.feishu.cn/051736/position/7649303782597691694/detail,不限,/,,,,
2026/06/11,壹思唯国际教育,民企,教育/培训/科研,托福/雅思讲师;原版阅读讲师;国际理科讲师;销售顾问;社群运营;新媒体运营;教学管培生;市场营销管培生;教辅管培生;督学/班主任;招聘专员;行政专员;财务专员;职能管培生,"北京, 深圳",尽快投递,2027届,"本科, 硕士, 博士",秋招提前批,壹思唯国际教育招聘,https://mp.weixin.qq.com/s/g9lozMZ7JEeL-Q0b5ve7ag,https://mp.weixin.qq.com/s/g9lozMZ7JEeL-Q0b5ve7ag,"教学类岗位要求英语相关专业优先,职能类部分岗位要求对应专业优先,其余岗位专业不限",/,,,,
2026/06/11,崇明区各用人单位-崇明党建,事业单位,政府/机构/组织,"各部门实习岗,办公室工作人员,价格管理工作人员,产业发展,综合保障,党群组工干部助理,人事科实习岗,基教科实习岗,科技创新岗,社会事务实习岗,养老服务实习岗,普法与依法治理科实习生,依法治区秘书科实习...",上海,2026-06-19,2027届,"本科, 硕士, 博士",暑期实习,崇明党建,https://mp.weixin.qq.com/s/1MZeQny9p9Ktx536fGlGdA,https://docs.qq.com/form/page/DWUhPbVd1WmZUbW1u,/,/,,,,
2026/06/11,中国科学院云南天文台,事业单位,教育/培训/科研,所学专业为天文学、物理学、空间科学与技术、数学、计算科学等相关理工科专业。,昆明,2026-06-25,2027届,"本科, 硕士, 博士",暑期实习,中国科学院云南天文台,https://mp.weixin.qq.com/s/Od0CLN_IdIHFcFBl2_sLzQ,https://mp.weixin.qq.com/s/Od0CLN_IdIHFcFBl2_sLzQ,天文学、物理学、空间科学与技术、数学、计算科学等相关理工科专业,/,,,,
2026/06/11,航空工业计量所,事业单位,机械/制造业,算法与软件开发岗;电路设计开发;涂层厚度计量检测技术研究助理;无损检测数据处理与软件开发助理;几何量计量;控制工程师;算法工程师;控制工程师;数字化检测软件开发;硬件调试岗;热工高端仪器研发;热学计量;产品测试;材料热物性研究;科研开发;力学声学计量;超声计量设备研制岗位;声学产品研发;超声计量岗位;声学产品软件研发;动压科研生产;产品研发;科研助理;新型惯性器件结构设计与试验验证;检测报告审查应用;电路设计开发;结构设计;光学设计与装调;嵌入式软件开发;FPGA开发;软件开发,北京,尽快投递,2027届,"硕士, 博士","实习, 暑期实习",航空工业计量所,https://mp.weixin.qq.com/s/mmbTGk1RWEXOiLAVaYIf-g,https://mp.weixin.qq.com/s/mmbTGk1RWEXOiLAVaYIf-g,"航空航天,机械,电控,计算机,材料,可靠性,大数据,经管类相关专业",/,,,,
2026/06/11,济南市文化和旅游局-所属事业单位,事业单位,政府/机构/组织,莱芜梆子演员 A，莱芜梆子演员 B，莱芜梆子弦乐演奏员，莱芜梆子打击乐演奏员，吕剧小生演员，曲艺演员（戏曲表演，表演（戏曲表演）专业，表演（戏曲）专业，戏曲表演专业，吕剧表演专业，京剧表演专业，音乐专...; ）,济南,2026-06-26,2026届,"本科, 硕士, 博士",春招专场,济南市文化和旅游局-所属事业单位,https://jnhrss.jinan.gov.cn/col/col18309/art/2026/art_e14aa960173f489684683bda9b6cacf4.html,http://jnwl.jinan.gov.cn/,/,/,,,,
2026/06/11,橄榄枝民商事调解中心,民企,未明确,暑期实习生,杭州,尽快投递,2027届,"本科, 硕士, 博士",暑期实习,杭州余杭区橄榄枝民商事调解中心,https://mp.weixin.qq.com/s/j8JbJBLAA-cxfvvQBLD-sQ,https://mp.weixin.qq.com/s/j8JbJBLAA-cxfvvQBLD-sQ,/,/,,,,
2026/06/11,中共延边州委组织部,事业单位,政府/机构/组织,人才助企岗、文字综合岗位、党务工作岗位、项目管理岗位、企业指导岗位、民族宗教事务管理岗位、社会福利工作岗位、土地管理岗位、城乡规划岗位、道路工程管理岗位、工程管理岗位、植保栽培岗位、粮油质量检验岗位、...,"吉林, 通化, 长春, 龙岩",2026-06-19,2026届,"本科, 硕士, 博士",春招专场,中共延边州委组织部,http://www.ybdj.gov.cn/gsgg/202606/t20260608_575673.html?sessionid=,http://www.ybdj.gov.cn,/,/,,,,
2026/06/11,泰康之家,民企,生活服务业,"服务岗位:管家,文娱活动师,运动指导师,社会工作,市场营销,餐饮管理,运行保障;医疗岗位:医生,护士,康复治疗师,医技,医务;一线中后台岗位:人力资源,财务会计,品牌宣传,行政,招采管理;生命关怀岗位:文旅销售,导游,酒店服务管理,疗愈产品策划,工程管理,物业管理;写字楼岗位:物业管理,客户服务,工程管理;总部业务岗位:医疗管理,社会工作,餐饮管理,市场营销,人力资源,供应链管理,经营管理,运行保障;总部科技岗位:应用研发,测试开发,AI产品运营,产品经理","上海, 佛山, 北京, 南京, 南宁, 南昌, 厦门, 呼和浩特, 哈尔滨, 大连, 天津, 宁波, 广州, 成都, 昆明, 杭州, 武汉, 沈阳, 泉州, 深圳, 石家庄, 福州, 苏州, 西安, 贵阳, 郑州, 重庆, 长春, 长沙, 全国多地",尽快投递,2027届,"本科, 硕士, 博士","实习, 暑期实习",泰康之家招聘,https://mp.weixin.qq.com/s/jtBRiwgvLa0toxNWyX9R4g?scene=1&click_id=492879783,https://jobtaikang.zhiye.com/jobs?activityGuid=9d0f2ced-807c-4323-9bc2-c5b4a8502987,/,/,,,,
2026/06/11,自然资源部-所属单位,事业单位,政府/机构/组织,"接受应届生岗位：产品交互设计岗（相关专业：视觉传达设计,数字媒体技术,数字媒体艺术）",北京,2026-06-24,"2024, 2025, 2026届","本科, 硕士, 博士",春招专场,自然资源部-所属单位,https://www.mohrss.gov.cn/SYrlzyhshbzb/fwyd/SYkaoshizhaopin/zyhgjjgsydwgkzp/gxbyszpzl/202606/t20260610_578081.html,https://www.mohrss.gov.cn/SYrlzyhshbzb/fwyd/SYkaoshizhaopin/zyhgjjgsydwgkzp/gxbyszpzl/202606/t20260610_578081.html,/,有笔试,,,,
2026/06/11,江苏省应急管理厅-直属事业单位,事业单位,政府/机构/组织,专业技术岗位（控制科学与工程、控制工程、电气工程、机器人工程、数学、应用数学、基础数学、计算数学、英语语言文学、学科教学（英语）、英语口译、英语笔译、艺术学、设计艺术学、设计学、艺术设计、广播电视、广...,"南京, 徐州, 扬州",2026-08-28,"2024, 2025, 2026届","本科, 硕士, 博士",春招专场,江苏省应急管理厅-直属事业单位,https://jshrss.jiangsu.gov.cn/art/2026/6/9/art_78506_11782923.html?sessionid=,https://rs.jshrss.jiangsu.gov.cn/index/f/RCRS_0056,/,有笔试,,,,
2026/06/11,中共郑州市委组织部-郑州市人社局,事业单位,政府/机构/组织,教育类（相关专业：汉语言文学，汉语言，汉语国际教育，应用语言学，秘书学，中国语言与文化，数学与应用数学，信息与计算数学，信息与计算科学，数理基础科学，数据计算及应用，统计学，应用统计学，数据科学，金融...,郑州,2026-06-17,2026届,"大专, 本科, 硕士, 博士",春招专场,中共郑州市委组织部-郑州市人社局,https://www.lysrsks.com/index/news/detail.html?id=2516,https://bmxt.zzrsks.com.cn/exam/1780627483/index.html,/,有笔试,,,,
2026/06/11,北京经开区-教育事业单位,事业单位,政府/机构/组织,初中语文教师，初中数学教师，小学语文教师，小学数学教师，小学科学教师，小学艺术教师，小学心理教师，小学英语教师，中学英语教师，高中语文教师，高中数学教师，高中英语教师，高中物理教师，高中化学教师，高中...,北京,2026-06-22,"2024, 2025, 2026, 2027届","本科, 硕士, 博士",春招专场,北京经开区-教育事业单位,https://rsj.beijing.gov.cn/xxgk/gkzp/202606/t20260608_4691245.html,https://zhaopin.etowntalent.com/portal,/,有笔试,,,,
2026/06/11,北京海关-所属事业单位,事业单位,政府/机构/组织,会计岗、政府采购岗（相关专业：会计学、财务管理、审计学、内部审计、经济学类、财政学类）,北京,2026-06-26,"2024, 2025, 2026届","本科, 硕士, 博士",春招专场,北京海关-所属事业单位,https://www.mohrss.gov.cn/SYrlzyhshbzb/fwyd/SYkaoshizhaopin/zyhgjjgsydwgkzp/gxbyszpzl/202606/t20260608_577863.html,https://lusiax.com/invitation/34,/,有笔试,,,,
2026/06/11,内蒙古森工集团,央国企,农林牧渔,林学类，林业工程类，植物生产类，自然保护与环境生态类，环境科学与工程类，动物生产类，动物医学类，旅游管理类，食品科学与工程类，林下经济类，碳汇类，地质类，矿业类，生物质能源类，电子信息类，计算机类，经...,"兴安盟, 呼伦贝尔",尽快投递,不限届,"本科, 硕士, 博士",春招专场,内蒙古森工集团,https://www.nmgsg.com.cn/v2/article/articleDetail/7469948602354241536,https://www.nmgsg.com.cn/v2/article/articleDetail/7469948602354241536,"（一）生态保护建设类：林学类、林业工程类、植物生产类、自然保护与环境生态类、环境科学与工程类、动物生产类、动物医学类专业；

（二）产业发展类：旅游管理类、食品科学与工程类、林下经济类、碳汇类、地质类、矿业类、生物质能源类专业；

（三）信息管理类：电子信息类、计算机类专业；

（四）经营管理类：经济学类、法学类、政治学类、马克思主义理论类、中国语言文学类、新闻传播学类、统计学类、管理科学与工程类、工商管理类、公共管理类、电子商务类专业；

（五）财会审计类：财政学类、金融学类、会计学、财务管理、审计学专业；

（六）基本建设类：土木类、工程管理、工程造价专业；

（七）其他专业类：中药学类（中药学、中药资源与开发、中药制药、蒙药学、中医学）、药学类（药学、药物制剂、药物分析、药物化学）、地理科学类、测绘类、机械类、自动化类、安全科学与工程类、文体类、设计学类、能源与动力工程、能源与环境系统工程、电气工程及其自动化、测控技术与仪器、能源化学、能源化学工程专业。",/,,,,
2026/06/10,重庆三峡银行,央国企,金融业,总行金融科技类实习生 总行前台业务类实习生 总行综合支持类实习生；,重庆,2026-06-21,2027届,"硕士, 博士","实习, 暑期实习",重庆三峡银行微生活,https://mp.weixin.qq.com/s/ach7Ux1LT-toIKglw09HZg,https://zhaopin.ccqtgb.com:8443/recruit#/portal_job_list?job_class=_HA5_%2BnE%2F9DdOtOJo4IWxVpSVog%3D%3D&filter_dict=_HA5_T%2FYQvqWgO7hqcB0mvF1pnEpAhEn%2BiysgzcQZrFjoDrg%3D,"金融科技类实习生要求计算机、软件、数学类相关专业,其余岗位未明确",/,,,,
2026/06/10,湖南省交通规划勘察设计院,央国企,房地产业/建筑业,计算机类及相关 电子信息类 通信工程 自动化 桥梁工程 地下工程 岩土工程 电气工程 消防工程 电气工程及其自动化 电气工程与智能控制 道路与铁道工程 工程造价 测控技术与仪器,长沙,2026-06-25,2027届,"硕士, 博士",暑期实习,湖南交通设计院,https://mp.weixin.qq.com/s/brxmgy9jWgyOeXvLZi4Y_Q,https://hnkcsjy.zhaopin.com/job/index.html,计算机科学与技术、智能材料与纳米技术、大数据技术、软件工程、电子信息类、通信工程、自动化、桥梁工程、地下工程、岩土工程、电气工程、消防工程、电气工程及其自动化、电气工程与智能控制、道路与铁道工程、工程造价、测控技术与仪器,/,,,,
2026/06/10,网易智邮,民企,IT/互联网/游戏,AI产品实习生 邮件安全实习生 内容营销实习生 SEM投放实习生；,"北京, 杭州",2026-06-30,2027届,"本科, 硕士, 博士","实习, 暑期实习",网易招聘,https://mp.weixin.qq.com/s/8r_-MtEdz32CUYEw8E3UMA,https://campus.163.com/app/job/position?id=76,/,/,,,,
2026/06/10,东风商用车,央国企,汽车制造/维修/零配件,电子电气架构方向实习生;智能驾驶与数字座舱方向实习生;整车电气原理实习生;发动机扭矩控制与能量管理实习生;电池开发技术实习生;燃料电池开发技术实习生;新能源整车标定技术实习生;新能源整车热管理标定技术实习生;前瞻技术创新方向实习生;整车验证和试制方向实习生;整车电控开发实习生;电气系统开发实习生;电驱总成开发技术实习生;新能源测试技术实习生;新能源电控开发技术实习生,"十堰, 武汉, 襄阳, 随州",2026-06-22,2027届,"本科, 硕士, 博士","实习, 暑期实习",东风汽车招聘,https://mp.weixin.qq.com/s/eQcbrTfBY8ANA5ZxSQhpiQ,https://dfmc.hotjob.cn/SU61d501d92f9d24431f65f608/mc/position/campus?sharePostKey=13283f580f504f8f82bfcc348bb90ecf,"人工智能,车辆工程,软件工程,应用数学,机械电子工程,能源与动力工程,动力工程及工程热物理,自动化,计算机科学与技术,电子信息工程,电气工程,物联网工程,控制科学与工程",/,,,,
2026/06/10,南方日报出版社,央国企,文化/传媒/广告/体育,图书编辑实习生;新媒体编辑实习生;美术编辑实习生,广州,2026-06-21,2027届,"本科, 硕士, 博士","实习, 暑期实习",南方日报出版社,https://mp.weixin.qq.com/s/GFxlw70yMzP9tdDv-QP4FA,https://mp.weixin.qq.com/s/GFxlw70yMzP9tdDv-QP4FA,专业不限,/,,,,
2026/06/10,国泰海通证券-重庆分公司,央国企,金融业,财富业务实习生 机构业务实习生 企业业务实习生；,重庆,2026-06-15,2027届,"本科, 硕士, 博士",暑期实习,国泰海通证券重庆,https://mp.weixin.qq.com/s/wxD8WGqj1okdy2orPtfnoA,https://mp.weixin.qq.com/s/wxD8WGqj1okdy2orPtfnoA,金融、经济、财务、会计、管理、法律等相关专业,/,,,,
2026/06/10,民泰银行,民企,金融业,营销方向超级实习生;职能方向超级实习生,"上海, 成都, 杭州",2026-06-30,2027届,"本科, 硕士, 博士","实习, 暑期实习, 秋招提前批",民泰银行招聘,https://mp.weixin.qq.com/s/FTULF-q9Xd-ZTI4zwHWm8A,https://mintai.zhiye.com/campus/jobs,/,/,,,,
2026/06/10,海克斯康（深圳）,外企,机械/制造业,方案顾问;控制算法工程师;机械设计工程师;测试工程师(偏光学);光学工程师;图像算法工程师;软件开发工程师;软件测试工程师;电气工程师;技术支持工程师;调试工程师;品质控制工程师;计划专员;国际物流专员,"武汉, 深圳, 青岛",尽快投递,2027届,"本科, 硕士, 博士",秋招提前批,思瑞测量招聘,https://mp.weixin.qq.com/s/8MERCbOyND6CxqsQF4H6Ww,https://hexagonhms.hotjob.cn/?sessionid=,"测控,机械,自动化,电气,光学工程,光电信息,电子信息,计算机等,部分岗位不限专业",有笔试,,,,
2026/06/10,万得,民企,IT/互联网/游戏,全栈研发工程师（实习）;产品运营与用户增长（实习）;AI产品经理（实习）;数据挖掘工程师;搜索算法工程师（实习）;大数据工程师;HR;视频制作（实习）;视频制作;客户服务顾问;平面设计师;培训讲师;测试工程师（实习）;AI算法工程师（多模态）;AI算法工程师（推荐算法）;推荐算法工程师（实习）;多模态算法工程师（实习）;数据分析员（小语种）,"上海, 南京, 唐山, 扬州, 深圳, 苏州",尽快投递,2027届,"本科, 硕士, 博士","实习, 暑期实习, 秋招提前批",万得,https://www.wind.com.cn/portal/zh/JoinUs/recruit.html?positionType=9002,https://www.wind.com.cn/portal/zh/JoinUs/recruit.html?positionType=9002,"计算机,软件工程,信息技术,金融,经济,人工智能,数学,统计学,通信,人力资源,设计,艺术,广告,财经相关专业",/,,,,
2026/06/10,中国商飞,央国企,机械/制造业,机械、动力、力学、航空航天、电气工程、电子信息、自动化、计算机、材料等专业,"上海, 乌鲁木齐, 北京, 成都",尽快投递,2027届,"本科, 硕士, 博士","实习, 暑期实习",商飞招聘,https://mp.weixin.qq.com/s/kVVb86WoiEiDUkMHk-4idA,https://zhaopin.comac.cc/zp/ct/out/position,机械、动力、力学、航空航天、电气工程、电子信息、自动化、计算机、材料等专业,/,,,,
2026/06/10,汉德车桥,央国企,汽车制造/维修/零配件,岗位方向：结构设计、CAE分析岗、电控软件设计、电控硬件设计；需求专业：机械类、车辆类、控制工程类、自动化类、电气类;,西安,尽快投递,2027届,"硕士, 博士",暑期实习,汉德车桥招聘,https://mp.weixin.qq.com/s/6lnuu7j3RQ6IQRSsmL9y-Q,https://hdcq.zhiye.com/campus/detail/detail?jobAdId=b7c4f2b0-2bd8-45b0-a51d-bca383271c4d,电气类、自动化类、控制类、电子信息类、车辆类、机械类相关专业,有笔试,,,,
2026/06/10,昂际航电,民企,机械/制造业,航空工程实习生--软件开发及测试方向;航空工程实习生--硬件电路设计方向;航空工程实习生--安全性及适航方向,"上海, 成都",尽快投递,2027届,"本科, 硕士, 博士","实习, 暑期实习",昂际航电,https://mp.weixin.qq.com/s/0nLRCxdS66p66Ud8gIO0sw,https://app.mokahr.com/campus-recruitment/aviagesystems/144382#/jobs,软件工程、计算机技术、电子信息、通信工程、航空航天等相关专业,/,,,,
2026/06/10,中建材卓材科技,央国企,房地产业/建筑业,电商运营辅助 绿链运营辅助 财务核算辅助 财务资金辅助；,北京,尽快投递,2027届,"本科, 硕士, 博士",暑期实习,中建材卓材科技,https://mp.weixin.qq.com/s/zxMFuij09rNq9hjBlyDJ9A,https://www.iguopin.com/company/jobs?id=134132979705318044,/,/,,,,
2026/06/10,东营邮政,央国企,交通/物流/仓储,县区分公司代理金融网点理财经理,东营,尽快投递,"2024, 2025, 2026届","本科, 硕士, 博士",春招补招,东营邮政,https://mp.weixin.qq.com/s/S9c66bAHCo3SPXxaeAdsIg,https://dyyz.zhaopin.com/jobs/index.html,"商科类,信息技术类",有笔试,,,,
2026/06/10,联川生物,民企,医疗/医药/生物,科研销售工程师 初级产品经理(空间组学) 初级技术工程师,"北京, 哈尔滨, 太原, 杭州",尽快投递,2026届,"硕士, 博士",春招补招,联川生物,https://mp.weixin.qq.com/s/dinNY621Pj1hpq2Sj_w1Dw,https://mp.weixin.qq.com/s/dinNY621Pj1hpq2Sj_w1Dw,生物工程、动物医学、中药学、生物制药、遗传学等相关专业,/,,,,
2026/06/10,安永,外企,财务/审计/税务,审计 财务会计咨询服务 气候变化与可持续发展服务 法证及诚信合规服务 气候变化与可持续发展服务 法证及诚信合规服务 科技风险及数据智能服务 税务 交易与资本运营 投标专员,"上海, 北京, 南京, 厦门, 天津, 广州, 成都, 昆明, 杭州, 济南, 深圳, 苏州, 西安, 郑州, 长沙, 青岛",尽快投递,"2025, 2026届","本科, 硕士, 博士",春招补招,安永校招,https://mp.weixin.qq.com/s/T0fzXKvgzNVp_pU_-vF5AQ,https://wecruit.hotjob.cn/SU640192b0bef57c71d90d025a/pb/posDetail.html?postId=69a4e8ebbe908548be24b6bc&postType=campus,"不限专业,部分岗位优先特定专业",/,,,,
2026/06/09,铁四院,央国企,房地产业/建筑业,应届研究生岗位;博士后研究人员,武汉,尽快投递,2027届,"硕士, 博士",秋招提前批,喝彩四院,https://mp.weixin.qq.com/s/lsAOikuMkhpM7JQCfx3VKg,http://campus.51job.com/tsy2027/index.html,/,/,,,,
2026/06/09,中国铁设,央国企,交通/物流/仓储,各类工程勘察设计实习岗位,天津,2026-06-22,2027届,"硕士, 博士","实习, 暑期实习",中国铁设,https://mp.weixin.qq.com/s/fSiDv_mS02d7PgZr2frCbQ,https://www.crdc.com:8080/#/notice/Diccgb9FhbLARwyGfOjGvAg,/,/,,,,
2026/06/09,工大卫星,民企,机械/制造业,研发类岗位;电装工程师;试验工程师;物资仓储;质量检验;项目管理;市场商务;质量管理;物资采购,"北京, 哈尔滨",尽快投递,2027届,"本科, 硕士, 博士","暑期实习, 秋招提前批",工大卫星HITSAT,https://mp.weixin.qq.com/s/KWBu6Bo_l1bAHRpwEfc_Nw,https://m.zhaopin.com/xiaoyuan/company/detail?redirect=mxiaoyuan&comid=KA1302997454P90000001000&productId=-1&channelId=-1,"研发岗：与航天器设计相关的理工科；生产岗：机械工程,工程热物理,电气工程,智能制造,物流管理；管理岗：工科背景",/,,,,
2026/06/09,星火教育-深圳分公司,民企,教育/培训/科研,理科助教;英语助教,深圳,2026-06-30,2027届,"本科, 硕士, 博士","实习, 暑期实习",星火教育深圳招聘,https://mp.weixin.qq.com/s/kFFNFw9AnjQYIqMAXKXZ6g,https://entry.xiao100.com/m/recruitment/login?redirect=%2Fm%2Frecruitment%2Fresume-form%3Fbrid%3D317174331400528646,不限专业,/,,,,
2026/06/09,镇海农商银行,民企,金融业,总部、支行实习生,宁波,尽快投递,2027届,"本科, 硕士, 博士",暑期实习,镇海农商银行,https://mp.weixin.qq.com/s/Pl3sm-8Geo0FpI8vlILUZA,https://qr61.cn/oQcO89/qOpUKfX,经济、金融、财务、会计、统计等相关专业优先,/,,,,
2026/06/09,中国人寿,央国企,金融业,总部、集团下属各机构岗位，具体见投递方式链接,全国多地,2026-06-25,2027届,"本科, 硕士, 博士",暑期实习,中国人寿招聘,https://mp.weixin.qq.com/s/TWPTb6e5IoGvhlzvxfGHHg,https://chinalife.zhiye.com/custom/intern?hideMenu=1,/,有笔试,,,,
2026/06/09,山东高速集团,央国企,交通/物流/仓储,管培生（相关专业：计算机类、电子信息、数学、统计学、大数据、人工智能、集成电路工程、其他前沿交叉学科等专业）,济南,尽快投递,2026届,"本科, 硕士, 博士",春招补招,山东高速集团,https://www.sdhsg.com/article/category/rlzyZcyz?sessionid=,http://zhaopin.sdhsg.com/#/centralizedRecruitment?orgId=1,/,/,,,,
2026/06/09,中国期货市场监控中心,央国企,金融业,衍生品交易分析岗 分析研究岗 系统管理岗；,北京,尽快投递,2027届,"硕士, 博士","实习, 暑期实习",中国期货市场监控中心,https://mp.weixin.qq.com/s/UXFgPC2KlCGIrcUY-7heDQ?scene=1,https://mp.weixin.qq.com/s/UXFgPC2KlCGIrcUY-7heDQ?scene=1,衍生品交易分析岗：数学、统计、物理、金融工程等相关专业；分析研究岗：理学、经济学及期货大宗商品相关产业等相关专业；系统管理岗：计算机科学与技术、软件工程、信息工程、通信工程、网络工程、信息安全、电子与信息等相关专业,/,,,,
2026/06/09,温州银行,其他,金融业,总行实习生/分行实习生岗位；,"上海, 丽水, 台州, 嘉兴, 宁波, 杭州, 温州, 绍兴, 舟山, 衢州, 金华",2026-07-31,2027届,"本科, 硕士, 博士",暑期实习,温州银行人才招聘,https://mp.weixin.qq.com/s/y55QmjMrMGIUvgm3opjWaA,https://hr.wzbank.cn/department/detailInfomore.action?pageNumber=1&zpqd=504,/,/,,,,
2026/06/09,Marvell中国,外企,通信/电子/半导体,应用工程师实习生(硬件) 应用工程师实习生(软件) 技术销售实习生；,"上海, 北京, 武汉, 深圳, 苏州",尽快投递,2027届,"硕士, 博士","实习, 暑期实习",Marvell,https://mp.weixin.qq.com/s/dPJ3Bww_85SNQlmxWggSOQ?scene=1&click_id=134241636,https://marvell.wd1.myworkdayjobs.com/MarvellCareers?Country=6cb77610a8a543aea2d6bc10457e35d4&workerSubType=65dea26481d001e09dfbab4927173419,"电子相关专业,软件,光电及其他电类相关专业",/,,,,
2026/06/09,神州信息,民企,IT/互联网/游戏,AI算法工程师 大模型应用开发工程师；,"北京, 西安",尽快投递,2027届,"本科, 硕士, 博士","实习, 暑期实习",神州信息招聘,https://mp.weixin.qq.com/s/yct_QcfVqDz7em4wLEWuOQ,https://dcits.zhiye.com/intern/jobs,/,有笔试,,,,
2026/06/09,余杭农商银行,其他,金融业,暑期实习生,杭州,2026-06-20,2027届,"本科, 硕士, 博士","实习, 暑期实习",余杭农商银行,https://mp.weixin.qq.com/s/GKdR3o03Z_hdWWW346bQlg,https://v.wjx.cn/vm/wQ4gfJo.aspx,/,/,,,,
2026/06/09,联通数科,央国企,IT/互联网/游戏,技术研发 产品管理 解决方案 项目实施 运营服务；,"北京, 南京, 成都, 济南, 西安",尽快投递,2027届,"本科, 硕士, 博士","实习, 暑期实习",联通数科人力,https://mp.weixin.qq.com/s/rQ0uyjsBf9cqB-Bn747rAA,"https://cudt.zhiye.com/intern/jobs?6=[{""id"":""1"",""label"":""%E8%BD%AC%E6%AD%A3%E5%AE%9E%E4%B9%A0""}]","计算机类,电子信息类,自动化类,能源动力类,数学类,统计类",/,,,,
2026/06/09,重庆投资咨询集团,央国企,咨询,"会计核算岗, 报表管理岗，综合咨询岗，创新投融资研究和项目策划岗",重庆,2026-06-18,2026届,"硕士, 博士","春招专场, 社招",重庆投资咨询集团,https://www.cqrc.net/gzw/index/postitem-26392.html,https://www.cqrc.net/gzw/index/,/,有笔试,,,,
2026/06/09,同花顺,民企,IT/互联网/游戏,多模态算法工程师;大模型算法工程师;agent算法工程师;图像生成算法工程师;视频生成算法工程师;数据算法工程师;AI infra算法工程师;代码生成算法工程师;ASR算法工程师;具身智能算法工程师,杭州,尽快投递,2026届,"本科, 硕士, 博士",春招专场,同花顺,https://mp.weixin.qq.com/s/g7gElk_4HCey5xBGrArn_g,https://campus.10jqka.com.cn/job/list?type=school&sid=1,/,/,,,,
2026/06/09,重庆日报报业集团产业,央国企,文化/传媒/广告/体育,编辑，全媒体记者，全媒体记者，动画设计师，设计跟单专员,重庆,2026-06-12,2026届,"本科, 硕士, 博士","春招专场, 社招",重庆日报报业集团产业,https://www.cqrc.net/gzw/index/postitem-26393.html,https://www.cqrc.net/gzw/index/,/,有笔试,,,,
2026/06/09,江西省气象部门,事业单位,政府/机构/组织,科研; 预报业务与研发; 探测; 气象服务; 预报业务; 综合业务; （相关专业：大气科学，气象学，应用气象学，气象类，生态学，地球动力学，人工智能与地球探测，人工智能，大气物理学与大气环境，大气遥感与大气探测，气象探测技术，媒体传播类，气候学，气象相关类，地理科学，地...; ）,"南昌, 宜春, 萍乡, 赣州",尽快投递,"2024, 2025, 2026届","本科, 硕士, 博士",春招专场,江西省气象,http://jx.cma.gov.cn/zwxx/tzgg/202606/t20260607_7840781.html,http://zp.cmatec.cn/GZBM/home.do,/,有笔试,,,,
2026/06/09,嘉兴机场,央国企,交通/物流/仓储,配载监装员、装备技师（相关专业：机械电子工程、计算机、应急管理、行政管理等）,嘉兴,2026-06-12,2026届,"本科, 硕士, 博士",春招专场,嘉兴机场,https://zhaokao.caidaocloud.com/rp-web/?sessionid=#/recruit-info?recruitId=37994&orgId=11673,https://zhaokao.caidaocloud.com/rp-web/?sessionid=#/job-list?recruitId=37994&orgId=11673&parentId=11673,配载监装员未明确；装备技师：机械电子工程、计算机、应急管理、行政管理等相关专业,/,,,,
2026/06/09,中国人寿-广发银行,央国企,金融业,分行授信管理方向暑期实习生（福州）;支行零售金融方向暑期实习生（福清）;分行综合行政方向暑期实习生（福州）;分行法律与风险管理方向暑期实习生（长沙）;分行零售金融方向暑期实习生（福州）;分行金融科技方向暑期实习生（茂名）;支行零售金融方向暑期实习生（茂名）;分行财务管理方向暑期实习生（福州）;支行公司金融方向暑期实习生（茂名）;分行金融科技方向暑期实习生（长沙）,"福州, 茂名, 长沙, 全国多地",尽快投递,2027届,"本科, 硕士, 博士",暑期实习,中国人寿-广发银行,https://chinalife.zhiye.com/custom/intern?hideMenu=1,https://chinalife.zhiye.com/custom/intern?hideMenu=1,/,/,,,,
2026/06/09,瑞众保险-总公司,央国企,金融业,销售管理;信息科技;保险精算;纪检监察,北京,尽快投递,2027届,"本科, 硕士, 博士",暑期实习,瑞众人寿保险,https://mp.weixin.qq.com/s/ZDvC7nDukrpUt5gDpcQomw,https://ruiinsurance.zhiye.com/intern/jobs,/,/,,,,
2026/06/09,四川九洲软件,央国企,IT/互联网/游戏,科技管理 测试工程师 开发工程师（通信、电子信息工程、微电子、电子信息技术、网络工程等相关专业；计算机技术、信息与计算科学、大数据管理应用、软件工程、控制科学与工程、机器人工程、电子信息工程、数学与应...,绵阳,尽快投递,2026届,"本科, 硕士, 博士",春招专场,四川九洲软件,https://gzw.my.gov.cn/mysgzw/c101662/202606/9530a730d14f420fabd012119c2a7a18.shtml,https://gzw.my.gov.cn/mysgzw/c101662/202606/9530a730d14f420fabd012119c2a7a18.shtml,"科技管理（校招）专业不限,测试工程师要求通信、电子信息工程、微电子、电子信息技术等相关专业,开发工程师要求计算机技术相关专业或通信、电子信息工程、微电子、电子信息技术、网络工程等相关专业",有笔试,,,,
2026/06/09,沈阳副食集团,央国企,贸易/批发/零售,财务会计岗，财务会计岗，冷库工作岗，维修工作岗，市场工作岗，安全保卫岗，经营发展岗，财务会计岗，财务会计岗，销售岗，员工岗，销售专员，制冷工作岗，制冷工作岗，销售专员，招投标岗,沈阳,2026-06-21,2026届,"本科, 硕士, 博士",春招专场,辽宁省文体旅集团人才发展公司,https://mp.weixin.qq.com/s/XWeLfohC4CHhiPgG3PX1TA,https://syfsjt.zhiye.com/social/jobs,/,有笔试,,,,
2026/06/09,山东高速科创投资集团,央国企,财务/审计/税务,财务管理岗（相关专业：财务、审计、税务）,济南,2026-06-15,2026届,"本科, 硕士, 博士",春招补招,山东高速科创投资集团,http://gzw.shandong.gov.cn/articles/ch00223/202606/839a7908-ba58-47f3-8cf9-55b9279e3b36.html,http://zhaopin.sdhsg.com/#/centralizedRecruitment?orgId=1,/,有笔试,,,,
2026/06/09,中铁二院,央国企,房地产业/建筑业,交运类;勘察类;规划类;线路隧道类;地质类;土建类;桥梁类;信息类;电气类;建筑类;市政类,"南宁, 广州, 成都, 昆明, 杭州, 济南, 西安, 贵阳, 重庆",尽快投递,2027届,"硕士, 博士","实习, 暑期实习, 秋招提前批",中铁二院,https://mp.weixin.qq.com/s/dnmyS1l2IMaTqunbsISI2w,https://xz.creegc.com/Home/service.html,/,/,,,,
2026/06/09,陕西秦洲核安,央国企,能源/化工/环保,检测工程师 研发工程师 技术支持/运维工程师 销售代表（核物理、核工程与核技术、辐射防护与核安全、核化工与核燃料、环境工程等；电子信息工程、电子科学与技术、通信工程、信息工程、电子信息科学与技术、自动...,西安,尽快投递,2026届,"大专, 本科, 硕士, 博士",春招补招,陕西秦洲核安,https://www.snhrm.com/zdxyzp/8250504.jhtml,https://www.snhrm.com/zdxyzp/8250504.jhtml,/,有笔试,,,,
2026/06/09,海口市教育局-直属学校,央国企,教育/培训/科研,高中英语，高中化学，高中物理，高中美术，初中历史，初中生物，初中英语，初中体育，小学语文，小学数学，小学科学，中小学体育，中小学英语，初中数学，初中心理，初中语文，初中政治，初中地理，初中信息技术，高...,海口,2026-06-15,2026届,"本科, 硕士, 博士","春招专场, 社招",海口市教育局-直属学校,https://jyj.haikou.gov.cn/hksjyj/jszpxx/202606/59c19f3c422149da9331be233ec57a52.shtml,https://zybm.baoming001.com/wsbm/#/guidePage?vhost=hkjyzp2026,/,有笔试,,,,
2026/06/09,重庆市地产集团,央国企,房地产业/建筑业,工作站博士，市场拓展专员，测试工程师，法务合规岗，项目开发岗，宣传文化岗（相关专业：环境资源经济、经济、机械测试、测控技术、机械工程、法学、经济学、工程管理、工商管理、财务管理、新闻、文化、广告）,重庆,尽快投递,2026届,"本科, 硕士, 博士","春招专场, 社招",重庆市地产集团,https://www.cqrc.net/gzw/index/postitem-26394.html,https://www.cqrc.net/gzw/index/,/,/,,,,
2026/06/09,中审众环,民企,财务/审计/税务,审计实习生：会计、审计、财务管理等相关专业在校生；,"吉林, 藏族自治州",尽快投递,2027届,"本科, 硕士, 博士",暑期实习,中审众环招聘,https://mp.weixin.qq.com/s/BecP8okyR0Lotk52vF_Vzw,https://zszhcpa.zhiye.com/intern/jobs,会计、审计、财务管理等相关专业,/,,,,
2026/06/09,凯辉集团,民企,生活服务业,管培生项目：运营管理方向、市场营销方向、商品管理方向、职能管理方向(财务/人力/行政)；,"晋城, 贵阳, 重庆",尽快投递,"2024, 2025, 2026届","本科, 硕士, 博士",春招专场,凯辉招聘,https://mp.weixin.qq.com/s/hieOnFB8jn3RWYC8px7LGA,https://mp.weixin.qq.com/s/hieOnFB8jn3RWYC8px7LGA,专业不限,/,,,,
2026/06/09,济宁银行,央国企,金融业,总行管培生 总行金融科技岗 分支行综合柜员岗 分支行小微客户经理岗；,"临沂, 日照, 枣庄, 泰安, 济南, 济宁, 淄博, 菏泽",2026-06-17,"2024, 2025, 2026届","本科, 硕士, 博士",春招专场,济宁银行,https://mp.weixin.qq.com/s/lPIlIuNjW3S4guERnqpi3g,https://url.jiuyejie.cn/jn/jnbank.php,"经济金融类,财政管理类,数理统计类,法学类,理工类,信息技术类相关专业",有笔试,,,,
2026/06/09,山东省科创集团,央国企,财务/审计/税务,AI应用开发工程师(Agent方向);项目经理(附件注明往届; 可投),"济南, 济宁",尽快投递,"2024, 2025, 2026届","本科, 硕士, 博士",春招专场,山东省科创集团,https://mp.weixin.qq.com/s/naT4VlZ9ZQFxcGm5Zh8cgg,https://mp.weixin.qq.com/s/naT4VlZ9ZQFxcGm5Zh8cgg,/,/,,,,
2026/06/09,北京纵横机电,央国企,机械/制造业,计算机类;软件工程类;电气工程类;电力电子类;控制科学与工程类;人工智能类;机械工程类;材料类;自动化类;测试类,北京,尽快投递,2026届,"硕士, 博士",春招专场,机辆纵横,https://mp.weixin.qq.com/s/9sF__yb7ffAfwNocZE854w?scene=1&click_id=54,https://mp.weixin.qq.com/s/9sF__yb7ffAfwNocZE854w?scene=1&click_id=54,"计算机类,软件工程类,电气工程类,电力电子类,控制科学与工程类,人工智能类,机械工程类,材料类,自动化类,测试类",/,,,,
2026/06/09,江西省天然气集团有限公司-本部,央国企,能源/化工/环保,党务专员;经营管理与考核岗;挂岗管理,南昌,2026-06-15,"2024, 2025, 2026届","本科, 硕士, 博士","春招专场, 社招",江投集团,https://mp.weixin.qq.com/s/MbAwuGOrelrwmoNJsCSwQA,https://hr.jxic.com/RedseaPlatform/zhaopin/zpChannelQrCode/043b40d1-0eec-4831-ab69-53031c25a8ba/officeWebsite.mob,/,有笔试,,,,
2026/06/09,云南锐达民爆,央国企,机械/制造业,研发技术员、机电技术员、工艺技术员,"唐山, 昆明, 衡水",2026-06-14,"2024, 2025, 2026届","本科, 硕士, 博士",春招专场,云南国资,https://mp.weixin.qq.com/s/hy7iHg7B0cHlFhpbfl8rng?scene=1&click_id=18,http://120.26.88.18:9402/pc/#/homepage/index,/,有笔试,,,,
2026/06/09,结行科技,民企,IT/互联网/游戏,国际业务BD管培生,北京,尽快投递,2026届,"本科, 硕士, 博士",春招专场,结行科技招聘,https://mp.weixin.qq.com/s/pszz1p-yWkFhMsmyQe2hcw,https://wecruit.hotjob.cn/SU673d74ea6202cc054740f8ab/pb/school.html,金融、经济、国际贸易、商务英语等相关专业,/,,,,
2026/06/09,湖南兆金财汇,央国企,金融业,保理专员;投资专员;融资租赁专员;财务专员(附件注明25届可投),岳阳,2026-06-18,"2025, 2026届","本科, 硕士, 博士",春招补招,湖南兆金财汇投资有限责任公司,https://mp.weixin.qq.com/s/JFVNbx2pqtZJEGa426qNFg,https://jsj.top/f/u63OZC,/,/,,,,
2026/06/09,鲁统市场调查中心,央国企,政府/机构/组织,计算机技术;数据分析(附件注明择业期可投),济南,2026-06-22,"2024, 2025, 2026届","本科, 硕士, 博士",春招专场,鲁统市场调查中心,http://gzw.shandong.gov.cn/articles/ch00223/202606/a4b83d9d-1aa4-44f5-992d-b89a6673d1a5.html,http://gzw.shandong.gov.cn/articles/ch00223/202606/a4b83d9d-1aa4-44f5-992d-b89a6673d1a5.html,/,有笔试,,,,
2026/06/09,星辉游戏,民企,IT/互联网/游戏,动效设计师;UI设计师;视觉设计师;角色模型师;AE视频设计师;AI视频设计师;系统策划（MMO）;广告创意策划;海外广告优化师;国内广告投放专员;用户研究专员;外贸业务员（汕头）;游戏运营专员（国内/海外）;数值策划;系统策划;文案策划;测试工程师;JAVA服务端工程师;IOS开发工程师;PHP开发工程师;运维工程师;C++服务端工程师;U3D客户端工程师;GOLANG开发工程师;场景模型师;特效设计师;动画设计师;视频编导;场景原画设计师;交互设计师;美宣原画设计师;角色原画设计师;动作设计师;市场营销专员;市场分析专员;渠道社区运营助理;广告投放专员;数据分析专员;证券事务专员;游戏投放专员（韩语）;海外用户运营专员（韩语/西语）;海外营销专员（日语/韩语/泰语/越南语）,汕头,尽快投递,2026届,"本科, 硕士, 博士","春招专场, 社招",星辉游戏HR,https://mp.weixin.qq.com/s/za1PcdR1GDIz8igBRSk4Ng,https://mp.weixin.qq.com/s/za1PcdR1GDIz8igBRSk4Ng,/,/,,,,
2026/06/09,拜耳,外企,医疗/医药/生物,LEAP 管培生,"丹东, 南通, 昆明",尽快投递,"2025, 2026届","硕士, 博士","春招补招, 社招",拜耳招聘,https://mp.weixin.qq.com/s/_yXhYszo6iBPZhOAAg17Bg?scene=1&click_id=87,https://mp.weixin.qq.com/s/_yXhYszo6iBPZhOAAg17Bg?scene=1&click_id=87,生产/质量部：药学、制药工程、药物制剂、药物化学、药物分析等；工程部：机械、电气、自动化、工业类等；供应链部：供应链管理、物流管理、物流工程、采购、工业工程等,/,,,,
2026/06/09,房山区教委-所属事业单位,事业单位,教育/培训/科研,特教班主任;班主任教师;语文教师;数学教师;科学教师;英语教师;音乐教师,北京,2026-06-12,"2024, 2025, 2026届","本科, 硕士, 博士","春招补招, 社招",房山区教委-所属事业单位,https://rsj.beijing.gov.cn/xxgk/gkzp/202606/t20260603_4684056.html,https://portal.bjt.beijing.gov.cn/p/login/login.html?pubKey=MIGfMA0GCSqGSIb3DQEBAQUAA4GNADCBiQKBgQClznKAwpylYi4AHYlai2Bl2MYtgfgzUjBqwUnJoRJ/0jzMJFGpRf6ZLw07BFfg+sZk8qv+PoIRnRFVI3+mq1zV70ZI1PfhD/QY2bK7+C/cSXlsXvqxCl2tZ42fc6Ap5Zg/qnEwSVJeZ1trN3Hxhq/zrOHk/y2Zp1sdDziHc6xYdQIDAQAB,/,有笔试,,,,
2026/06/09,中山富华酒店管理,央国企,生活服务业,行政人事部-人力资源专员;行政人事部-后勤专员;采购部-采购专员,中山,尽快投递,"2026, 不限届","本科, 硕士, 博士","春招专场, 社招",中山国资,https://mp.weixin.qq.com/s/hlYSGO3FaqIV6vByWOe_NA,https://mp.weixin.qq.com/s/hlYSGO3FaqIV6vByWOe_NA,/,/,,,,
2026/06/09,科大讯飞-研究院,民企,耐用消费品,AI研究算法工程师;LLM评测与优化;NLP方向;AI本体安全方向;AI全攻防方向;语音大模型方向;语音交互方向;多模态大模型方向;计算机视觉方向;多模医学影像方向;大模型训练方向;大模型推理方向;代码Agent方向;语音评测方向;图文/OCR方向;AI方案架构方向;GO开发工程师;AI研发工程师;策略标准运营;风控策略运营;机审安全运营;人审策略运营;prompt工程师;数学学科教研员;数据挖掘工程师;AI算法测试工程师;项目经理;中级HRBP;研究算法实习岗,"上海, 合肥, 广州, 无锡, 西安",尽快投递,2026届,"本科, 硕士, 博士","实习, 暑期实习, 春招补招, 社招",科大讯飞招聘,https://mp.weixin.qq.com/s/YQ9PCBw-6GX6nm7RzNvUcw,https://mp.weixin.qq.com/s/YQ9PCBw-6GX6nm7RzNvUcw,/,/,,,,
2026/06/09,小鹏集团,民企,新能源,"HRBP实习生（硬件研发）,HRBP实习生（战规）,HRBP实习生（制造）,HRBP实习生（供应链）,HRBP实习生（机器人）,HRBP实习生（软研）,招聘实习生（制造）,招聘实习生（运营）,招聘实习......","上海, 广州, 深圳",尽快投递,2027届,"本科, 硕士, 博士","实习, 暑期实习",小鹏汽车招聘,https://mp.weixin.qq.com/s/td6DMB2Kqxt13zTIGhm00A,https://xiaopeng.jobs.feishu.cn/398875,/,有笔试,,,,
2026/06/09,黑龙江省新产业投资集团-财务共享(司库)中心,央国企,金融业,财务共享(司库)中心组员,哈尔滨,2026-06-18,"2026, 不限届","硕士, 博士","春招专场, 社招",龙江国资,https://mp.weixin.qq.com/s/bK6xKBBBzLMRh1V9byHXhA,https://mp.weixin.qq.com/s/bK6xKBBBzLMRh1V9byHXhA,会计、金融、财务管理、经济、计算机、信息管理等相关专业,有笔试,,,,
2026/06/09,中国科学院赣江创新研究院,央国企,教育/培训/科研,副研究员，助理研究员，特别研究助理，高级工程师，工程师，博士后，研究员，正高级工程师（相关专业：物理，材料，化学，化工，机械工程，自动化，光学，化学工程与技术，材料科学与工程，冶金工程技术，能源科学，...,赣州,2026-12-31,2026届,"本科, 硕士, 博士","春招补招, 社招",江西国资,http://mp.weixin.qq.com/s/ugjJaPVHFCJ594PN7XSNqA,http://mp.weixin.qq.com/s/ugjJaPVHFCJ594PN7XSNqA,/,/,,,,
2026/06/09,福州国资集团,央国企,政府/机构/组织,行政专员，投资管理一部投资专员，出纳（相关专业：政治学类，工商管理类，哲学类，历史学类，财政金融类，经济贸易类，理学，工学，会计与审计类）,福州,2026-06-16,"2025, 2026届","本科, 硕士, 博士",春招专场,福州国资集团,https://www.fzrsrc.cn/news/18_14252.html,https://www.fzrsrc.cn/news/18_14252.html,/,/,,,,
2026/06/09,宁波报业传媒集团,央国企,文化/传媒/广告/体育,网络安全、智库研究员、管培生、编辑（计算机科学、网络安全、信息安全、通信工程、数学、物理、化学、生物、古代文学、古代史、古典文献学、文科）,宁波,2026-06-14,2026届,"本科, 硕士, 博士","春招专场, 社招",宁波报业传媒集团,https://gzw.ningbo.gov.cn/col/col1229116730/art/2026/art_3c66155f5c264d4f9a2fb915b3320e72.html,https://gzw.ningbo.gov.cn/col/col1229116730/art/2026/art_3c66155f5c264d4f9a2fb915b3320e72.html,经济法律事务管理要求民商法学、经济法学、应用经济学、管理科学与工程、工商管理一级学科；财务会计要求会计学、财务管理等相关专业；网络安全要求计算机科学、网络安全、信息安全、通信工程等相关专业；智库研究员专业不限；管培生专业不限；编辑1要求数学、物理、化学、生物类相关专业；编辑2要求古代文学、古代史、古典文献学等相关专业；编辑3要求文科类相关专业；编辑4专业不限,有笔试,,,,
2026/06/09,惠州国投,央国企,政府/机构/组织,内控助理;内审专员;初级经理;初级经理;初级助理(会计师);初级助理(法务岗),惠州,2026-06-12,"2024, 2025, 2026届","本科, 硕士, 博士",春招专场,惠州国投,https://mp.weixin.qq.com/s/Nap02NVZ7LXj6KWuyS22oQ,https://mp.weixin.qq.com/s/Nap02NVZ7LXj6KWuyS22oQ,/,有笔试,,,,
2026/06/09,江苏省沿海开发集团,央国企,房地产业/建筑业,企业管理部-高端精深加工市场销售经理（专员）;综合管理部-综合岗（专员）;投资管理部-投资分析;能源海洋翻译语公司（筹）-岸际技术负责人;新洋港海洋运输公司（筹）-岸线技术岗;新洋港海洋运输公司（筹）-设备管理岗;企业管理部-高端精深加工市场销售经理（高级经理/主管）;项目管理部-项目管理高级经理/生产高级主管（生产管理方向）;项目管理部-项目管理高级经理/项目高级主管（工程管理方向）;技术合约部-技术合约跟踪经理/技术增量高级主管（高级主管）;综合管理部-合约造价岗;运营管理部-运营管理高级经理;资产运营-土地绩效经营（高级主管）;组织人事部-组织干部（高级主管）;投资发展部-投资技术（高级主管）;战略转型部-运营管理;生态文明与市场发展部-运营管理;咨询管理部-咨询设计与预制（主管）;投资管理（高级主管）;战略投资（高级投资经理）;风险投资（高级主管）;法务合规岗（高级主管）;生态科技发展有限公司-战略规划（高级主管）,"南京, 南通, 盐城",2026-06-21,2026届,"本科, 硕士, 博士","春招专场, 社招",江苏国资,https://mp.weixin.qq.com/s/dN17BYitqE2N67TGTVPzFA,https://jsyhkf.zhaopin.com/zk/#/notice_new?prantMenuid=cf9097df41e1dc1a54db318fa9e00f12,/,有笔试,,,,
2026/06/09,重庆市工程管理有限公司,央国企,房地产业/建筑业,项目管理工程师;咨询工程师;给排水设计师,重庆,2026-06-10,2026届,"本科, 硕士, 博士","春招专场, 社招",重庆市工程管理有限公司,https://gzw.cq.gov.cn/gqzp/202605/t20260529_15714283_wap.html,https://gzw.cq.gov.cn/gqzp/202605/t20260529_15714283_wap.html,/,有笔试,,,,
2026/06/09,渝欧-新物智,民企,IT/互联网/游戏,AI+全域运营(内容/电商/用户/ 门店运营方向)（专业不限，内容、电商、市场营销、新闻传播学、管理学、教育学、心理学、食品营养、医药健康、计算机、数据相关专业优先）,重庆,2026-07-15,"2024, 2025, 2026, 2027届","本科, 硕士, 博士","春招专场, 社招",渝欧数智,https://mp.weixin.qq.com/s/t9AJb-Ev0zsHsljj2p8i2g?scene=1,https://tcnrm7b535t2.jobs.feishu.cn/748205/position/7644923888778840339/detail?spread=NYFMABD,专业不限,/,,,,
2026/06/09,赣农集团,央国企,农林牧渔,景观规划岗、前台接待岗、苗圃管理员、技术服务岗、农服业务岗（风景园林学、风景园林、园艺学、旅游管理、酒店管理、酒店管理与数字化运营、植物生产类、林学类、农业、林业、作物学、农业资源与环境、植物保护、林...,"九江, 南昌",2026-06-15,"2024, 2025, 2026届","大专, 本科, 硕士, 博士","春招补招, 社招",赣农集团,https://www.jxrcfw.com/exam/theme/t_1510939403445743616,https://www.jxrcfw.com/exam/theme/t_1510939403445743616,景观规划岗：风景园林学、风景园林、园艺学；前台接待岗：旅游管理、酒店管理、酒店管理与数字化运营；苗圃管理员：植物生产类、林学类、风景园林；技术服务岗、农服业务岗：植物生产类、自然保护与环境生态类、草学类,有笔试,,,,
2026/06/09,山西贵通投资,央国企,金融业,业务拓展板块业务助理、运营支持板块财务核算岗（金融、经济、法学、会计、财务、税务、审计）,太原,2026-06-12,"2025, 2026届","本科, 硕士, 博士",春招专场,山西贵通投资,https://www.shanxi.gov.cn/zfxxgk/tzgg/202605/t20260528_10135766.shtml,https://jyzc2026.zhaopin.com/,/,有笔试,,,,
2026/06/08,傲雷集团,民企,通信/电子/半导体,结构工程师;电子工程师;软件工程师;视频剪辑;付费推广;渠道销售;文案策划;客服专员,深圳,尽快投递,2027届,"本科, 硕士, 博士","实习, 暑期实习",OLIGHT傲雷招聘,https://mp.weixin.qq.com/s/BRc_NCljvAGOxsYrvVSPQA,https://olight.zhiye.com/campus/jobs,/,/,,,,
2026/06/08,群核科技,民企,IT/互联网/游戏,公共战略培训生,杭州,2026-12-31,"2023, 2024, 2025, 2026, 2027届","本科, 硕士, 博士",秋招提前批,群核科技招聘,https://mp.weixin.qq.com/s/VZVd_E-a8Nx2ll1Tiasq3A,https://app.mokahr.com/apply/qunhemail/2833#/job/b4405f43-bbcf-477e-905a-23a3c63633b5,/,/,,,,
2026/06/08,大众汽车集团（中国）,合资,汽车制造/维修/零配件,IT Intern、Company Service Intern、Purchasing Intern、Regional Employee Service Intern (HR Intern)、Integrity & Compliance Intern、Automotive After-sales Intern；,"北京, 合肥",尽快投递,2027届,"本科, 硕士, 博士","实习, 暑期实习",大众汽车中国招聘,https://mp.weixin.qq.com/s/ESouC4WXxFGh-DXLXN1V4Q,https://mp.weixin.qq.com/s/ESouC4WXxFGh-DXLXN1V4Q,不限专业,/,,,,
2026/06/08,新意科技,民企,IT/互联网/游戏,Java开发工程师 Web前端开发工程师 数据开发工程师；,"上海, 北京, 厦门, 深圳, 福州",尽快投递,2027届,"本科, 硕士, 博士",秋招提前批,新意科技招聘,https://mp.weixin.qq.com/s/-QRqs07m4wEziNzdduNmNQ,https://www.shinetechnology.com/,/,有笔试,,,,
2026/06/08,星图测控,民企,IT/互联网/游戏,大模型算法工程师 AI Agent开发工程师 全栈开发工程师 大数据测试工程师 卫星工程师 管培生(销售方向、职能方向）,"合肥, 西安",尽快投递,"2026, 2027届","本科, 硕士, 博士",秋招提前批,星图测控,https://mp.weixin.qq.com/s/BIN95z6M_WQzbgy_esb05A,https://mp.weixin.qq.com/s/BIN95z6M_WQzbgy_esb05A,"技术类要求计算机、人工智能、电子信息等相关专业,综合类理工类专业优先",有笔试,,,,
2026/06/08,山东融汇集团,央国企,政府/机构/组织,港航船舶类 工科技术类 职能经管类；,济宁,2026-06-20,2027届,"本科, 硕士, 博士",暑期实习,山东融汇花园煤矿,https://mp.weixin.qq.com/s/rSUZkTvVBUOjgdeZYCgWrA,https://mp.weixin.qq.com/s/rSUZkTvVBUOjgdeZYCgWrA,港航船舶类:船舶与海洋工程、轮机工程、船舶电子电气工程;工科技术类:采矿、安全、地质、电气、机电、电子信息、控制工程、化工、能源动力、计算机、物流工程、机械工程;职能经管类:财务、国贸、金融、人力、法学、汉语言文学,/,,,,
2026/06/08,鹿城农商银行,其他,金融业,暑期实习生岗位,温州,2026-06-19,2027届,"本科, 硕士, 博士","实习, 暑期实习",鹿城农商银行,https://mp.weixin.qq.com/s/VmqdNxZhGS52q-j1u8ZlWA,https://www.wjx.top/vm/Q018vJ5.aspx,/,/,,,,
2026/06/08,宇通集团,民企,汽车制造/维修/零配件,财经管培生;人力管培生;研发管培生;生产管理管培生;供应链管理管培生;国内营销管培生(销售方向);国内营销管培生(售后方向);海外营销管培生(销售方向);海外营销管培生(售后方向);研发技术;生产技术;IT;生产职能;质量管理;供应链管理;营销职能;人力资源;财务;融资;法务;企业管理;海外翻译;知识产权;战略投资;国内销售;海外销售;国内售后;海外售后,郑州,尽快投递,2027届,"本科, 硕士, 博士",秋招提前批,宇通招聘,https://mp.weixin.qq.com/s/3STvg5t6q9EDUieSj4bOTw,https://join.yutong.com,/,/,,,,
2026/06/08,中冶南方都市环保,央国企,能源/化工/环保,热能与动力工程 机械 电气 自动化 控制科学与工程 总图运输 暖通 工程造价 物流管理 采购管理 化学工程 化工工艺 环境工程 工程管理 安全工程 信息与通信工程等相关专业,武汉,尽快投递,2027届,"硕士, 博士","实习, 暑期实习",中冶南方都市环保,https://mp.weixin.qq.com/s/S2ebixeR35AFRIk7ayBTtA?scene=1&click_id=1656794317,https://mp.weixin.qq.com/s/S2ebixeR35AFRIk7ayBTtA?scene=1&click_id=1656794317,热能与动力工程、机械、电气、自动化、控制科学与工程、总图运输、暖通、工程造价、物流管理、采购管理、化学工程、化工工艺、环境工程、工程管理、安全工程、信息与通信工程等相关专业,/,,,,
2026/06/08,超量子基金,民企,金融业,金融量化研究员;大模型舆情数据研究员;深度学习算法工程师;量化策略研究员;后台开发工程师;前端开发工程师;数据开发工程师;私募基金销售;私募财务助理;私募基金运营,"上海, 北京, 深圳",尽快投递,2027届,"本科, 硕士, 博士",暑期实习,超量子,https://mp.weixin.qq.com/s/u5DNgXb2UaoJCijD4bG6eA,https://mp.weixin.qq.com/s/u5DNgXb2UaoJCijD4bG6eA,"物理,金融,数学,计算机及相关专业",有笔试,,,,
2026/06/08,迈瑞医疗,民企,医疗/医药/生物,硬件开发工程师;系统控制算法研究工程师;医学信号处理算法研究工程师;医学图像处理研究工程师;软件开发工程师;机械开发工程师;光学系统工程师;气路结构工程师;波路系统工程师;检测系统工程师;工艺研究工程师;生物力学工程师,"北京, 南京, 武汉, 深圳, 西安",尽快投递,2027届,"本科, 硕士, 博士","实习, 暑期实习",迈瑞招聘,https://mp.weixin.qq.com/s/z_illYHrLZnXJkAy8Y-wyw,https://career.mindray.com/8/jobs,计算机、人工智能、生物医学工程、信号处理、电子类、仪器仪表、控制类、电气类、自动化、机械、机电一体化、机器人、材料、力学、应用数学、光学工程、流体、物理相关专业,/,,,,
2026/06/08,治乾教育,民企,教育/培训/科研,班级助教实习生;门店实习生,南昌,尽快投递,2027届,"本科, 硕士, 博士","实习, 暑期实习",南昌治乾招聘,https://mp.weixin.qq.com/s/NDAurAClElP1jBmb9vMHYQ,https://mp.weixin.qq.com/s/NDAurAClElP1jBmb9vMHYQ,/,/,,,,
2026/06/08,蜜雪集团,民企,生活服务业,软件测试方向 后端开发方向 数据开发方向 仓储物流方向(海外) 生产管理方向(潼南) 生产管理方向(开平) 采购寻源方向 人力HRBP方向,"四平, 江门, 焦作, 郑州, 重庆",尽快投递,2026届,"本科, 硕士, 博士",春招补招,蜜雪冰城招聘,https://mp.weixin.qq.com/s/mcaVTocejYZYRRMnH_Q38w,https://careers.mxbc.com/campus/jobs,/,/,,,,
2026/06/08,芯德科技,民企,通信/电子/半导体,嵌入式软件开发工程师 网络测试工程师；,广州,2026-06-30,2026届,"本科, 硕士, 博士",春招补招,芯德科技招聘,https://mp.weixin.qq.com/s/lVG7YsA7COJHg5hwLOI-uw,https://mp.weixin.qq.com/s/lVG7YsA7COJHg5hwLOI-uw,"计算机,软件,信息,通信,电子,通信工程,网络工程",有笔试,,,,
2026/06/08,杭州钱江后浪网络科技,央国企,IT/互联网/游戏,新媒体视频编导,杭州,尽快投递,2026届,"本科, 硕士, 博士",春招专场,浙江广播电视集团招聘,https://mp.weixin.qq.com/s/PLony7jnLDVrgZNdWNFzGQ,https://myhr.zrtg.com/recruit/?token=1968291193〈=zh_CN&sessionid=#/portal_job_list?job_class=_HB4_Y2FtcHVz,/,有笔试,,,,
2026/06/08,桂林力源,民企,农林牧渔,饲料营销;饲料配方师;饲料生产;设备管理;养殖生产;畜禽兽医;养殖经营;财务管理;人力资源;供应链管理;技术管理员;粮油食品销售;食品研发;超市产品经理;超市运营;质量管理;信息化;总监管培生;新青年领军;绿色合伙人,"桂林, 藏族自治州, 重庆",尽快投递,"2025, 2026届","大专, 本科, 硕士, 博士",春招补招,力源招聘,https://mp.weixin.qq.com/s/o244Qfw_HrEoWc5zYVA9Cw,https://mp.weixin.qq.com/s/o244Qfw_HrEoWc5zYVA9Cw,/,/,,,,
2026/06/08,福州市民卡有限公司,央国企,IT/互联网/游戏,网络通信工程师 UI开发初级工程师 测试初级工程师；,福州,2026-06-12,2026届,"本科, 硕士, 博士",春招专场,八闽国资,https://mp.weixin.qq.com/s/ivPUAUpdmMOiucu83BdoTw,https://fzsmk.zhaopin.com/zk/#/notice_new?prantMenuid=527823a1e7acebbab0b1160878b22f84,网络通信工程师：通信信息类、计算机类信息技术专业；UI开发工程师：计算机多媒体技术专业；测试初级工程师：通信信息类专业,有笔试,,,,
2026/06/07,中建八一,央国企,房地产业/建筑业,城市运营方向 绿色低碳方向 智能建造方向 科技研发方向；,全国多地,尽快投递,2027届,"本科, 硕士, 博士","实习, 暑期实习",中建八局一公司,https://mp.weixin.qq.com/s/d7ApXHj5QN8NzKb53VUW_g,https://job.cscec8b.com.cn/recruitment/job/detail/id/2749/,/,/,,,,
2026/06/07,江铃汽车,央国企,汽车制造/维修/零配件,数字体验实习生：UE设计师、3D动效设计师、用户研究员、品牌视觉传达设计师；,上海,尽快投递,2027届,"本科, 硕士, 博士","实习, 暑期实习",江铃汽车招聘,https://mp.weixin.qq.com/s/jdXPtmqdLQL5aDWMEOUSOQ,https://bsurl.cn/v2/TI2noJOM,"人机交互,艺术设计,工业设计,视觉传达设计,信息设计,用户体验,人因工程,心理学,市场研究,动画设计及相关专业",/,,,,
2026/06/07,浦发银行-南宁分行,央国企,金融业,实习生岗位,"南宁, 柳州, 桂林",2026-06-14,2027届,"本科, 硕士, 博士",暑期实习,浦发银行南宁分行,https://mp.weixin.qq.com/s/rIdoDc0M4cBTUQUGgKw1Ow,https://mp.weixin.qq.com/s/rIdoDc0M4cBTUQUGgKw1Ow,专业不限,/,,,,
2026/06/07,善施科技,民企,能源/化工/环保,化学工艺部-研发实习生;化学工艺部-分析实习生;商务实习生;电子装配实习生;电气设计实习生;机械设计实习生;采购实习生;行政实习生;财务实习生,上海,2026-06-30,2027届,"本科, 硕士, 博士","实习, 暑期实习",善施科技,https://mp.weixin.qq.com/s/duCO3gYQHmTKMG2T0cRW-g,https://mp.weixin.qq.com/s/duCO3gYQHmTKMG2T0cRW-g,研发、分析岗要求化学相关专业；电子装配、电气设计、机械设计岗要求电子电气、自动化、机械相关专业；财务、行政岗要求对应专业优先；商务、采购岗不限专业,/,,,,
2026/06/07,东芯半导体,民企,通信/电子/半导体,模拟助理工程师、AI研发实习生/人工智能实习生、测试工程师、AE TEST ENGINEER、模拟电路工程师、数字电路设计工程师、IC验证工程师、版图设计工程师、测试工程师；,"上海, 南京, 深圳",尽快投递,2027届,"本科, 硕士, 博士","实习, 暑期实习, 秋招专场",东芯半导体,https://mp.weixin.qq.com/s/3Jh5YexL980PlyjgZWy6mg,https://mp.weixin.qq.com/s/3Jh5YexL980PlyjgZWy6mg,"电子,电气,微电子,集成电路,计算机,人工智能等相关专业",有笔试,,,,
2026/06/07,之江实验室,事业单位,教育/培训/科研,模型算法 软件开发 数据处理 太空计算；,杭州,2026-06-20,"2026, 2027届","硕士, 博士",暑期实习,之江实验室招聘,https://mp.weixin.qq.com/s/HJ-M1aKj3mvvgN_Pn7kIig,https://mp.weixin.qq.com/s/HJ-M1aKj3mvvgN_Pn7kIig,人工智能、计算机科学与技术、软件工程、电子信息、自动化、数学、统计学、物理、系统科学等相关专业,/,,,,
2026/06/07,浙大清启真科技,央国企,IT/互联网/游戏,数据治理实习生 硬件实习生 产品经理实习生 行业分析实习生 无人机工程师实习生 智慧城市项目助理 品牌文学；,杭州,2026-06-30,2027届,"本科, 硕士, 博士",暑期实习,浙大启真科技,https://mp.weixin.qq.com/s/B5IIy3hXtip7R4E3W1HXgw?scene=1&click_id=150832692,https://mp.weixin.qq.com/s/B5IIy3hXtip7R4E3W1HXgw?scene=1&click_id=150832692,"依岗位不同,涵盖地理信息、城乡规划、电子信息、通信工程、自动化、航空航天、机械工程、广告学、传播学等多个专业",/,,,,
2026/06/07,丹纳赫生命科学-飞诺美,外企,医疗/医药/生物,工艺工程-色谱耗材 机械研发 人工智能(非商业）人工智能(商业）生产工艺 实验支持(可转正）市场 市场-微电子(可转正）市场-多元能源 系统测试(可转正）渠道运营 移液工作站 色谱耗材 液相质谱LCMS,"上海, 北京, 天津, 广州, 苏州",尽快投递,2027届,"本科, 硕士, 博士","实习, 暑期实习",丹纳赫招聘,https://mp.weixin.qq.com/s/hqcwyrMfWOPC4XyWiIl5fA,https://mp.weixin.qq.com/s/hqcwyrMfWOPC4XyWiIl5fA,生物化药、生命科学类、计算机科学、信息管理、软件工程类、材料科学类、工程机械自动化类、市场营销、供应链等相关职能专业；本岗位要求化学、制药、分析类专业,/,,,,
2026/06/07,恒瑞医药,民企,医疗/医药/生物,临床监察实习生 生产实习生 医药信息沟通专员实习生；,"上海, 南京, 南昌, 合肥, 昆明, 石家庄, 连云港, 重庆, 长沙, 全国多地",尽快投递,2027届,"本科, 硕士, 博士","实习, 暑期实习",恒瑞医药招聘,https://mp.weixin.qq.com/s/UvWb_ulmqYpeKt72Fqd7Vg?scene=1&click_id=1336860298,https://app.mokahr.com/campus-recruitment/hengrui/148744?locale=zh-CN#/,/,/,,,,
2026/06/07,哈银消费金融,央国企,金融业,复合类菁英培养对象 风险类菁英培养对象 科技类菁英培养对象 科技类菁英培养对象,"北京, 哈尔滨",尽快投递,不限届,"本科, 硕士, 博士",秋招提前批,哈银消费金融,https://hrbbcf1.zhiye.com/campus,https://hrbbcf1.zhiye.com/campus/jobs,/,有笔试,,,,
2026/06/07,中邮理财,央国企,金融业,投资支持类 研究交易类 市场营销类 风向管理类 综合管理类；,北京,尽快投递,2027届,"本科, 硕士, 博士",暑期实习,中邮理财,https://mp.weixin.qq.com/s/DRviR3UtbQs1FVkwK-4uKg,https://zylcsx2026.zhaopin.com/job/index.html,/,/,,,,
2026/06/07,中国联合工程,央国企,房地产业/建筑业,策划咨询岗;城乡规划设计岗;工艺设计岗;建筑设计岗;结构设计岗;给排水设计岗;电气设计岗;幕墙设计岗;室内设计岗;园林景观设计岗;数据治理岗;信息安全管理岗;工程项目管理岗,杭州,尽快投递,2027届,"本科, 硕士, 博士","实习, 暑期实习",中联人才,https://mp.weixin.qq.com/s/dDDNWreYT9qovtK5HdvaSg,https://chinacuc.zhiye.com/intern/jobs,"策划咨询岗专业不限,人文地理、经济学、金融学相关专业优先；其余岗位按对应方向要求相关专业",/,,,,
2026/06/07,众和证券-投行部,民企,金融业,投行承做岗：国内外重点院校金融、经济、会计、法律等相关专业,上海,尽快投递,2027届,"本科, 硕士, 博士",暑期实习,众和投行服务,https://mp.weixin.qq.com/s/HpJ-VbH6RUl7Rt9oICOCNQ?scene=1&click_id=293511588,https://mp.weixin.qq.com/s/HpJ-VbH6RUl7Rt9oICOCNQ?scene=1&click_id=293511588,金融、经济、会计、法律等相关专业,有笔试,,,,
2026/06/07,鸿毅供应链,民企,贸易/批发/零售,外贸销售实习生（电子元器件方向）,深圳,尽快投递,"2026, 2027届","本科, 硕士, 博士",暑期实习,鸿毅供应链,https://mp.weixin.qq.com/s/1YRWlRsnxSzD38b5KEzocQ?scene=1&click_id=1309721379,https://mp.weixin.qq.com/s/1YRWlRsnxSzD38b5KEzocQ?scene=1&click_id=1309721379,"专业不限,电子、国际贸易、英语、市场营销专业优先",/,,,,
2026/06/07,九合创投,民企,金融业,U-Seed 暑期实习计划,北京,尽快投递,2027届,"本科, 硕士, 博士",暑期实习,九合创投,https://mp.weixin.qq.com/s/Sz5BZpQODMnKfxhU42S_6Q?click_id=1462709687&scene=1,https://mp.weixin.qq.com/s/Sz5BZpQODMnKfxhU42S_6Q?click_id=1462709687&scene=1,专业不限,/,,,,
2026/06/07,策马集团,民企,财务/审计/税务,岗位覆盖AI数据、语言服务、国际传播三大业务方向，并设置市场拓展、行政运营、人力资源等职能支持岗位。,上海,2026-06-20,2027届,"本科, 硕士, 博士","实习, 暑期实习",策马翻译,https://mp.weixin.qq.com/s/1LxE4zT9lBpWyYJ6BmSGVg,https://mp.weixin.qq.com/s/1LxE4zT9lBpWyYJ6BmSGVg,专业不限,/,,,,
2026/06/07,创新精密,民企,机械/制造业,产品开发、产品设计、材料研发、自动化储、品质工程(QE)、原材料检验、实验室检测、经管IE、管理及技术储备、PM(英语)、项目助理(英语/阿拉伯语)；,"四平, 滨州",尽快投递,2026届,"本科, 硕士, 博士",春招补招,创新精密,https://mp.weixin.qq.com/s/jkZ8vTwo17xqwpdMqiQQhg,https://mp.weixin.qq.com/s/jkZ8vTwo17xqwpdMqiQQhg,"材料类,机械类,自动化类,化学类,经济管理类,外语类,国际贸易类相关专业",/,,,,
2026/06/07,千曙科技,民企,IT/互联网/游戏,SRE/基础设施工程师;机器学习训练平台工程师;异构计算工程师;模型优化工程师;AI Agent工程师;嵌入式开发工程师;电子电气工程师,"北京, 广州",尽快投递,2026届,"本科, 硕士, 博士",春招补招,千曙职途,https://mp.weixin.qq.com/s/6rIWZtXHssCADwcW2ZkRew,https://tranxmart.jobs.feishu.cn/511078/?spread=DFF4R9N,/,/,,,,
2026/06/07,爱善天使,民企,快速消费品,管培生（人力资源）;校招督导,长沙,尽快投递,2026届,"本科, 硕士, 博士",春招补招,爱善天使招聘,https://mp.weixin.qq.com/s/Gaoy36ZGdW4Tv0_7m53Mcw,https://aishangroup1.zhiye.com/campus/jobs,"管培生专业无限制,中医、护理、康复、针推专业优先",/,,,,
2026/06/07,雅培,外企,医疗/医药/生物,运营管理培训生,"上海, 嘉兴, 杭州",尽快投递,"2025, 2026, 2027届","本科, 硕士, 博士",秋招提前批,雅培,https://mp.weixin.qq.com/s/wNww_FO1CYkYZERncHyUVA,https://www.moseeker.com/position/index/pid/3431275?recom=Olfzxxxxxe&wechat_signature=Y2FiODg5NDQzOGQ0NjE1Y2NlM2I4MWNkOGE3NzQyMGJkMzRjM2IyMQ==&forward_id=a261fa465a5411f1ba9300163e083938&share_time=1779945496026,工科,/,,,,
2026/06/07,临工集团,民企,机械/制造业,技术研发类 智能制造类 全球营销类 运营管理类 职能管理类；,"临沂, 济南",尽快投递,"2025, 2026届","本科, 硕士, 博士",秋招专场,山东临工SDLG,https://mp.weixin.qq.com/s/h8dwm43_OFddAg2wxfIAZw,https://hr.sdlg.cn/recruit#/portal_job_list?job_class=_HB4_Y2FtcHVz,技术研发类：机械、机电等工科相关专业；智能制造类：计算机、自动化等相关专业；全球营销类：外语、机械、营销等相关专业；运营管理类：机械、安全工程等相关专业；职能管理类：财务、法学、人力等相关专业,/,,,,
2026/06/07,多益网络,民企,IT/互联网/游戏,原画设计师 三维模型设计师 动作设计师 特效设计师 游戏UI设计师；,"广州, 杭州, 武汉, 苏州",尽快投递,2026届,"本科, 硕士, 博士",春招补招,多益网络招聘,https://mp.weixin.qq.com/s/kQLJXn6C_gWoj-IEbOlq9Q,https://xz.duoyi.com/v40/?sessionid=#/positions,美术类相关专业,/,,,,
2026/06/07,中科纳通,民企,通信/电子/半导体,研发工程师 销售工程师 产品工程师；,"北京, 深圳, 苏州, 重庆",尽快投递,2026届,"本科, 硕士, 博士",春招专场,中科纳通,https://mp.weixin.qq.com/s/-CrzCZs3Z0D8Cc_xBZ5FHw?scene=1&click_id=838613573,https://mp.weixin.qq.com/s/-CrzCZs3Z0D8Cc_xBZ5FHw?scene=1&click_id=838613573,高分子材料、金属材料、复合材料类、材料、电子信息工程、机械,/,,,,
2026/06/05,Sharpa,民企,智能硬件,机器人算法工程师;机械算法工程师;机器人仿真工程师;SLAM/强化学习算法工程师;机器人运动控制算法工程师;嵌入式软件开发工程师;系统软件开发工程师;全栈开发工程师;机器学习软件工程师;深度学习软件工程师;机器人整机系统工程师;结构设计工程师;传感器系统工程师;机电工程师;测试工程师;商务拓展;运营岗;产品工程师;数字运营,上海,尽快投递,2027届,"本科, 硕士, 博士","实习, 秋招提前批",Sharpa,https://fcn5hvc5qbfs.jobs.feishu.cn/668262/?spread=A2B3G4G,https://fcn5hvc5qbfs.jobs.feishu.cn/668262/?spread=A2B3G4G,/,/,,,,
2026/06/05,中国银河证券,央国企,金融业,投行业务类 投资研究类 机构业务类 财富管理类 金融科技岗 职能支持类,"上海, 北京, 广州, 深圳",尽快投递,2027届,"本科, 硕士, 博士","实习, 暑期实习",银河证券招聘,https://mp.weixin.qq.com/s/zy0a0248ujQYSu4bYPwToQ,https://chinastock.zhiye.com/custom/campus,/,/,,,,
2026/06/05,欧莱雅百库,外企,贸易/批发/零售,电商运营方向,广州,2026-06-22,2027届,"本科, 硕士, 博士","实习, 暑期实习",欧莱雅百库招聘,https://mp.weixin.qq.com/s/SDTwmIQ1O562Vs6LS_S5SA,http://bkhr.hotjob.cn/,/,/,,,,
2026/06/05,中电福富,央国企,IT/互联网/游戏,AI产品经理;AI产品设计师;AI算法工程师;AI应用开发工程师;AI智能投流运营工程师;python研发工程师;C/C++开发工程师;JAVA开发工程师;安卓/鸿蒙开发工程师;大数据应用开发工程师;安全服务工程师;渗透工程师;运维工程师,"南昌, 厦门, 合肥, 成都, 海口, 福州, 重庆",尽快投递,2027届,"本科, 硕士, 博士","实习, 暑期实习",福富公司招聘,https://mp.weixin.qq.com/s/QfMAhbgyZlHB8RambDd7lA,https://www.ffcs.cn/recruitment/frontend-client/index.html?sessionid=&SflKxwRJ=MDVjMDE0NWViNTJhZmEyZTRhZWVkYzU1ZTAwYzI1YTF8Y3lNNUJJYz18TUh3eE9EazRNekl4TVRFeWZIVjZiREl5YjJGNE1UaDhNVGM0TURZMU5qSXlPRGN5TVh3d3xNWHd4ZkRGOE1UVTNNakE1T0E9PQ==#/resumer-list?rid=2,/,/,,,,
2026/06/05,华东院,央国企,能源/化工/环保,电气工程及其自动化实习生;水利水电工程实习生;水文与水资源工程实习生;水力学及河流动力学实习生;港口海岸及近海工程实习生;水工结构工程实习生;船舶与海洋工程实习生;给排水科学与工程实习生;新能源科学与工程实习生;土木工程实习生;城乡规划实习生;测绘工程实习生;环境工程实习生;计算机科学与技术实习生;人工智能实习生;工程管理实习生;财务管理实习生,杭州,尽快投递,2027届,"本科, 硕士, 博士","实习, 暑期实习",中国电建华东院HDEC招聘平台,https://mp.weixin.qq.com/s/EeEpyzNRCHH3UaXtZB3sUQ,https://hdec.zhiye.com/intern,"电气工程及其自动化,水利水电工程,水文与水资源工程,水力学及河流动力学,港口海岸及近海工程,水工结构工程,船舶与海洋工程,给排水科学与工程,新能源科学与工程,土木工程,城乡规划,测绘工程,环境工程,计算机科学与技术,人工智能,工程管理,财务管理,具体职位请以招聘官网为准",/,,,,
2026/06/05,中航隆盛,央国企,机械/制造业,电力电子 电气工程 自动化 控制科学与工程 电子信息 仪器科学与技术 电子科学与技术 信息与通信工程 电机与电器 机械制造及其自动化 机械工程 电路设计类,"北京, 南京, 成都, 武汉, 洛阳, 西安",2026-07-10,2027届,"硕士, 博士",暑期实习,中航洛阳隆盛,https://mp.weixin.qq.com/s/cVQ53rUfS-z2MaiR5PyzAg,https://mp.weixin.qq.com/s/cVQ53rUfS-z2MaiR5PyzAg,"电力电子,电气工程,自动化,控制科学与工程,电子信息,仪器科学与技术,电子科学与技术,信息与通信工程,电机与电器,机械制造及其自动化,机械工程,电路设计类",/,,,,
2026/06/05,联影集团,民企,医疗/医药/生物,电力电子;芯片应用;电子;精密机械;FPGA;算法;射频;科研合作;传感器;临床应用;模拟设计;软件开发,"上海, 武汉, 深圳",尽快投递,2027届,"本科, 硕士, 博士","实习, 暑期实习",联影医疗招聘,https://mp.weixin.qq.com/s/IbBoH8BLCqYZjAvitw7Z2w?scene=1&click_id=482564871,https://united-imaging.zhiye.com/campus/jobs,/,有笔试,,,,
2026/06/05,天加,民企,机械/制造业,“未来工程师”暑期研习营：建环、能动、制冷、机械、电力电子、自动化、Al、算法、机器人等相关专业,南京,2026-06-18,2027届,"本科, 硕士, 博士","暑期实习, 秋招提前批",天加HR,https://mp.weixin.qq.com/s/pJQhdDBz9M52YF7o0I67bw,https://v.wjx.cn/vm/tUeGnL5.aspx,建环、能动、制冷、机械、电力电子、自动化、AI、算法、机器人等相关专业,/,,,,
2026/06/05,陕汽控股,央国企,汽车制造/维修/零配件,汽车机械类 电气电控类 计算机类；,西安,2026-06-15,2027届,"硕士, 博士",暑期实习,陕汽人才招聘在线,https://mp.weixin.qq.com/s/GhslhbcIvAYbXALsE0qdVw,https://sxqc.zhiye.com/intern/detail?jobAdId=75955e5d-25dc-4c4a-9908-c3a9f664d72d,"汽车机械类,电气电控类,计算机类",/,,,,
2026/06/05,智识神工,民企,智能硬件,AI算法;模型开发;Agent应用;具身智能;软件工程;系统集成;品牌宣传;线上营销;大客户营销;AI产品经理,"上海, 西安",尽快投递,2027届,"本科, 硕士, 博士","暑期实习, 秋招提前批",智识神工,https://mp.weixin.qq.com/s/IQN6XhzDEldjChnsZEzSkQ?scene=1&click_id=1244177130,https://mp.weixin.qq.com/s/IQN6XhzDEldjChnsZEzSkQ?scene=1&click_id=1244177130,/,/,,,,
2026/06/05,顺丰航空,民企,交通/物流/仓储,机务卓越工程师实习计划,深圳,2026-06-11,2027届,"本科, 硕士, 博士",暑期实习,顺丰航空招聘,https://mp.weixin.qq.com/s/e-vZFf2iwSk0iMxV3c-nUw,https://v.wjx.cn/vm/tU5fV9k.aspx,与飞行器相关、机械电子、自动化、材料等专业,/,,,,
2026/06/05,小红书-REDébuilt文化与人才发展,民企,IT/互联网/游戏,OC·内容策划;OC·活动策划;TD·人才发展运营,"上海, 北京",2026-06-15,2027届,"本科, 硕士, 博士","实习, 暑期实习",小红书招聘,https://mp.weixin.qq.com/s/GJfcL1D_dAvZe-Sqxs9Zog,https://octd.redebuilt.cn:8443/,不限专业,/,,,,
2026/06/05,中国工商银行,央国企,金融业,中国工商银行43家境内机构，含一级（直属）分行、直属机构、综合化子公司岗位，具体见投递方式链接,全国多地,2026-06-18,2027届,"本科, 硕士, 博士",暑期实习,中国工商银行人才招聘,https://mp.weixin.qq.com/s/4hTEwAW1RFrs628psSe1ZA,https://job.icbc.com.cn/pc/index.html#/main/internship/home/struct,专业不限,/,,,,
2026/06/05,小米,民企,IT/互联网/游戏,大模型 机器学习 具身职能 AI4S OS 芯片 通信 安全 先进材料 智驾 三电 动力地盘 智能座舱等方向；,"上海, 北京, 南京, 武汉, 深圳",尽快投递,"2024, 2025, 2026, 2027届","本科, 硕士, 博士","实习, 秋招提前批",小米招聘,https://mp.weixin.qq.com/s/rtyq-eierVjZtssI37-T5w,https://xiaomi.jobs.f.mioffice.cn/toptalent,/,/,,,,
2026/06/05,中核环保有限公司-本部,央国企,能源/化工/环保,战略规划部规划管理岗 安全环保质量部-核安全与环境管理岗 经营开发部计划考核管理岗；,北京,尽快投递,2026届,"硕士, 博士",春招专场,中核环保有限公司,https://mp.weixin.qq.com/s/4nhYBP5pzwg5P9IpdU2AMg,https://cnnc.m.zhiye.com/joblist.html?jc=2&ky=%E4%B8%AD%E6%A0%B8%E7%8E%AF%E4%BF%9D%E6%9C%89%E9%99%90%E5%85%AC%E5%8F%B8π=1&ps=10&c1=&c2=&c=,"规划管理岗：核科学与技术类、化学工程与装备类相关专业,可放宽至管理类、工程类、经济类相关专业；核安全与环境管理岗：环境科学与工程类、安全科学与工程类、化学工程与技术类相关专业；计划考核管理岗：核科学与技术类、化学工程与技术类相关专业",/,,,,
2026/06/05,厨芯科技,民企,IT/互联网/游戏,全栈开发工程师（偏前端）;全栈开发工程师（偏后端）,苏州,尽快投递,"2026, 不限届","本科, 硕士, 博士","校园招聘, 社招",厨芯科技招聘,https://mp.weixin.qq.com/s/Cfz7YNDoHuq6MOFKLqHuQA,https://app.mokahr.com/apply/honganrobots/6118?sessionid=#/jobs?zhineng=19802,计算机相关专业,/,,,,
2026/06/04,中国电能成套设备-中南分公司,央国企,能源/化工/环保,项目管理岗：动力工程及工程热物理、电气工程、能源动力、管理科学与工程、机械工程等专业。,贵阳,2026-06-17,2026届,"本科, 硕士, 博士",春招补招,中国电能,https://mp.weixin.qq.com/s/6UvXUDpGV7KrIv5CBZDHtg?scene=1,https://www.iguopin.com/job/detail?id=203283170928362310,动力工程及工程热物理、电气工程、能源动力、管理科学与工程、机械工程,有笔试,,,,
2026/06/04,上海国际集团,央国企,金融业,市值管理岗 投资管理岗 财务管理岗 战略管理岗 风控管理岗 数字化岗 行政人事岗；,上海,2026-06-15,2027届,"本科, 硕士, 博士",暑期实习,上海国际集团微招聘,https://mp.weixin.qq.com/s/COsmoPi7kEepUyjbLqLxbQ,https://wecruit.hotjob.cn/SU65bcb5061eb8053c62f98edb/pb/interns.html,"不同岗位对应不同专业要求,涵盖金融、财务、法律、经济、管理、理工科等相关专业",/,,,,
2026/06/04,国泰汉帛,央国企,快速消费品,欧美外贸业务;日本外贸业务;品质管理;财务;单证;IT;纱线研发;纱线开发,贵港,尽快投递,2027届,"本科, 硕士, 博士",暑期实习,江苏国泰汉帛实业发展有限公司,https://mp.weixin.qq.com/s/Oge5w5qaGmNIflecGrgXqw,https://mp.weixin.qq.com/s/Oge5w5qaGmNIflecGrgXqw,/,/,,,,
2026/06/04,南银理财,央国企,金融业,工学(计算机类/电子信息类/人工智能类)；理学(数学类/统计学类/物理学类),南京,2026-06-14,2027届,"硕士, 博士","实习, 暑期实习, 秋招提前批",南银理财,https://mp.weixin.qq.com/s/226JQOl0YFAqwE_5xnWA_Q,https://job.njcb.com.cn/#/position/trainee/details?id=65278&bm0000=1217004&zpreqItemId=6543,工学：计算机类、电子信息类、人工智能类；理学：数学类、统计学类、物理学类；有金融、经济或会计学专业复合背景者优先,有笔试,,,,
2026/06/04,华创智方,民企,机械/制造业,生产设备操作实习生;包装印刷工艺实习生;质量检验实习生;设备维修实习生;销售市场实习生;仓储物流实习生;采购供应实习生;行政人事实习生,咸阳,尽快投递,2027届,"本科, 硕士, 博士",暑期实习,HCInno华创智方,https://mp.weixin.qq.com/s/bpGQ8IM4Al2ORXES57t-IA,https://mp.weixin.qq.com/s/bpGQ8IM4Al2ORXES57t-IA,"专业不限,专业技术与管理类、技能操作与生产实践类相关专业优先",/,,,,
2026/06/04,财通资本,央国企,金融业,股权投资实习生,杭州,尽快投递,2027届,"硕士, 博士",暑期实习,财通资本,https://mp.weixin.qq.com/s/PfsiNQhFDOM7ORDh5aHG0Q,https://mp.weixin.qq.com/s/PfsiNQhFDOM7ORDh5aHG0Q,"电子信息、人工智能、航空航天、自动化、新材料、生物医药、工科专业,财务、金融、法律、资管等相关专业",/,,,,
2026/06/04,高顿杭州,民企,教育/培训/科研,市场运营岗,杭州,2026-07-01,2027届,"本科, 硕士, 博士",暑期实习,高顿教育杭州分部,https://mp.weixin.qq.com/s/Dvsd2596n11KdA4LoqiF6A?click_id=1369873553,https://mba.jinshuju.com/f/I6XNMU,商科类,/,,,,
2026/06/04,江苏农商联合银行,央国企,金融业,下属各单位岗位，具体见官方公告及投递方式！,"南京, 南通, 宿迁, 常州, 徐州, 扬州, 无锡, 泰州, 淮安, 盐城, 苏州, 连云港, 镇江",2026-06-20,2027届,"本科, 硕士, 博士","实习, 暑期实习",江苏辖区农商银行招聘,https://mp.weixin.qq.com/s/Lsk5pRsJI4HobWg3PGza2g,https://campus.51job.com/jsnxzp2026sxs/p1.html?addrName=0,/,有笔试,,,,
2026/06/04,曼伦,民企,快速消费品,组织发展岗实习,上海,尽快投递,2027届,"本科, 硕士, 博士","实习, 暑期实习",曼伦招聘,https://mp.weixin.qq.com/s/fNXKWDl3Oo4AowDi0PFK6w,https://app.mokahr.com/campus-recruitment/manon/94861?sessionid=&sourceToken=e5e68a70a1dc9dca8c0011e86699568c#/job/7d846946-b885-479d-8ed4-8d7126a47576?from=qrcode,/,/,,,,
2026/06/04,兰德隆与布朗,外企,交通/物流/仓储,航空市场战略及预测分析实习生,上海,2026-06-14,2027届,"本科, 硕士, 博士",暑期实习,兰德隆与布朗,https://mp.weixin.qq.com/s/DzdOoqjC7RWy0Lt7ksY8fg,https://mp.weixin.qq.com/s/DzdOoqjC7RWy0Lt7ksY8fg,交通运输、市场经济学、统计学、数学等相关专业,/,,,,
2026/06/04,格见半导体,民企,能源/化工/环保,系统架构工程师 数字设计工程师 数字验证工程师 模拟设计工程师 模拟测试工程师 硬件开发工程师 嵌入式软件开发工程师 FAE工程师 管培生；,"上海, 成都, 深圳, 西安",尽快投递,2027届,"本科, 硕士, 博士",秋招提前批,格见半导体,https://mp.weixin.qq.com/s/UgleBwQq2MO48q3f3GiEmw,https://gejian-semi.zhiye.com/campus/jobs,"微电子、集成电路、电子科学与技术、电子信息、自动化、测控、计算机等相关专业,管培生岗位专业不限",/,,,,
2026/06/04,友邦人寿,民企,金融业,个险渠道实习生-产品与服务推动方向;个险渠道实习生-增员市场传播推广方向;信息技术实习生-AI应用开发方向;信息技术实习生-AI概念验证方向;信息技术实习生-AI需求分析方向;信息技术实习生-信息安全方向;信息技术实习生-科技创新方向;运营实习生-数据分析方向;运营实习生-AI企划创新方向;财务实习生-项目管理方向;财务实习生-系统支持方向;财务实习生-机构支持方向;精算实习生-经验分析方向;风险管理实习生-操作风险管理方向;人力资源实习生-综合支持方向;企业服务实习生-项目管理方向;浙江分公司实习生-项目管理方向,"上海, 杭州",尽快投递,2027届,"本科, 硕士, 博士","实习, 暑期实习",友邦人寿招聘,https://mp.weixin.qq.com/s/Wlk5n2oQOSnngyAjYjG_Sw,https://mp.weixin.qq.com/s/Wlk5n2oQOSnngyAjYjG_Sw,/,/,,,,
2026/06/04,中国建筑国际集团,央国企,房地产业/建筑业,工程 合约 投资 设计 人力 行政 财务 研发等岗位；,"上海, 临沂, 仙桃, 北京, 南京, 成都, 杭州, 武汉, 济南, 深圳, 福州, 长沙",2026-06-20,2027届,"本科, 硕士, 博士","实习, 暑期实习",海之子校园招聘,https://mp.weixin.qq.com/s/1iTEzG6UMQIj_tXlafrBuA,https://csci.zhiye.com/intern/jobs,/,/,,,,
2026/06/04,拼多多集团,民企,IT/互联网/游戏,客服专家,上海,尽快投递,2026届,"本科, 硕士, 博士",春招专场,拼多多集团-PDD招聘,https://mp.weixin.qq.com/s/gN0hORkxSNpxGEqBKJfWsQ,https://careers.pddglobalhr.com/campus/grad/detail?positionId=e968ab9d-9b3f-4749-a379-a16ced3e4091,不限专业,/,,,,
2026/06/04,中国一汽,央国企,汽车制造/维修/零配件,智能网联研发岗 新能源研发岗 整车研发岗 智能制造岗 数智化岗 设计岗 营销岗 人力岗；,"上海, 北京, 天津, 成都, 无锡, 长春, 青岛",尽快投递,2026届,"本科, 硕士, 博士",春招专场,中国一汽招聘,https://mp.weixin.qq.com/s/RWQm_yvRIceW1Iq63QVlLA,https://faw-zhaopin.hotjob.cn/positionList?recruitType=1&projectId=204801,/,有笔试,,,,
2026/06/04,中国地质调查局-局属单位,事业单位,政府/机构/组织,具体见《中国地质调查局局属单位2026年度公开招聘（第一批）补充招聘岗位信息表》（见附件1）。,"北京, 青岛",2026-06-12,2026届,"本科, 硕士, 博士",春招补招,中国地质调查局,https://mp.weixin.qq.com/s/Jk6cSY_ce_hHSjYMStW-GQ,https://www.sydwgkzp.cn/cgs/,/,/,,,,
2026/06/04,朴道征信,央国企,IT/互联网/游戏,产品测试方向,北京,2026-06-14,2026届,"本科, 硕士, 博士",春招补招,朴道征信,https://mp.weixin.qq.com/s/yu5Ideoh6v2CZRqF7TaDTQ,https://app.mokahr.com/campus-recruitment/pudaocredit/42953?sessionid=#/job/638d0c79-d4cc-41cc-904d-e078e85b4c11,/,有笔试,,,,
2026/06/04,德尔玛,民企,耐用消费品,精益管理;现场工艺;设备管理;质量测评;质量管理;供方品质管理;NPI工程师;测试工程师;结构开发;精益结构设计;项目管理;技术文档工程师;财务管理;运营管理;电商运营,佛山,尽快投递,2026届,"本科, 硕士, 博士",春招补招,德道丨Deerma Way,https://mp.weixin.qq.com/s/IJO4fzXWF0lCTh_veFKsaw,https://xy.liepin.com/deerma/gangwei.html,/,/,,,,
2026/06/04,赣农投资集团,央国企,农林牧渔,江西凤凰沟生态产业发展有限公司旅游事业部景观规划岗;江西凤凰沟生态产业发展有限公司酒店事业部前台接待岗;江西金乔园林有限公司生产部苗圃管理员岗;江西省江棉科技开发有限公司生产部技术服务岗;江西省江棉科技开发有限公司农事服务部农业服务岗,"九江, 南昌",2026-06-15,"2024, 2025, 2026, 不限届","大专, 本科, 硕士, 博士",社招,江西国资,https://mp.weixin.qq.com/s/dU3rhOAErlCbVbySnoSNPg,https://mp.weixin.qq.com/s/dU3rhOAErlCbVbySnoSNPg,"各岗位要求不同,含风景园林、园艺、旅游管理、酒店管理、植物生产、林学、生物学、农业资源与环境等",有笔试,,,,
2026/06/04,四川爱创科技-市场营销部,央国企,通信/电子/半导体,海外营销中心总监,绵阳,尽快投递,不限届,"本科, 硕士, 博士",社招,四川爱创科技-市场营销部,https://gzw.my.gov.cn/mysgzw/c101662/202606/00abc737a98d425481ceaa5b7d95540a.shtml,邮箱投递：ackj@changhong.com,国际贸易、市场营销、商务英语、机械、电子信息等相关专业优先,/,,,,
2026/06/03,紫光同创,民企,通信/电子/半导体,软件开发工程师 软件测试工程师 混合信号设计工程师  数字电路设计工程师 FPGA开发工程师 嵌入式应用开发工程师 销售工程师 测试开发工程师 FPGA测试设计工程师 CAD工程师 财务会计 人力资源专员；,"上海, 北京, 成都, 深圳",尽快投递,2027届,"本科, 硕士, 博士",秋招提前批,南科大就业,https://mp.weixin.qq.com/s/veejzYFhXGMmvtwk4WGj3g,https://young.yingjiesheng.com/xyzlogin?ctmid=d07b2450-a61b-4cfe-a05a-b5ea2d00a8f3&ehirejobid=&jumpurl=https://xyz.51job.com/External/Others/Login51.aspx?CtmID=d07b2450-a61b-4cfe-a05a-b5ea2d00a8f3&prd=xym.51job.com&prp=&cd=xym.,/,/,,,,
2026/06/03,中建安装,央国企,房地产业/建筑业,技术管理岗;工程设计岗;物资管理岗;设计研发岗;安全管理岗;商务管理岗;党群综合岗;合约法务岗;人力资源岗;财务管理岗,"上海, 乌鲁木齐, 北京, 南京, 大连, 天津, 成都, 武汉, 济南, 深圳, 西安, 郑州",尽快投递,2027届,"本科, 硕士, 博士",暑期实习,中建安装,https://mp.weixin.qq.com/s/zxPZAPyGNtul3zYxkLjwbQ,"https://recruit.cscec.com/recruit#/portal_job_list?job_class=campus&filter_dict={""select_depart"":null}&company_id=1873&contract_unit=32048693",/,/,,,,
2026/06/03,中科宇航,其他,机械/制造业,航空航天类 力学类 控制类 电子信息类 自动化类 机械类等航天相关专业；,"北京, 广州",尽快投递,2027届,"硕士, 博士",暑期实习,中科宇航,https://mp.weixin.qq.com/s/Ei-ZmW2t_2LYXoI7qvln7A,https://cas-space.zhiye.com/intern/jobs,"航空航天类,力学类,控制类,机电信息类,自动化类,机械类等航天相关专业",/,,,,
2026/06/03,昆仑芯科技,民企,通信/电子/半导体,软件研发类 芯片研发类；,"上海, 北京, 杭州, 深圳",尽快投递,2027届,"本科, 硕士, 博士","实习, 暑期实习",昆仑芯科技,https://mp.weixin.qq.com/s/Qw7XLiIV0_D3Yb2tXb8Yuw,https://kunlunxin1.zhiye.com/custom/shixisheng?hideAll=true,集成电路、计算机、电子信息、微电子、自动化、通信工程等相关专业,/,,,,
2026/06/03,美团,民企,IT/互联网/游戏,大模型 自动驾驶 无人机 具身智能 智能决策等方向,"上海, 北京, 成都, 深圳, 香港",尽快投递,"2026, 2027届","本科, 硕士, 博士",秋招提前批,美团招聘,https://mp.weixin.qq.com/s/g-8j7uMH3FSWdrVLiJ5fXQ,https://zhaopin.meituan.com/web/beidou,/,/,,,,
2026/06/03,美团-LongCat大模型基座团队,民企,IT/互联网/游戏,LongCat大模型人才，项目研究方向涵盖AIInfra、大语言模型、多模态理解与生成、智能体进化与协作、具身智能等前沿领域。,"上海, 北京",尽快投递,2027届,"本科, 硕士, 博士",秋招提前批,美团招聘,https://mp.weixin.qq.com/s/hjtIYAtZGUTutX5mQHxgdQ,https://zhaopin.meituan.com/web/longcat,/,/,,,,
2026/06/03,维谛技术（Vertiv）,民企,能源/化工/环保,电力电子软件工程师;电子电子硬件工程师;电气工程师;结构工程师,"江门, 深圳, 西安",2026-06-14,2027届,"本科, 硕士, 博士","实习, 暑期实习",维谛技术Vertiv招聘,https://mp.weixin.qq.com/s/VUJB4ix-0wiwgjcTUnpSYw,https://app.mokahr.com/su/kMXd7,"电气工程,电力电子及电力传动,自动化,机械工程等",/,,,,
2026/06/03,保利发展-上海公司,央国企,房地产业/建筑业,建筑设计岗;土建工程岗;成本结算岗;客户服务岗;开发报建岗;市场数据岗;营销策划岗;计划管理岗;投资拓展岗;会计岗;党群人力岗;长租公寓运营岗;社群活动岗,上海,2026-06-19,2027届,"本科, 硕士, 博士",暑期实习,保利发展招聘,https://mp.weixin.qq.com/s/RDYIfQ2EugcyHq5U587isQ,https://polynew.zhiye.com/intern/jobs,/,/,,,,
2026/06/03,现代汽车研发中心-HMTC,外企,汽车制造/维修/零配件,车辆设计类;车辆性能开发类;行政支援类;电子开发类;AI技术融合类;企划运营类,烟台,2026-06-12,2027届,"本科, 硕士, 博士","实习, 暑期实习",现代汽车研发中心,https://mp.weixin.qq.com/s/ntxQDEd5aQdeNS3apdsBdA,https://hmgc.hotjob.cn/,机械/车辆/电子/电气/自动化/通信/计算机/统计学/能源动力/材料等相关专业,/,,,,
2026/06/03,前海再保险股份有限公司,其他,金融业,投资清算岗实习生;法律合规部实习生,深圳,尽快投递,2027届,"本科, 硕士, 博士","实习, 暑期实习",前海再保险,https://mp.weixin.qq.com/s/A1Lzx5DnypERgNMqPTM-Hw,https://mp.weixin.qq.com/s/A1Lzx5DnypERgNMqPTM-Hw,投资清算岗要求金融、经济、统计、会计相关专业；法律合规部实习生专业不限,/,,,,
2026/06/03,羊晚集团,央国企,文化/传媒/广告/体育,经管类 融媒类 经管类等岗位；,"佛山, 广州, 揭阳, 梅州, 汕头, 河源, 清远, 湛江, 潮州, 珠海, 韶关",尽快投递,2027届,"本科, 硕士, 博士","实习, 暑期实习",羊城晚报招聘,https://mp.weixin.qq.com/s/sl2SdHbAV0nS6Lh1neIkKQ,https://job.ycwb.com.cn/ycwb/selectYourChannel,/,/,,,,
2026/06/03,SparkData数花智算,民企,IT/互联网/游戏,DataQ&A金融版—AI Agent大数据工程师实习生;RoiAI获客专家电商行业版—RoiAI大数据运营实习生,上海,尽快投递,2027届,"本科, 硕士, 博士",暑期实习,企业AI员工,https://mp.weixin.qq.com/s/qpTQBTK30djwNVtUuGx9Ow,https://mp.weixin.qq.com/s/qpTQBTK30djwNVtUuGx9Ow,"计算机,数据科学,金融工程;市场营销,电子商务,新媒体",/,,,,
2026/06/03,安永-风险咨询团队与网络安全团队,外企,财务/审计/税务,实习生岗位，理工科及相关专业优先（如数据科学、计算机、工程、金融工程等）,"上海, 北京, 广州, 成都, 杭州, 深圳, 西安",尽快投递,2027届,"本科, 硕士, 博士","实习, 暑期实习",安永校招,https://mp.weixin.qq.com/s/Oaa0HdZqX5Io6pcxbxRXhQ,https://wecruit.hotjob.cn/SU640192b0bef57c71d90d025a/pb/posDetail.html?postId=6a197e30e791100f0a0baa0b&postType=intern,"理工科及相关专业优先,包含数据科学、计算机、工程、金融工程等",/,,,,
2026/06/03,叠纸游戏,民企,IT/互联网/游戏,UI动效设计;灯光渲染;角色原画;UI设计;交互设计;3D动画;前期设计;关卡策划;系统策划;叙事策划;资源策划;游戏编剧;市场营销;活动运营;版本运营;音乐设计,上海,2026-06-30,2027届,"本科, 硕士, 博士",暑期实习,叠纸游戏招聘,https://mp.weixin.qq.com/s/nWRhao2Bvwpx7bL2y9U0Fw,https://career.papegames.com/campus/position/list?keywords=&category=&location=&project=7646632665151817990&type=&job_hot_flag=&current=1&limit=10&functionCategory=&tag=&sessionid=,/,/,,,,
2026/06/03,苏豪汇升,央国企,金融业,资产配置研究员岗位,"上海, 南京",尽快投递,2027届,"硕士, 博士",暑期实习,苏豪汇升,https://mp.weixin.qq.com/s/OfsqboyCRQShEX5FBjHZ9w,https://mp.weixin.qq.com/s/OfsqboyCRQShEX5FBjHZ9w,"金融工程,数学,数理统计类及相关专业",有笔试,,,,
2026/06/03,途游游戏,民企,IT/互联网/游戏,创意策划训练生（2027届暑期实习 · 转正通道）,"北京, 广州",尽快投递,2027届,"本科, 硕士, 博士","暑期实习, 校园招聘",途游游戏招聘,https://mp.weixin.qq.com/s/tgXfagH-e5OMN0y3QKeHbQ,https://app.mokahr.com/campus-recruitment/tuyoogame/71965?sourceToken=1ab57d132009d150ff3924b66a5af602#/job/fb47f99f-8573-4d82-bf5b-bb205d4b0ac7,/,/,,,,
2026/06/03,兴业银行,央国企,金融业,金融科技实习生;绿色金融实习生;国际业务实习生;职能部门实习生;营业网点实习生,"三明, 上海, 乌鲁木齐, 兰州, 北京, 南京, 南宁, 南昌, 厦门, 合肥, 呼和浩特, 大连, 天津, 宁波, 杭州, 武汉, 深圳, 漳州, 石家庄, 福州, 郑州, 重庆, 长沙",2026-06-25,2027届,"本科, 硕士, 博士",暑期实习,兴业银行招聘,https://mp.weixin.qq.com/s/EXLOLGFHtroJ0Ow3EOLvSQ,https://job.cib.com.cn/portal/#/recruit/814456803227381761?recruitType=TR,/,有笔试,,,,
2026/06/03,创维-工业设计部,民企,耐用消费品,工业设计师实习生,深圳,2026-06-15,2027届,"本科, 硕士, 博士","实习, 暑期实习",创维设计,https://mp.weixin.qq.com/s/t3isP4dFsiQvuM83yALJyQ,https://mp.weixin.qq.com/s/t3isP4dFsiQvuM83yALJyQ,工业设计,/,,,,
2026/06/03,烽火通信,央国企,通信/电子/半导体,技术支持 芯片研发 硬件研发 智能制造 产品测试 软件研发 解决方案等方向；,武汉,尽快投递,2027届,"本科, 硕士, 博士",暑期实习,烽火通信招聘,https://mp.weixin.qq.com/s/chdkea5VFyyp5i1D-Ob0nw,https://v.wjx.cn/vm/OtJsHsZ.aspx,不限,/,,,,
2026/06/03,美赞臣中国,外企,快速消费品,市场部管理培训生;供应链管理培训生,广州,尽快投递,2026届,"本科, 硕士, 博士",春招专场,美赞臣中国招聘,https://mp.weixin.qq.com/s/AQpkQKHSQ_67o3vyeSFIRQ,https://meadjohnson.zhiye.com/campus/jobs,/,有笔试,,,,
2026/06/03,源件星球,民企,汽车制造/维修/零配件,管理培训生项目,"北京, 洛阳, 海外",尽快投递,2026届,"本科, 硕士, 博士",春招专场,源件星球,https://mp.weixin.qq.com/s/eOdWhQyH_HovnFxW9IjGag,https://mp.weixin.qq.com/s/eOdWhQyH_HovnFxW9IjGag,专业不限,有笔试,,,,
2026/06/03,金斯瑞,民企,医疗/医药/生物,细胞研究员 项目管理经理 财务高级专员 工艺设备工程师 订单管理研究员 分析研究员 细胞助理研究员 蛋白 / 抗体助理研究员 实验助理研究员 QC/QA 助理研究员,"南京, 镇江",尽快投递,2026届,"大专, 本科, 硕士, 博士",春招专场,金斯瑞招聘,https://mp.weixin.qq.com/s/j1d_JeNpiKJLYhOWIujYbg,https://app.mokahr.com/campus-recruitment/genscript/101964?locale=zh-CN#/jobs,/,/,,,,
2026/06/03,江铜集团-南方公司,央国企,能源/化工/环保,招聘岗位名称、岗位类别、招聘人数、报考条件、具体任职要求及岗位描述等内容详见《江铜集团南方公司2026年度第三批春季校园招聘岗位明细表》（附件1）。,"深圳, 清远",2026-06-18,2026届,"本科, 硕士, 博士",春招补招,江西国资,https://mp.weixin.qq.com/s/b8G1mgG50Qd-L_QTGs1NZg,https://www.jxcc.com/recruitmentAnnouncement/details_475_6804.html,/,有笔试,,,,
2026/06/03,黑龙江交易集团有限公司,央国企,政府/机构/组织,本次共计招聘14人，包括黑龙江省招标有限公司、黑龙江联合产权交易所有限责任公司、黑龙江农村产权交易中心有限公司、黑龙江阳光采购服务平台有限公司、黑龙江国资国企改革发展研究院有限公司、大庆联合产权交易所有限公司6家单位的9个岗位。,哈尔滨,2026-06-14,2026届,"本科, 硕士, 博士",春招专场,黑龙江交易集团,https://mp.weixin.qq.com/s/CQE7hUqMrpOSaRZ1VRwjQw,https://zp.iguopin.com/detail/companyDetail?companyId=71629531189877135&id=201963608328897111,/,有笔试,,,,
2026/06/02,西安微电子技术研究所,央国企,通信/电子/半导体,科研设计岗：计算机科学与技术、电子科学与技术、集成电路工程、软件工程、信息与通信工程、电气工程、信息系统集成、人工智能、量子计算、控制科学与工程、机械工程、材料科学与工程等专业,西安,尽快投递,2027届,"硕士, 博士",秋招提前批,西安微电子技术研究所,https://cascxianmti.zhiye.com/campus/detail?jobAdId=d0e30d85-c603-465b-ac24-a4bc7db1e800,https://cascxianmti.zhiye.com/campus/detail?jobAdId=d0e30d85-c603-465b-ac24-a4bc7db1e800,计算机科学与技术、电子科学与技术、集成电路工程、软件工程、信息与通信工程、电气工程、信息系统集成、人工智能、量子计算、控制科学与工程、机械工程、材料科学与工程等,/,,,,
2026/06/02,国贸股份,央国企,贸易/批发/零售,海外业务岗 海外风控岗 国内业务岗 贸易运营岗 核算会计岗 行业研究岗；,"上海, 东莞, 厦门, 广州, 成都, 无锡, 杭州, 武汉, 深圳",尽快投递,2027届,"本科, 硕士, 博士",暑期实习,国贸股份招聘,https://mp.weixin.qq.com/s/_9ywiUvS-gCx_wCeKhrD5g,"https://itg.zhiye.com/gmkgsxslb?k=&c=&p=1^14,3^24&d=&PageIndex=1&key=gmgf&job=intern","不同岗位要求不同,以经管类、小语种、物流、财务等对应专业为主",/,,,,
2026/06/02,上海地铁第四运营有限公司,央国企,交通/物流/仓储,多职能队员,上海,尽快投递,2026届,"本科, 硕士, 博士",春招专场,上海地铁招聘,https://mp.weixin.qq.com/s/EcjQ-JL0vXKnk5FHiZQ_Mg,https://www.moseeker.com/positions/index/cid/5361292?candidateSource=1,理工类相关专业,/,,,,
2026/06/02,中国南水北调集团水网水务投资有限公司-部分所属单位,央国企,房地产业/建筑业,京水公司工程造价管理岗 京水公司财务会计岗 京水公司工程技术管理岗 京水公司绿波检测员,北京,2026-06-05,2026届,"本科, 硕士, 博士",春招补招,国聘,https://mp.weixin.qq.com/s/AEgin_E05tItXjw4SE-BhA?scene=1&click_id=15,https://swsw.iguopin.com/job1,/,有笔试,,,,
2026/06/02,深碳科技,民企,能源/化工/环保,材料研发工程师 工业AI工程师 科技项目管理专员 管培生兼总经办助理；,深圳,尽快投递,2026届,"本科, 硕士, 博士",春招专场,深碳科技,https://mp.weixin.qq.com/s/9-CeQzti5RK9KCNnPq-nBw,https://mp.weixin.qq.com/s/9-CeQzti5RK9KCNnPq-nBw,化学工程/环境工程/材料科学/能源与动力工程/计算机/法律/财务/金融等相关专业,/,,,,
2026/06/02,中国航发东安,央国企,机械/制造业,2027实习生：材料类（铸造、焊接、冲压、增材、表面处理、热处理）、航空发动机类、机械类；,哈尔滨,尽快投递,2027届,"本科, 硕士, 博士","实习, 暑期实习",哈工大就业,https://mp.weixin.qq.com/s/lw83VE4mQjx_bs1yUB6XLA,https://xiaoyuan.zhaopin.com/company/KA0629069588D90000008000?refcode=4440,"航空类,航空发动机类,航发类（铸造、焊接、冲压、增材、表面处理、热处理）",/,,,,
2026/06/02,南京银行,其他,金融业,总行信息技术部-信息科技岗 总行数字银行管理部-人工智能岗 总行数字银行管理部-大数据建模岗 南京理财-金融科技岗；,南京,2026-06-14,2027届,"硕士, 博士","暑期实习, 秋招提前批",南京银行微招聘,https://mp.weixin.qq.com/s/zDEnhcyr1tnCReIj_HzrMQ,https://job.njcb.com.cn/#/trainee,"计算机类,电子信息类,人工智能类,数学类,统计学类,物理学类,金融工程类,管理科学与工程类",/,,,,
2026/06/02,新华基金,央国企,金融业,权益研究员;销售经理,"上海, 北京, 深圳, 重庆",2026-07-31,2027届,"硕士, 博士","实习, 暑期实习",中财就业,https://mp.weixin.qq.com/s/R9fzYDE7vXHy1YIYxS_whQ,https://mp.weixin.qq.com/s/R9fzYDE7vXHy1YIYxS_whQ,"权益研究员：理工科、数学、金融工程、电子信息技术、金融经济相关专业,复合背景优先；销售经理：金融、经济、市场营销相关专业",/,,,,
2026/06/02,北京金控集团,央国企,金融业,投资管理和金融科技方向(含金融风险管理） 财务审计方向 法务内控和合规管理方向 党建综合方向；,北京,2026-06-15,2027届,"硕士, 博士",暑期实习,北京金控,https://mp.weixin.qq.com/s/z8FC6ghl80_Pmx1g_72bHg,https://mp.weixin.qq.com/s/z8FC6ghl80_Pmx1g_72bHg,投资管理和金融科技方向：经济、金融等理工科相关专业；财务审计方向：金融、经济等相关专业；法务内控和合规管理方向：法学相关专业；党建综合方向：专业不限,/,,,,
2026/06/02,雅诗兰黛集团,外企,快速消费品,品牌电商部暑期实习生 品牌市场部暑期实习生；,上海,尽快投递,2027届,"本科, 硕士, 博士",暑期实习,雅诗兰黛集团招聘,https://mp.weixin.qq.com/s/x18Vs5zheTpsaJa_5ozi9g,https://campus.51job.com/elccampus/summer.html,/,/,,,,
2026/06/02,大道投资,民企,金融业,量化研究员 机器学习研究员,"上海, 深圳",尽快投递,2027届,"本科, 硕士, 博士",暑期实习,大道投资,https://mp.weixin.qq.com/s/h5KzEEamYtpbzI_Ur61P9g,https://mp.weixin.qq.com/s/h5KzEEamYtpbzI_Ur61P9g,/,/,,,,
2026/06/02,顺纺集团,民企,快速消费品,生产班组管理助理 服装IE工程师助理 质量体系助理 服装跟单助理 外贸业务助理/单证助理；,"佛山, 武汉, 贵阳",尽快投递,2027届,"本科, 硕士, 博士",秋招提前批,顺纺集团,https://mp.weixin.qq.com/s/PBAItWKL4fouCpxOxbcl1A,https://mp.weixin.qq.com/s/PBAItWKL4fouCpxOxbcl1A,"服装工程,服装制造,服装营销,纺织工程,服装设计与工程,国际贸易,商务英语,国际商务",/,,,,
2026/06/02,广东海迪森律师事务所,民企,财务/审计/税务,实习生岗位：法学、法律文秘或相关专业,佛山,尽快投递,2027届,"本科, 硕士, 博士","实习, 暑期实习",广东海迪森律师事务所HDS,https://mp.weixin.qq.com/s/BJ73202agYpvlzwCrMmJ3A,https://mp.weixin.qq.com/s/BJ73202agYpvlzwCrMmJ3A,"法学,法律文秘及相关专业",/,,,,
2026/06/02,华阳新材料科技集团有限公司,央国企,能源/化工/环保,采矿工程技术岗位;测绘工程技术岗位;机电工程技术岗位;安全工程技术岗位;物资材料岗位;土木工程岗位;信息技术岗位;法务岗位;综合岗位;新能源岗位;井下开采技能操作岗位,"大同, 晋中, 阳泉",2026-06-11,"2024, 2025, 2026届","大专, 本科, 硕士, 博士",春招专场,华阳人力,https://mp.weixin.qq.com/s/I2anc9GQ3-uyCxPtV_0TRg?scene=1&click_id=13,https://zhaopin.ymjt.com.cn/#/Home/RecruitResume?_k=ta1ju8,"涵盖采矿、测绘、机电、安全、材料、土木、信息、法学、化学、新能源、自动化等相关专业,各岗位对应专业要求不同",有笔试,,,,
2026/06/02,睿联,民企,通信/电子/半导体,嵌入式软件开发工程师;人工智能算法工程师;跨境电商运营;海外渠道销售;现场支持工程师,深圳,2026-06-18,2026届,"本科, 硕士, 博士",春招补招,睿联招聘,https://mp.weixin.qq.com/s/oK5azepNWrQxpMqmWIyq9Q,https://app.mokahr.com/campus-recruitment/reo/136006#/jobs,/,/,,,,
2026/06/02,环球趣学,民企,教育/培训/科研,小初年龄段英语教师,北京,尽快投递,2026届,"本科, 硕士, 博士",春招补招,环球趣学,https://mp.weixin.qq.com/s/HgYVZUxKdhMy9a317K6kZw,https://mp.weixin.qq.com/s/HgYVZUxKdhMy9a317K6kZw,英语专业,/,,,,
2026/06/02,大北农食品集团,民企,农林牧渔,"兽医师,育种师,农艺师,生产管培生,养户管理员,财务管培生,采购管培生,设备管培生,数据分析管培生,食品销售管培生,职能类管培生（相关专业：预防兽医学相关专业、动物遗传育种相关专业、农业、种业相关专业...","乌兰察布, 哈尔滨, 大庆, 大连, 德州, 朝阳, 松原, 沈阳, 沧州, 滨州, 潍坊, 烟台, 白城, 石家庄, 葫芦岛, 衡水, 通辽, 铁岭, 锦州, 长春, 阜新, 青岛, 齐齐哈尔",尽快投递,2026届,"本科, 硕士, 博士",春招补招,大北农食品集团,https://mp.weixin.qq.com/s/kC2FIHYhKjBzHTHr8p2K0g,https://wecruit.hotjob.cn/SU66ab37a71c240e2e76256280/pb/school.html?sharePostKey=b213a52d114f4e6295535b5105efc512,"预防兽医学相关专业,动物遗传育种相关专业,农业/种业相关专业,动医/动科相关专业,财务/会计相关专业,贸易相关专业,机械/自动化相关专业,数学/统计相关专业,食品相关专业,不限",有笔试,,,,
2026/06/02,中国华电集团有限公司,央国企,能源/化工/环保,按区域公司招聘简章内所要求的岗位和专业为准，常见类别有：电气类、能源动力类、自动化类、电子信息类、机械类、计算机类、财务会计类、矿业类、地质类、安全科学与工程类、审计专业、法学专业,"上海, 北京, 吉林, 呼和浩特, 唐山, 四平, 天津, 松原, 白城, 白山, 秦皇岛, 辽源, 通化, 鄂尔多斯, 长春",2026-06-03,2026届,"大专, 本科, 硕士, 博士",春招补招,国电南自招聘,http://mp.weixin.qq.com/s/qIb8fbj9ae_RG0O1u_a35A,https://rencaishichang.chd.com.cn/w3/#/w3/notice/main_view2?class_item_pk=10000,"专业对口或相近,部分岗位要求电力、煤炭相关专业",有笔试,,,,
2026/06/02,江西长旅酒店管理集团有限公司,央国企,生活服务业,党委组织部（人力资源部）招聘与培训岗;市场运营部信息化建设岗;市场运营部质检和标准化建设岗;业务发展部公司治理与改革管理岗;审计法务部综合审计岗;人力行政部人力资源岗;市场运营部运营专员岗;业务发展部风险管理岗;人力行政部行政文秘岗;财务管理部预算管理岗,南昌,2026-06-03,2026届,"本科, 硕士, 博士",春招专场,江西长旅酒店管理集团有限公司,https://www.jxrczp.com/index.php?m=&c=zknotice&a=detail&id=391,https://zpks.jxhr.com.cn/nindex/?ecode=jxclsz,/,有笔试,,,,
2026/06/02,结行科技,民企,新能源,行业BD管培生（国际贸易、市场营销、金融类、IT技术及相关的理工科）,"深圳, 香港, 海外",尽快投递,2026届,"本科, 硕士, 博士",春招专场,结行科技招聘,http://mp.weixin.qq.com/s/s6hMCxjSFkii3umwckHsEw,https://wecruit.hotjob.cn/SU673d74ea6202cc054740f8ab/pb/school.html,/,/,,,,
2026/06/02,万家寨水务控股集团,央国企,能源/化工/环保,水工设计岗、电气工程及其自动化设计岗、软件设计岗、水文与水资源工程设计岗、给排水(市政方向)岗、BIM设计岗、技术岗、信息化维护岗、教育培训岗、工程经济评价分析岗、水环境监测岗、水工监测岗、水力量测岗...,"大同, 太原, 晋城, 朔州",2026-06-11,"2024, 2025, 2026届","本科, 硕士, 博士",春招专场,万家寨水务控股集团-所属企业,https://gzw.shanxi.gov.cn/xwfb/gqzp/202605/t20260528_10135421.shtml,https://gzw.shanxi.gov.cn/xwfb/gqzp/202605/t20260528_10135421.shtml,/,有笔试,,,,
2026/06/02,厦门太古飞机工程有限公司,民企,机械/制造业,基地维修工程师培训生,厦门,2026-08-31,"2024, 2025, 2026届","本科, 硕士, 博士","春招专场, 社招",厦门太古飞机工程有限公司,https://mp.weixin.qq.com/s/fDDVm0CU8JxFlTNa6qj0ug?scene=1,https://m.zhaopin.com/xiaoyuan/position/detail?redirect=mxiaoyuan&id=CC000059870J40784930211&openmp=0&utmsource=searchlist,"飞行器制造工程、飞行器动力工程、飞行器设计与工程等航空类专业,以及机械、电子、电气等工程技术类相关专业",/,,,,
2026/06/02,晋能控股集团有限公司,央国企,房地产业/建筑业,采矿工程类;矿山机械电气自动化类;地质测量类;通风安全类;土木矿建类;化工类;动力工程类;电力电气自动化类;机械制造类;财务类;信息化类;法学类,"太原, 晋城",2026-06-11,"2024, 2025, 2026届","大专, 本科, 硕士, 博士",春招专场,晋能控股集团有限公司,https://gzw.shanxi.gov.cn/xwfb/gqzp/202605/t20260528_10135459.shtml,https://gzw.shanxi.gov.cn/xwfb/gqzp/202605/t20260528_10135459.shtml,/,有笔试,,,,
2026/06/02,晋华集成电路,央国企,机械/制造业,工艺工程师;研发工程师;设备工程师;版图设计工程师;良率工程师;整合工程师,"上海, 泉州, 福州",尽快投递,"2024, 2025, 2026届","本科, 硕士, 博士",春招补招,晋华集成电路招聘,https://mp.weixin.qq.com/s/-y8bMuUa11dSp2BeSvUwfw?scene=1&click_id=55,https://www.jhicc.com/Recruiting/Campus/Index,"物理,材料,电子,光学,化学,微电子,集成电路,机械,自动化,电气等理工科相关专业",/,,,,
2026/06/02,江苏时代,民企,能源/化工/环保,生产技术员,阳泉,尽快投递,2026届,"大专, 本科, 硕士, 博士",春招专场,CATL江苏时代招聘,https://mp.weixin.qq.com/s/gFIpZia97VfrouyWEX5lLw,https://mp.weixin.qq.com/s/gFIpZia97VfrouyWEX5lLw,/,/,,,,
2026/06/02,一汽进出口,央国企,商务服务业,国际跟单管理师、人力资源运营师P4、质量促进管理师、开发与运维工程师,长春,尽快投递,"2025, 2026届","本科, 硕士, 博士",春招专场,中国一汽招聘,https://mp.weixin.qq.com/s/UKliVXChHGhNsjuQsYfj8w,https://faw-zhaopin.hotjob.cn/mobile/home?sessionid=,"车辆类,机械类,管理类,经济类,语言类,法务类,财务类,计算机类,党群纪检巡察类",/,,,,
2026/06/02,山东省纺科院科技有限公司,央国企,机械/制造业,机械设计岗 电气生产岗 仪器研发岗;,"济南, 青岛",2026-06-10,2026届,"本科, 硕士, 博士",春招专场,山东国资资讯,https://mp.weixin.qq.com/s/-zQbD1QQjbN8yGEfmbG39A,https://mp.weixin.qq.com/s/-zQbD1QQjbN8yGEfmbG39A,/,有笔试,,,,
2026/06/02,安徽中烟工业有限责任公司-博士后科研工作站,央国企,快速消费品,新型口腔产品溶出-吸收博士后;生物产香博士后;基于气溶胶递送的味香协同机制研究博士后;天然产物分离与鉴定博士后,合肥,2026-06-30,2026届,博士,春招专场,安徽中烟工业有限责任公司-博士后科研工作站,http://www.tobacco.gov.cn/gjyc/zpxx/202605/6ae3fc189c5a4f4f8d489b6715016d45.shtml,http://www.tobacco.gov.cn/gjyc/zpxx/202605/6ae3fc189c5a4f4f8d489b6715016d45.shtml,药学、生物医学工程、材料科学与工程、生物学、口腔医学、轻工技术与工程（发酵工程）、生物工程、微生物学、食品科学与工程、化学、大气科学、核科学与技术、环境科学与工程、智能科学与技术、化学工程与技术等相关专业,/,,,,
2026/06/02,神农科技集团有限公司,央国企,农林牧渔,职能管培生、审计岗、种植技术岗、会计岗、人力资源岗、产品销售岗、兽医岗、奶牛生产性能测定岗、接待服务岗、出纳岗、科研岗、财务岗、产品开发岗、技术开发岗、专业技术岗、网络与信息安全岗,"太原, 晋城, 阳泉",2026-06-12,"2024, 2025, 2026届","本科, 硕士, 博士",春招专场,神农科技集团有限公司,https://gzw.shanxi.gov.cn/xwfb/gqzp/202605/t20260528_10135442.shtml,https://gzw.shanxi.gov.cn/xwfb/gqzp/202605/t20260528_10135442.shtml,/,有笔试,,,,
2026/06/02,华阳新材料科技集团有限公司,央国企,房地产业/建筑业,井下煤炭开采技术岗、煤炭洗选技术岗、机电工程技术岗、地测工程技术岗、安全工程技术岗、新能源新材料生产技术岗、新能源新材料通用技术岗、土木工程技术岗、信息技术岗、财务岗、法务岗、综合岗、碳材通用技能操作...,"大同, 太原, 阳泉",尽快投递,"2024, 2025, 2026届","本科, 硕士, 博士",春招专场,华阳新材料科技集团有限公司,https://gzw.shanxi.gov.cn/xwfb/gqzp/202605/t20260528_10135374.shtml,https://zhaopin.ymjt.com.cn/#/?_k=i0n1je,/,有笔试,,,,
2026/06/02,启明信息,央国企,IT/互联网/游戏,前后端开发工程师、平台工程师、安全技术工程师、数据科学工程师,"大连, 天津, 成都, 长春",尽快投递,2026届,"本科, 硕士, 博士",春招专场,中国一汽招聘,https://mp.weixin.qq.com/s/SHj3R4KxdXKJVNxkxY8jpA,https://faw-zhaopin.hotjob.cn/,"计算机类,软件类,电子信息类,自动化类,通信工程类,数学类",/,,,,
2026/06/01,中国邮政储蓄银行广东省分行,央国企,金融业,金融实习生岗位,"东莞, 云浮, 佛山, 广州, 惠州, 梅州, 珠海, 肇庆, 韶关",尽快投递,2027届,"本科, 硕士, 博士","实习, 暑期实习",邮储银行广东分行,https://mp.weixin.qq.com/s/-bai2SSmmN8pMoVDwBlXYg,https://psbcgdsx.zhaopin.com/post/index.html,"金融,经济,信息技术,数理统计,财务会计,管理,法律等相关专业",有笔试,,,,
2026/06/01,中国邮政储蓄银行广东省分行,央国企,金融业,部门总经理;部门副总经理;一级支行副行长;私人银行投资顾问;财富顾问;产品经理;客户经理,"内其他地, 广州",尽快投递,不限届,"本科, 硕士, 博士",社招,邮储银行广东分行,https://mp.weixin.qq.com/s/siCCsrHlP9Uvw8_yTCaRSw,https://gdyc2026.zhaopin.com/zk/#/?type=clear,/,有笔试,,,,
2026/06/01,交通银行-四川省分行,央国企,金融业,成都地区分支行客户经理岗,成都,2026-06-14,2027届,"本科, 硕士, 博士",暑期实习,交通银行四川省分行,https://mp.weixin.qq.com/s/t-5_-aEQWD8UoNlSZojv3A,https://mp.weixin.qq.com/s/t-5_-aEQWD8UoNlSZojv3A,专业不限,/,,,,
2026/06/01,新城控股,民企,政府/机构/组织,招商管理 营运管理 企划管理 人力资源管理 财务管理 法务管理；,全国多地,尽快投递,2027届,"本科, 硕士, 博士","实习, 暑期实习",吾悦广场在浙北,https://mp.weixin.qq.com/s/VcmSIVVTL4sx4BfAqhWk6g?click_id=16,https://mp.weixin.qq.com/s/VcmSIVVTL4sx4BfAqhWk6g?click_id=16,/,/,,,,
2026/06/01,中信设计-中信建筑设计研究总院,央国企,房地产业/建筑业,建筑/结构/风景园林/室内/幕墙设计；工程造价/工程咨询；档案管理；,武汉,2026-06-30,2027届,"本科, 硕士, 博士",暑期实习,中信建筑设计研究总院,https://mp.weixin.qq.com/s/UEctbEhiYqioKFdvty6rog?click_id=15,https://citicdesign.zhiye.com/intern/jobs,/,/,,,,
2026/06/01,华兴广东,民企,财务/审计/税务,审计助理实习生 函证中心实习生,全国多地,尽快投递,2027届,"本科, 硕士, 博士",暑期实习,华兴广东招聘,https://mp.weixin.qq.com/s/w14fyABARi-NeGQawHurlw?click_id=20,https://mp.weixin.qq.com/s/w14fyABARi-NeGQawHurlw?click_id=20,/,/,,,,
2026/06/01,天岳先进-SICC,民企,通信/电子/半导体,质量岗;工艺岗;设备自动化岗;厂务岗;HR岗;IT技术岗;供应链岗;财务岗;销售与市场营销岗,"上海, 济南",尽快投递,2027届,"本科, 硕士, 博士",暑期实习,天岳先进招聘,https://mp.weixin.qq.com/s/jkYwoFvaSrKdxsjTKmgnkw,https://mp.weixin.qq.com/s/jkYwoFvaSrKdxsjTKmgnkw,质量岗/工艺岗：化学、材料、物理；设备自动化岗：机械、电气、自动化；厂务岗：电气、电力、环保、能源；HR岗：人力资源、行政管理、心理学；IT技术岗：计算机、软件工程；供应链岗：物流管理、供应链管理、工业工程；财务岗：会计、金融、审计、财务管理；销售与市场营销岗：工商管理、市场营销、国际商务、商务英语、材料类,有笔试,,,,
2026/06/01,瑞丰银行,其他,金融业,总行实习生 金融科技实习生 绍兴地区支行实习生 ，义务支行实习生,"乌海, 沧州, 绍兴",2026-06-15,2027届,"本科, 硕士, 博士",暑期实习,瑞丰银行,https://mp.weixin.qq.com/s/fBslusRMS0OjL9v484_FVg,https://zp.borf.cn/recruit/job/list?recruitType=trainee,"部分岗位专业不限,部分岗位要求金融、财务、计算机、经济、法律等相关专业",/,,,,
2026/06/01,中国建设银行,央国企,金融业,总行本部、总行直属机构、下属分支行岗位、子公司岗位‘,全国多地,尽快投递,2027届,"本科, 硕士, 博士","实习, 暑期实习",中国建设银行人才招聘,https://mp.weixin.qq.com/s/bmahEuWPAzL596SScBUVyg,https://job3.ccb.com/cn/job/plan_index.html?planType=SX,"职能部门实习生、营业网点实习生专业不限；金融科技实习生主要面向计算机、人工智能、信息技术、数学、统计相关专业,其他专业能力突出者也可报名",/,,,,
2026/06/01,中原银行,其他,金融业,总行职能类/科技类岗位、分行岗位,"三门峡, 南阳, 周口, 商丘, 平顶山, 开封, 新乡, 洛阳, 漯河, 焦作, 郑州, 驻马店",2026-06-15,2027届,"本科, 硕士, 博士",暑期实习,中原银行招聘,https://mp.weixin.qq.com/s/lxajSLOy5m3yFNf6vdv72g,https://zybank.zhiye.com/jobs,/,有笔试,,,,
2026/06/01,天同律师事务所,民企,财务/审计/税务,商事争议解决团队留用实习生,北京,2026-06-12,2027届,"本科, 硕士, 博士","实习, 暑期实习",天同诉讼圈,https://mp.weixin.qq.com/s/ow9SWmjLzmCobVb4iLpxkw,https://mp.weixin.qq.com/s/ow9SWmjLzmCobVb4iLpxkw,法学专业,/,,,,
2026/06/01,神州信息,民企,IT/互联网/游戏,AI Agent研发实习生;JAVA开发工程师;大数据开发工程师;前端开发工程师;ETL开发工程师;金融业务分析师;数据产品助理;人资管培生;财务管培生;销售管培生,"上海, 北京, 广州, 深圳, 西安",2026-08-31,2027届,"本科, 硕士, 博士","实习, 暑期实习",神州信息招聘,https://mp.weixin.qq.com/s/vM1hXWsikpJyXGEhfwatXg,https://dcits.zhiye.com/intern/jobs,专业不限,有笔试,,,,
2026/06/01,东风汽车集团有限公司-研发总院,央国企,汽车制造/维修/零配件,前瞻技术创新方向;整车性能开发方向;智能驾驶与数字座舱方向;车身与内外饰开发方向;汽车电子与电气架构方向;整车验证与试制方向;新能源与动力方向;整车平台与架构开发方向,武汉,2026-06-15,2027届,"本科, 硕士, 博士",暑期实习,东风汽车研发总院,https://mp.weixin.qq.com/s/TT-Z__SjlNJmxIJFWYcVdA,https://dfmc.hotjob.cn/,"计算机科学与技术,车辆工程,电气工程,软件工程,机械工程,材料化学,人工智能,机械电子工程,材料科学与工程,电子信息工程,热力学,工业设计,自动化,流体力学,测控技术与仪器,物联网工程,能源与动力工程,应用数学",/,,,,
2026/06/01,阿特拉斯科普柯集团中国,外企,机械/制造业,"
亚太区PowerBI报表规范化与整合、数字营销、物流实习生、冷冻式干燥机外部设计、AI原型加速、空压机节能、实验室数字化及可视化平台设计、Open FOAM应用调研、ZH&OIS测试数据分析及测试间看板搭建、采购与计划数字化、数字标准化与可视化、工艺持续改善；","上海, 合肥, 天津, 无锡, 江门",尽快投递,2027届,"本科, 硕士, 博士","实习, 暑期实习",阿特拉斯科普柯集团中国,https://mp.weixin.qq.com/s/-Fcgbi1N8uKpPpv9nAeyIg,https://app.mokahr.com/social-recruitment/atlascopcogroup/150203#/page/%E5%AE%9E%E4%B9%A0%E7%94%9F%E6%8B%9B%E8%81%98,信息管理、商业分析、计算机、物流管理、供应链管理、机械工程、材料学、能源动力、人工智能、自动化、工业工程等相关专业,/,,,,
2026/06/01,双胞胎集团,民企,农林牧渔,养猪职类;营销职类;生产制造职类;饲料研发职类;食品职类;供应职类;职能职类,全国多地,尽快投递,2027届,"本科, 硕士, 博士",秋招提前批,双胞胎集团招聘,https://mp.weixin.qq.com/s/etOfRteDyesDsSNOV8G-lw,https://wecruit.hotjob.cn/SU69f82a62e791100f0af4d1ea/mc/position/campus,/,有笔试,,,,
2026/06/01,米可世界,民企,IT/互联网/游戏,海外运营实习生：理工科、小语种专业优先；,北京,尽快投递,2027届,"本科, 硕士, 博士","实习, 暑期实习",米可世界 MICO WORLD,https://mp.weixin.qq.com/s/IRz5VEwU6isxyXDBippQKA,https://micoworld.jobs.feishu.cn/index/position/7641106184007928105/detail,"理工科,小语种专业优先",/,,,,
2026/06/01,均胜集团,民企,汽车制造/维修/零配件,软件 硬件 测试 机械 职能等岗位，具体见投递方式链接；,"上海, 大连, 宁波",尽快投递,2027届,"本科, 硕士, 博士",暑期实习,均胜招聘,https://mp.weixin.qq.com/s/hi6xg6fTjpl6eRn1X7x4Vg,https://app.mokahr.com/campus-recruitment/joyson/94311?sharePageId=4594512#/jobs?department[0]=2071467&department[1]=2074655&page=1&anchorName=jobsList,/,/,,,,
2026/06/01,赛孚生物,民企,医疗/医药/生物,工艺开发部实习生 方法开发部实习生 质量控制部实习生 质量保障部实习生 原液生产部实习生 制剂生产部实习生；,泰州,尽快投递,2027届,"大专, 本科, 硕士, 博士","实习, 暑期实习",赛孚士生物,https://mp.weixin.qq.com/s/l2Rr9-Q6mMxOfqu6Wi8VXg?scene=1&click_id=10,https://mp.weixin.qq.com/s/l2Rr9-Q6mMxOfqu6Wi8VXg?scene=1&click_id=10,生物医药相关专业,/,,,,
2026/06/01,龙港农商银行,其他,金融业,大堂经理岗,"温州, 连云港",尽快投递,2027届,"大专, 本科, 硕士, 博士",暑期实习,龙港农商银行,https://mp.weixin.qq.com/s/LskRme-6vvAc2oC8fQ6-eQ?scene=1,https://v.wjx.cn/vm/mFUfwuL.aspx,/,/,,,,
2026/06/01,法雷奥,外企,汽车制造/维修/零配件,研发实习生-软件/硬件 采购实习生 研发实习生-机械设计/产品研发 市场实习生,荆州,尽快投递,2027届,"本科, 硕士, 博士","实习, 暑期实习",法雷奥人才苑,https://mp.weixin.qq.com/s/pa4VG7ppeu1T6k2PWzYbOg,https://valeo.gllue.com/portal/campusposition/list?gql=keyword=27&page=1,/,/,,,,
2026/06/01,诺纳生物,民企,医疗/医药/生物,计算抗体设计实习生;AI辅助药物发现实习生;研发数据平台实习生,苏州,尽快投递,2027届,"硕士, 博士","实习, 暑期实习",诺纳生物 Nona Biosciences,https://mp.weixin.qq.com/s/tO9CnqW1_8I9hw0vpga_VQ,https://mp.weixin.qq.com/s/tO9CnqW1_8I9hw0vpga_VQ,计算机、AI、数学、统计、生物信息、计算生物、药学相关专业,/,,,,
2026/06/01,芮来医药,民企,医疗/医药/生物,市场医学部暑期实习生,成都,2026-09-01,2027届,"硕士, 博士",暑期实习,芮来医药,https://mp.weixin.qq.com/s/NVKB8YRilgujFnK6QXdKfg,https://mp.weixin.qq.com/s/NVKB8YRilgujFnK6QXdKfg,医药相关专业,/,,,,
2026/06/01,宁波天使,民企,金融业,投研类实习生;风控类实习生;运营支持类实习生;活动与市场营销类实习生;企业服务类实习生,宁波,尽快投递,2027届,"本科, 硕士, 博士",暑期实习,宁波市天使投资引导基金,https://mp.weixin.qq.com/s/dM6ln6eXSavrBdNZd-FiYA,https://mp.weixin.qq.com/s/dM6ln6eXSavrBdNZd-FiYA,经济、管理、法律、理工科相关专业优先,/,,,,
2026/06/01,英寸文化,民企,文化/传媒/广告/体育,商务制片助理;内容制作;执行经纪;市场运营;商务经纪,南京,尽快投递,2027届,"本科, 硕士, 博士","实习, 暑期实习",INCHFILM 英寸电影,https://mp.weixin.qq.com/s/Wl9g6ogBjz0KiuMKkcorfg,https://mp.weixin.qq.com/s/Wl9g6ogBjz0KiuMKkcorfg,"执行经纪岗位优先新闻、传播、影视、艺术、管理类专业,其余岗位未明确",/,,,,
2026/06/01,中国光大环境,央国企,能源/化工/环保,国际业务投资管理岗;海外预算管理岗;国际业务行业分析岗;预算专业工程师;风险内控岗;薪酬与绩效管理岗;监督检查岗;投资管理岗(战略与风险管理岗);案件审理岗;投资管理岗(境外投资管理岗);安全与环境管理岗(境外业务方向);风险管理岗;内部审计岗;资源循环技术专业工程师;人工智能技术专业工程师;微生物专业研发工程师,"南京, 常州, 深圳",尽快投递,2026届,"本科, 硕士, 博士",春招专场,光大环境,https://mp.weixin.qq.com/s/ZfRhJzj7fL-zbaITMuO75w?scene=1,https://cebenvironment.zhaopin.com,/,有笔试,,,,
2026/06/01,爱立信,外企,通信/电子/半导体,Future Star销售培训生;射频功放开发工程师;射频测试验证工程师;射频嵌入式软件工程师;AI开发工程师（射频测试环境）;供应链控制专员;无线网络工程师;网络优化工程师,"北京, 南京, 广州, 重庆, 全国多地",尽快投递,2026届,"本科, 硕士, 博士",春招补招,爱立信中国招聘,https://mp.weixin.qq.com/s/alKNuJBKbg1SYTeMI0kzHw,https://mp.weixin.qq.com/s/alKNuJBKbg1SYTeMI0kzHw,"Future Star销售培训生需理工科背景,其余岗位未明确",/,,,,
2026/06/01,中迅农科,民企,农林牧渔,人力管培生;财务会计,惠州,尽快投递,2026届,"本科, 硕士, 博士",春招补招,中迅农科招聘,https://mp.weixin.qq.com/s/rd2LKwej086OcQRqUjX71g,https://mp.weixin.qq.com/s/rd2LKwej086OcQRqUjX71g,"人力岗专业不限,财务会计岗要求财务管理、会计学、审计学相关专业",/,,,,
2026/06/01,潞安化工集团有限公司,央国企,能源/化工/环保,本次招聘共计1000人，具体招聘专业、人数、学历及其他相关要求详见附件。,"临汾, 太原, 忻州, 晋中, 运城",2026-07-13,"2024, 2025, 2026届","大专, 本科, 硕士, 博士",秋招专场,山西省人力资源市场,https://mp.weixin.qq.com/s/hZ4gzpu0zKTEnzxhTqbwGg,https://www.mp12345.com/zhaopin/#/pageIndex,/,有笔试,,,,
2026/06/01,九坤投资,民企,金融业,量化策略研究员;数据科学家;Quant Developer;量化实现Developer;量化风险研究员,"上海, 北京",尽快投递,"2026, 2027届","本科, 硕士, 博士","实习, 暑期实习, 春招专场",九坤投资招聘,https://mp.weixin.qq.com/s/TypMpnHMnF99zG0epN8aAg,https://app.mokahr.com/campus-recruitment/ubiquantrecruit/37031?sourceToken=71e5a94e58c8c999c012323f37279c11#/jobs?zhineng=84350,计算机、电子信息、软件工程、数学、物理等相关专业,有笔试,,,,
2026/05/31,宇通-财经,民企,金融业,27届财经暑期实习生计划：财务、会计、金融、税务等相关专业,郑州,尽快投递,2027届,"本科, 硕士, 博士",暑期实习,宇通-财经,https://wecruit.hotjob.cn/SU64a37a4dbef57c3af71c2478/pb/posDetail.html?postId=6a16c2b3e791100f0a0a005a&postType=overseas,https://wecruit.hotjob.cn/SU64a37a4dbef57c3af71c2478/pb/posDetail.html?postId=6a16c2b3e791100f0a0a005a&postType=overseas,财务、会计、金融、税务等相关专业,/,,,,
2026/05/31,歌尔微电子,民企,通信/电子/半导体,芯片设计岗（模拟IC）;芯片设计岗（MEMS）;测试开发岗;硬件研发岗;仿真设计岗（封装）;NPI岗;工艺整合岗;产品研发岗（声学传感器）;产品研发岗（惯性/力/气体等传感器）;软件研发岗（嵌入式）;算法研发岗;器件开发岗（压电）;材料开发岗（压电）;封装设计岗,"上海, 成都, 深圳, 潍坊, 青岛, 香港",尽快投递,2027届,"硕士, 博士",秋招提前批,歌尔微电子招聘,https://mp.weixin.qq.com/s/pvbB1eTCwCJeMMN7eTSoVg,https://wecruit.hotjob.cn/SU65fba2e21c240e0a227cf96f/pb/school.html,/,/,,,,
2026/05/31,中航技进出口有限责任公司,央国企,机械/制造业,军贸业务岗 计划财务岗 综合职能岗；,北京,2026-06-24,2027届,"硕士, 博士",暑期实习,中航技,https://mp.weixin.qq.com/s/Y6L6XVYvVrEayrHq4YCDgA,https://catic.zhiye.com/intern/jobs,军贸业务岗：航空航天类、航空装备类、理工类、俄语、交通运输类、物流管理类、可靠性相关专业；计划财务岗：税务类、会计类、财务管理类；综合职能岗：法学类、政治学类、马克思主义理论类、财务管理类、人力资源管理类,有笔试,,,,
2026/05/31,上证所信息网络有限公司,央国企,IT/互联网/游戏,技术类实习生 产品类实习生 ,上海,尽快投递,2027届,"本科, 硕士, 博士","实习, 暑期实习",上证信息,https://mp.weixin.qq.com/s/nPXh2PvfpytK2XS9X7CRjw,https://campus.51job.com/sseinfo2026s/internPost.html,技术类：计算机等相关专业；产品类：计算机、金融、统计、数据分析、财会、数字媒体、新闻传播等相关专业,有笔试,,,,
2026/05/31,长鑫存储,民企,通信/电子/半导体,"电路设计类（数字电路,模拟电路,IO设计,验证设计等）;研发技术类（器件研发,深度学习,智能研发等）;量产技术类（工艺工程,工艺整合）","上海, 北京, 合肥, 西安",尽快投递,2027届,"本科, 硕士, 博士",秋招提前批,长鑫存储招聘,https://mp.weixin.qq.com/s/qQV6TvPFyDoLZth-Z_rjqw,https://cxmt.zhiye.com/campus/jobs,"电子工程,微电子,集成电路,半导体设计,计算机,物理,电路设计,光学,化学,材料,电子信息",/,,,,
2026/05/31,Qnity启诺迪,民企,通信/电子/半导体,产品开发实习生;卓越运营(OpEx)实习生;数字化工程师实习生;卓越运营培训(Learning)实习生;物流数据分析实习生;客户服务实习生;工艺工程师实习生;质量数据统计分析实习生;研发实习生;生产运营管理实习生;供应链数据分析实习生;ME制程工程师实习生;工程应用实验室实习生;研发实习生;测试和可靠性管理实习生;自动化实习生,"上海, 佛山, 天津, 深圳",2026-06-19,2027届,"本科, 硕士, 博士",暑期实习,Qnity启诺迪,https://mp.weixin.qq.com/s/D7xDi9nnRSXyvtqDojKwYg,https://young.yingjiesheng.com/xyzlogin?ctmid=204c3f54-c20d-4da8-87aa-3ba0e425cceb&ehirejobid=&jumpurl=https://xyz.51job.com/External/Others/Login51.aspx?CtmID=204c3f54-c20d-4da8-87aa-3ba0e425cceb&prd=yddzy&prp=&cd=&cp=&r,/,/,,,,
2026/05/31,上海电气集团,央国企,能源/化工/环保,研发设计、工艺、工程项目等岗位，具体见投递方式链接；,上海,尽快投递,2027届,"本科, 硕士, 博士",暑期实习,上海电气微招聘,https://mp.weixin.qq.com/s/X82sNDalA6Fd8j7upDOoOQ,https://sec.hotjob.cn/,专业不限,/,,,,
2026/05/31,众合科技,民企,机械/制造业,集团储备干部岗;硬件工程师;调试工程师-沈阳;C/C++开发工程师（2026届校招）;信号设计工程师（2026届校招）;信号开发工程师;调试工程师-轨交信号方向,"杭州, 沈阳",尽快投递,2026届,"本科, 硕士, 博士",春招专场,众合科技,https://wecruit.hotjob.cn/SU611374bbbef57c653306500d/pb/school.html,https://wecruit.hotjob.cn/SU611374bbbef57c653306500d/pb/school.html,/,/,,,,
2026/05/31,诚通证券,央国企,金融业,理财经理岗;柜台业务岗,"开封, 全国多地",2026-06-12,2026届,"本科, 硕士, 博士",春招补招,诚通证券,https://mp.weixin.qq.com/s/8m6h1GTrBpWuHLiRnICdRg,"https://ccthr2.zhiye.com/campus/jobs?3=[{""id"":""12"",""label"":""%E8%AF%9A%E9%80%9A%E8%AF%81%E5%88%B8%E8%82%A1%E4%BB%BD%E6%9C%89%E9%99%90%E5%85%AC%E5%8F%B8""}]",/,有笔试,,,,
2026/05/31,江苏铁鑫,民企,机械/制造业,管培生，包含岗位：数媒内容运营;编导策划/文案编辑;视觉设计/品牌设计;大客户经理/渠道公关;新媒体运营(抖音/小红书);视频拍摄/摄影;产品宣讲/主持/记者/兼职演员主播;总经理助理(商业战略方向),无锡,尽快投递,2026届,"本科, 硕士, 博士",春招专场,南林就业创业,https://mp.weixin.qq.com/s/rrs9dxQt3154FPy2b6LwOw,https://doc.weixin.qq.com/forms/AGYA4QdmAF0AbsAIwYmAEwCNFOhq3dZrf?sid=z-Y5cIzaY2Mu6mdEAP1CdgAA#/blankpage?type=blank,"广电/新闻/传播/网媒/数媒/视觉/设计/美术/广告/语言/播音/主持/表演/音乐/舞蹈/艺术/国贸/管理/商学专业优先,能力优秀者专业不限",有笔试,,,,
2026/05/31,顺丰-云南区,民企,交通/物流/仓储,网点管理岗;中转场管理岗;仓储管理岗,昆明,尽快投递,"2026, 2027届","本科, 硕士, 博士","实习, 暑期实习",云南顺丰招聘,https://mp.weixin.qq.com/s/oK82rI5QRA8rKXaQaAuehg,https://campus.sf-express.com/m/?channelSource=1#/nEIndex,/,/,,,,
2026/05/31,浙商银行,其他,金融业,"总行实习生,算法岗,开发岗,运维岗,安全管理岗,数据开发岗","上海, 丽水, 乌鲁木齐, 兰州, 北京, 南京, 南宁, 南昌, 台州, 合肥, 呼和浩特, 嘉兴, 天津, 太原, 宁波, 广州, 成都, 杭州, 武汉, 沈阳, 济南, 深圳, 温州, 湖州, 福州, 绍兴, 舟山, 苏州, 衢州, 西安, 贵阳, 郑州, 重庆, 金华, 长沙, 青岛, 香港",2026-06-07,2027届,"本科, 硕士, 博士",暑期实习,浙商银行,https://mp.weixin.qq.com/s/EaQ0cWlPYG1qHlc95gTtcA,https://zp.czbank.com.cn/zpweb/zpweb.do,/,有笔试,,,,
2026/05/31,博道基金,民企,金融业,债券研究员,上海,尽快投递,2027届,"硕士, 博士","实习, 暑期实习",博道基金,https://mp.weixin.qq.com/s/j_yvzMzG0U7FBnWnDWh2lA,https://mp.weixin.qq.com/s/j_yvzMzG0U7FBnWnDWh2lA,"金融,经济,会计,统计,数学,金融工程",/,,,,
2026/05/31,点点互动,民企,IT/互联网/游戏,"游戏策划,3D动画设计,广告投放,市场营销,广告创意策划,AI算法工程师,AI应用工程师","上海, 北京, 深圳, 福州",2026-06-20,"2027, 2028, 2029届","本科, 硕士, 博士","实习, 暑期实习",点点互动游戏,https://mp.weixin.qq.com/s/rpDXt0p6Nr0kIQschO-Mww,https://ddhd.cn/,/,/,,,,
2026/05/31,海康威视-海康微影,民企,通信/电子/半导体,"超声换能器设计,工艺开发,封装设计,MEMS设计,软件开发工程师(应用/BSP),固件开发工程师,硬件设计,结构设计(桐庐),技术支持工程师(桐庐/杭州/武汉),区域销售(北京),海外技术支持工程师(英语工科),海外营销/技术支持工程师(需求语言:法语,西语,葡语等)","北京, 成都, 杭州, 武汉",尽快投递,2026届,"本科, 硕士, 博士",春招补招,海康威视招聘,https://mp.weixin.qq.com/s/1BwAyA8K_fKie9P45AGdoA,https://campushr.hikvision.com/home,/,有笔试,,,,
2026/05/31,新华基金,民企,金融业,权益研究员;销售经理,"上海, 北京, 深圳, 重庆",2026-07-31,2027届,"硕士, 博士","实习, 暑期实习",清华就业,https://mp.weixin.qq.com/s/MhS5dMC9lDw7-kS-M9yzRA,https://mp.weixin.qq.com/s/MhS5dMC9lDw7-kS-M9yzRA,权益研究员：理工科、数学、金融工程、电子信息技术、金融经济相关专业；销售经理：金融、经济、市场营销相关专业,/,,,,
2026/05/31,矩池云,民企,IT/互联网/游戏,校园大使,全国多地,尽快投递,"2027, 2028, 2029届","本科, 硕士, 博士",秋招提前批,矩池云,https://mp.weixin.qq.com/s/ntJpQyaF6sCjhykYzGUUyA,https://v.wjx.cn/vm/Y160jTE.aspx,/,/,,,,
2026/05/31,阳光保险集团-科技条线,民企,金融业,"AI应用算法,AI应用研发,AI大模型运维,Java开发,大数据开发,前端开发,大数据平台运维,信息安全信息安全","北京, 成都, 深圳",尽快投递,2027届,"本科, 硕士, 博士",暑期实习,阳光保险微招聘,https://mp.weixin.qq.com/s/qtM8dTQrO84itBDGADeJ-w,https://sunzhaopin.sinosig.com/custom/ygbxHr?hideMenu=1,/,有笔试,,,,
2026/05/31,中国黄金集团有限公司-所属企业,央国企,机械/制造业,选矿业务专员，采矿业务专员，职能部门业务专员，证券事务代表，银行渠道销售经理，品牌运营，总账会计，安全环保岗，线下业务结算，网络与信息安全技术员，区域企业副总经理，老挝办事处主任，老挝办事处副主任，老挝办事处地质勘查员，老挝办事处综合管理员，安全副矿长，生产副矿长，机电副矿长，总工程师，安全部副经理，环保部副经理，审计和法律事务副经理，选矿技术员，采矿技术员，地质技术员，爆破技术员，土建技术员，网络信息技术员，环保专员，机电技术员，通风技术员，审计专员，风险合规专员，尾矿库技术员，环保技术员，法务专员，人事专员，办公室副主任，生产技术部主任，采矿工程师，测量技术员，资产财务部主任，企业管理部主任，纪检工作部主任，审计法律合规部专员，安全技术员,"三沙, 北京, 广州, 河池, 石家庄, 贵港, 贺州, 郑州, 阜新, 全国多地",尽快投递,2026届,"本科, 硕士, 博士",春招专场,中国黄金招聘,https://mp.weixin.qq.com/s/3YnDIZ962FSA_LzlTHKvlA,https://hjzp.chinagoldgroup.com/recruit#/index,/,/,,,,
2026/05/31,苏州国有资本投资集团有限公司,央国企,商务服务业,详见苏州国有资本投资集团2026年公开招聘岗位表（第一批）,苏州,2026-12-31,2026届,"本科, 硕士, 博士",春招专场,苏州国有资本投资集团有限公司,https://zjzx.91job.org.cn/index.php?m=home&c=article&a=show&site=1&id=10641,http://szgt.szrc.cn,/,/,,,,
2026/05/31,福州市水务文化旅游有限公司,央国企,文化/传媒/广告/体育,服务中心主任;运营专员（园容方向）;策划专员,福州,2026-06-03,2026届,"本科, 硕士, 博士",春招专场,福州市水务文化旅游有限公司,https://www.fzrsrc.cn/news/18_14183.html,投递邮箱:fzswwl@163.com,/,有笔试,,,,
2026/05/31,芯钛科技,民企,通信/电子/半导体,数字IC设计工程师;数字IC验证工程师;嵌入式软件工程师;ATE芯片测试工程师;模拟电路工程师;模拟版图工程师;产品功能安全工程师,"上海, 长沙",尽快投递,2027届,"本科, 硕士, 博士","实习, 秋招提前批",移知,https://mp.weixin.qq.com/s/vzAQuQfMZfvkDA4xyinyVA,https://www.wjx.top/vm/egdwHrt.aspx,微电子学、集成电路、电子信息、电子科学与技术、计算机科学与技术等专业优先考虑,/,,,,
2026/05/31,希望学,社会组织,教育/培训/科研,直播运营实习生;抖音运营实习生;活动运营实习生;剪辑实习生;编导实习生,北京,尽快投递,"2027, 2028, 2029届","本科, 硕士, 博士","实习, 暑期实习",希望学招聘,https://mp.weixin.qq.com/s/pXbcMvHh7Y7HiUn-fsmbYg,https://app.mokahr.com/campus-recruitment/xiwang/146380?sourceToken=e25c2e3f0f8463fbd9a6af5e5dec27a3#/,/,/,,,,
2026/05/31,广东省环境权益交易所有限公司,央国企,能源/化工/环保,创新业务部业务管理岗,广州,2026-06-14,2026届,"硕士, 博士",春招专场,广东省环境权益交易所有限公司,https://www.gdhjs.com/view/368.html,投递邮箱：huanjiaosuo@163.com,应用经济学、金融、法学、大气科学、海洋科学、林业工程、环境科学与工程、资源与环境、电子信息,有笔试,,,,
2026/05/31,深空矩阵,民企,机械/制造业,卫星总体设计工程师(实习/校招);星载计算与电子系统工程师(实习/校招);星载电气与电缆网工程师(实习/校招);卫星综合测试工程师(实习/校招);星上接口与通信协议工程师(实习/校招);卫星结构与推进系统工程师(实习/校招);空间载荷应用与先进技术工程师(实习/校招),北京,尽快投递,"2026, 2027, 2028届","本科, 硕士, 博士","实习, 暑期实习, 春招专场",深空矩阵,https://mp.weixin.qq.com/s/CUKFhr7j_x6n-MNtPP3rjA,https://mp.weixin.qq.com/s/CUKFhr7j_x6n-MNtPP3rjA,"飞行器设计,航空宇航科学,电子信息,通信工程,电气工程,计算机,机械工程等相关专业",/,,,,
2026/05/31,拼多多集团-PDD,民企,IT/互联网/游戏,审核专员,"保定, 雄安新区",2026-07-31,2026届,"大专, 本科, 硕士, 博士",春招补招,拼多多集团-PDD招聘,https://mp.weixin.qq.com/s/9eqc9lI5tZVRP1JjgSbZkg,https://careers.pddglobalhr.com/campus/grad/detail?positionId=56620194-eb7f-46c0-9b21-d6c85d130318,不限专业,有笔试,,,,
2026/05/31,福建鑫叶投资管理集团有限公司,央国企,商务服务业,机电维修储备岗;采购管理储备岗;综合审计储备岗;财务管理储备岗;人力资源储备岗;安全管理储备岗;法务管理储备岗;劳资管理储备岗;行政管理储备岗;行政文员;综合管理员;人事管理员,"厦门, 泉州, 龙岩",2026-06-06,2026届,"大专, 本科, 硕士, 博士",春招补招,福建鑫叶投资管理集团有限公司,https://www.fjtic.com.cn/tzgg/rczp/qyzp/202605/t20260522_33909.htm?sessionid=,https://xinye.iguopin.com/,"各岗位对应不同专业要求,详见岗位表,包含机械工程、电气工程、会计学、法学、人力资源管理等相关专业",有笔试,,,,
2026/05/31,同花顺,民企,IT/互联网/游戏,销售管培生;社群网销;客服专员;理财助理,杭州,尽快投递,"2026, 2027届","大专, 本科, 硕士, 博士",春招补招,同花顺数据科技,https://mp.weixin.qq.com/s/DLq3ZoZmMpTZmKAsVG0zMg,https://mp.weixin.qq.com/s/DLq3ZoZmMpTZmKAsVG0zMg,/,/,,,,
2026/05/31,天士力,民企,医疗/医药/生物,管理培训生,天津,尽快投递,2026届,"本科, 硕士, 博士",春招补招,华润三九招聘,https://mp.weixin.qq.com/s/nTRlOqxXDRpURJg7rvquYQ,https://tasly.zhaopin.com,药学、制药工程、生物、医学、临床、中药学相关专业优先,/,,,,
2026/05/31,FILA,民企,贸易/批发/零售,零售实践岗,"上海, 佛山, 北京, 南京, 南昌, 厦门, 合肥, 哈尔滨, 大连, 太原, 宁波, 广州, 徐州, 成都, 抚州, 无锡, 昆明, 杭州, 武汉, 沈阳, 泉州, 济南, 深圳, 温州, 石家庄, 苏州, 贵阳, 郑州, 重庆, 长春, 长沙, 青岛",2026-06-26,2027届,"本科, 硕士, 博士","实习, 暑期实习",重理工就业,https://mp.weixin.qq.com/s/fGZN4nqqYBkvwNmydXt22A,https://app.mokahr.com/social-recruitment/antahr/140444#/job/3678805e-2d35-445e-bc12-488a32e42876?from=qrcode,/,/,,,,
2026/05/31,浙江省富浙融资租赁有限公司,央国企,金融业,项目审查;项目经理;纪检岗,杭州,尽快投递,2026届,"硕士, 博士",春招专场,浙江省富浙融资租赁有限公司,https://mp.weixin.qq.com/s/lWscmNjbRCIpghaeoIDUpA,投递邮箱:hr@zjfzzl.com,项目审查：金融、财务、审计、统计相关专业；项目经理：金融、经济、财务、投资、市场营销、管理相关专业；纪检岗：法学、审计、财务、金融、政治相关专业,有笔试,,,,
2026/05/31,爱林州网,民企,IT/互联网/游戏,视频拍剪类实习生;创意策划类实习生,"沧州, 郑州",尽快投递,"2026, 2027, 2028, 2029届","本科, 硕士, 博士","实习, 暑期实习",爱林州网,https://mp.weixin.qq.com/s/qCbRwOisoYA3Xd7VvU_ayQ,https://mp.weixin.qq.com/s/qCbRwOisoYA3Xd7VvU_ayQ,视频拍剪类实习生要求广播电视、影视、新媒体相关专业；创意策划类实习生专业不限,/,,,,
2026/05/31,海南省财金集团有限公司,央国企,金融业,集团副总经理(分管金融科技);金融股权投资岗;金融市场投资岗;投资交易岗;部门副职;法律合规岗(并购方向);投委会秘书;管理培训生,海口,2026-06-21,2026届,"本科, 硕士, 博士",春招专场,海南财金集团,https://mp.weixin.qq.com/s/wIWaeGEfNDiGTYyollplfw,https://app.mokahr.com/campus-recruitment/hncjjt/150651?locale=zh-CN#/,/,有笔试,,,,
2026/05/31,全球创业周校园中心-GCC,社会组织,政府/机构/组织,暑期实习生,上海,2026-06-30,"2027, 2028届","本科, 硕士, 博士",暑期实习,全球创业周校园中心GCC,https://mp.weixin.qq.com/s/JCWs-QFq46pQyhk5AfssTQ,https://mp.weixin.qq.com/s/JCWs-QFq46pQyhk5AfssTQ,专业不限,/,,,,
2026/05/31,宁波银行-衢州分行,民企,金融业,暑期实习生,衢州,2026-06-15,2027届,"本科, 硕士, 博士",暑期实习,在衢州遇见宁波银行,https://mp.weixin.qq.com/s/WkR6pSi1r_uPGib9YH0kSg,https://zhaopin.nbcb.com.cn/#/dashboard,专业不限,/,,,,
2026/05/31,山东港华燃气集团有限公司,民企,能源/化工/环保,燃气业务类相关岗位,"德州, 济南, 聊城",2026-06-01,2026届,"本科, 硕士, 博士",春招专场,山东港华燃气集团有限公司,https://jngzw.jinan.gov.cn/col/col23870/art/2026/art_8de78552048f427db3183b37b140ea17.html,https://jngzw.jinan.gov.cn/col/col23870/art/2026/art_8de78552048f427db3183b37b140ea17.html,油气储运工程；能源与动力工程；石油与天然气工程；供热、供燃气、通风及空调工程；环境工程；建筑环境与能源应用工程；电气工程及其自动化；机械设计制造及其自动化；安全科学与工程；工程管理,/,,,,
2026/05/31,宁波银行-南京分行,其他,金融业,公司银行线实习岗位;个人银行线实习岗位;运营管理线实习岗位,南京,尽快投递,2027届,"本科, 硕士, 博士","实习, 暑期实习",在南京遇见宁波银行,https://mp.weixin.qq.com/s/hM__mQzL3r4yJWSqHs-z5A,https://zhaopin.nbcb.com.cn/#/dashboard,专业不限,/,,,,
2026/05/31,宁波城建投资集团有限公司,央国企,房地产业/建筑业,运营管理人员（企划文案）;运营管理人员（企划设计）;一线技术服务;安全管理;工程管理;工程管理;招商专员;巡检,宁波,2026-06-12,"2024, 2025, 2026届","大专, 本科, 硕士, 博士",春招专场,宁波城建投资集团有限公司,https://gzw.ningbo.gov.cn/col/col1229116730/art/2026/art_f9e5d1fd4bbe4d059f0a7eb218950edf.html,https://gzw.ningbo.gov.cn/col/col1229116730/art/2026/art_f9e5d1fd4bbe4d059f0a7eb218950edf.html,新闻传播学类、中国语言文学类;设计学类;机械类、土木类、仪器类、能源动力类、电气类、自动化类、安全科学与工程类;能源动力类、土木类、安全科学与工程类、管理科学与工程类、矿业类、电子信息类、公共管理类;能源动力类、土木类、安全科学与工程类、管理科学与工程类、矿业类;土木类、能源动力类、安全科学与工程类、管理科学与工程类;经济学、金融学、法学、管理学、文学、计算机类;电气工程及其自动化、自动化类、能源与动力工程,有笔试,,,,
2026/05/31,人民网-经济民生采访部,央国企,文化/传媒/广告/体育,经济民生采访部实习生,北京,尽快投递,"2027, 2028, 2029届","本科, 硕士, 博士","实习, 暑期实习",人民网人力资源部,https://mp.weixin.qq.com/s/huxcib4TeQeWaSCcKMqK3A,https://mp.weixin.qq.com/s/huxcib4TeQeWaSCcKMqK3A,新闻、传播、医药学等相关专业,/,,,,
2026/05/31,山西建设投资集团有限公司,央国企,房地产业/建筑业,各类岗位（详见招聘附件）,"临汾, 吕梁, 大同, 太原, 忻州, 晋中, 晋城, 朔州, 运城, 长治, 阳泉",2026-06-12,"2025, 2026届","本科, 硕士, 博士",春招专场,山西建设投资集团有限公司,https://www.shanxi.gov.cn/zfxxgk/tzgg/202605/t20260528_10135777.shtml,https://c.exam-sp.com/TYRC-2026,/,有笔试,,,,
2026/05/31,山西国际能源集团有限公司,央国企,能源/化工/环保,各类岗位（详见招聘附件）,"临汾, 吕梁, 大同, 太原, 忻州, 晋中, 晋城, 朔州, 运城, 长治, 阳泉",2026-06-12,"2024, 2025, 2026届","本科, 硕士, 博士",春招专场,山西国际能源集团有限公司,https://www.shanxi.gov.cn/zfxxgk/tzgg/202605/t20260528_10135775.shtml,https://f.wps.cn/g/oiWeK3T0/,/,有笔试,,,,
2026/05/31,山西航空产业集团有限公司,央国企,交通/物流/仓储,各类岗位（详见附件2026校园招聘岗位及条件表）,"临汾, 吕梁, 大同, 太原, 忻州, 晋中, 晋城, 朔州, 运城, 长治, 阳泉",2026-06-12,"2025, 2026届","本科, 硕士, 博士",春招专场,山西航空产业集团有限公司,https://www.shanxi.gov.cn/zfxxgk/tzgg/202605/t20260528_10135768.shtml,http://59.49.35.2:9015/recruit,/,有笔试,,,,
2026/05/31,文卓教育,民企,教育/培训/科研,带班助教;校区管理实习生;职能部门实习生,西安,尽快投递,"2027, 2028, 2029届","本科, 硕士, 博士",暑期实习,西安文卓教育科技有限公司,https://mp.weixin.qq.com/s/cC4n_6mnkNBH8T5GcLxnNQ,https://mp.weixin.qq.com/s/cC4n_6mnkNBH8T5GcLxnNQ,/,/,,,,
2026/05/31,墨子沙龙,其他,教育/培训/科研,"科普活动运营实习生(线下实习),科学摄影师(实习/兼职),科学科普编辑(实习/兼职)",上海,尽快投递,"2027, 2028, 2029届","本科, 硕士, 博士","实习, 暑期实习",墨子沙龙,https://mp.weixin.qq.com/s/DClTx7qbq3I9Z6QGiPENJA,https://mp.weixin.qq.com/s/DClTx7qbq3I9Z6QGiPENJA,/,/,,,,
2026/05/31,雅迪,民企,汽车制造/维修/零配件,零售经理(上海);工业设计师(无锡);销售计划专员(无锡);产品企划经理(无锡);海外财经BP(泰国);海外营销经理(墨西哥);渠道专员(墨西哥);零售管理专员(墨西哥);初级采购商务专员(无锡);后端开发工程师(无锡);工艺工程师(无锡);质量工程师(无锡);产品检测工程师(无锡),"上海, 无锡",尽快投递,2026届,"本科, 硕士, 博士",春招补招,雅迪招聘,https://mp.weixin.qq.com/s/1X2qNmqco_yJbZdKYXOlRw,https://mp.weixin.qq.com/s/1X2qNmqco_yJbZdKYXOlRw,/,/,,,,
2026/05/31,南水北调水网智慧科技（重庆）股份有限公司,央国企,IT/互联网/游戏,技术研发部;财务部;综合部,重庆,2026-06-05,"2026, 2027, 2028, 2029届","本科, 硕士, 博士","实习, 暑期实习",博通智科,https://mp.weixin.qq.com/s/I8PjuSSa1giHRKBiJoP76A,https://mp.weixin.qq.com/s/I8PjuSSa1giHRKBiJoP76A,技术研发部：计算机科学与技术、软件工程、人工智能等相关专业；财务部：会计、财务管理等相关专业；综合部：行政管理、人力资源管理、工商管理、中文等相关专业,/,,,,
2026/05/31,山西大地环境投资控股有限公司,央国企,能源/化工/环保,各类岗位（详见附件岗位汇总表）,"临汾, 吕梁, 大同, 太原, 忻州, 晋中, 晋城, 朔州, 运城, 长治, 阳泉",2026-06-11,2026届,"本科, 硕士, 博士",春招专场,山西大地环境投资控股有限公司,https://www.shanxi.gov.cn/zfxxgk/tzgg/202605/t20260528_10135779.shtml,https://ddkg1.zhiye.com/,/,有笔试,,,,
2026/05/31,苏州新东方学校,民企,教育/培训/科研,实习班主任;教管实习生;兼职文旅生活导师;兼职文旅摄影师,苏州,尽快投递,"2027, 2028, 2029届","本科, 硕士, 博士","实习, 暑期实习",苏州新东方招聘,https://mp.weixin.qq.com/s/3Ols4UIOuk7PEGzERC5F7w,https://mp.weixin.qq.com/s/3Ols4UIOuk7PEGzERC5F7w,/,/,,,,
2026/05/31,网易互娱-蛋仔派对,民企,IT/互联网/游戏,AI动画生成算法实习生;多模态检索算法实习生;AI游戏策略算法实习生;AI图形渲染算法实习生;AI内容生产效能实习生,杭州,尽快投递,"2027, 2028, 2029届","本科, 硕士, 博士","实习, 暑期实习",网易游戏互娱招聘,https://mp.weixin.qq.com/s/pHaOtTmJAzNrK10cBTgHoA,https://game.campus.163.com/position/35,/,/,,,,
2026/05/31,安富利,外企,通信/电子/半导体,"Intern-Sales,Intern-SupplierManagement,Intern-FieldApplicationEngineer,Intern-DesignEngineer,Intern-IT,Intern-CustomerService/PricingProgramExecutive/InsideSales","上海, 北京, 南京, 深圳, 苏州",尽快投递,"2027, 2028, 2029届","本科, 硕士, 博士","实习, 暑期实习",华理就业领航号,https://mp.weixin.qq.com/s/tBm5491f2ip9MG6k47VIMg,https://v.wjx.cn/vm/rXXVUrZ.aspx,/,/,,,,
2026/05/31,云浮市恒泰丰实业有限公司,民企,机械/制造业,作业岗;造价岗;会计岗;设计岗,云浮,2026-06-27,2026届,"本科, 硕士, 博士",春招专场,云浮市恒泰丰实业有限公司,https://mp.weixin.qq.com/s/GOQK4WZGSwyb3IBrYT9r4A,https://yhhtfxz.zhaopin.com/zk/#/notice_new?prantMenuid=cee30a73fd994864985b30394747f1cd,作业岗：电气类；造价岗：工程管理类；会计岗：经济财会类；设计岗：电气类,有笔试,,,,
2026/05/31,微众银行,民企,金融业,"Web前端开发,后台开发,数据开发,风险策略分析,风险模型,风险系统规划,数据仓库,数据分析,产品运营,互联网产品,金融产品管理,营销系统规划",深圳,尽快投递,2027届,"本科, 硕士, 博士","实习, 暑期实习",南科大就业,https://mp.weixin.qq.com/s/B-T-4NaPiSySEOrIoG9cmQ,https://v.wjx.cn/vm/wdFw2J1.aspx,/,有笔试,,,,
2026/05/31,中邮保险,央国企,金融业,"科技创新类,经营企划类,产品精算类,运营管理类,财会审计类,党建纪检类,投资管理类,风控合规类,职能管理类",北京,2026-06-30,2027届,"本科, 硕士, 博士",暑期实习,南华大学就业指导中心,https://mp.weixin.qq.com/s/Q5R1smxv50XsnzzZakQ69w,https://zybxsxs2026.zhaopin.com/job/index.html,"经济学,管理学,工学,法学,文学,理学,医学等相关专业,具体要求见岗位页面",/,,,,
2026/05/31,人民网-社交媒体部,央国企,文化/传媒/广告/体育,社交媒体部新媒体运营实习生,北京,尽快投递,2027届,"本科, 硕士, 博士","实习, 暑期实习",人民网人力资源部,https://mp.weixin.qq.com/s/kKI06_PwwHhXOqiNQtcIjg,https://mp.weixin.qq.com/s/kKI06_PwwHhXOqiNQtcIjg,/,/,,,,
2026/05/31,国泰君安期货,央国企,金融业,"大宗商品研究员,金工策略研究员,大宗商品业务管培生,交易员,机构销售管培生,运营管培生,量化策略研究员,量化开发工程师,机器学习算法工程师,量化交易员","上海, 北京, 宁波, 广州, 杭州, 深圳",尽快投递,2027届,"本科, 硕士, 博士",暑期实习,国泰君安期货HR,https://mp.weixin.qq.com/s/BsdULmOvjT5-C9j9XehWTw,https://app.mokahr.com/campus-recruitment/gtjaqh/136276?locale=zh-CN#/,/,/,,,,
2026/05/31,芯恩,央国企,通信/电子/半导体,校园大使,"青岛, 全国多地",2026-06-08,"2027, 2028届","本科, 硕士, 博士",秋招提前批,芯恩招聘,https://mp.weixin.qq.com/s/EbgOVzi9Q1C6LrGPGnquDg,https://wecruit.hotjob.cn/SU62b31a44bef57c0f6faa4c71/mc/detail?postId=154501&recruitType=intern,理工类专业优先,/,,,,
2026/05/31,Miradoc,民企,商务服务业,校园大使,全国多地,尽快投递,"2027, 2028, 2029届","大专, 本科, 硕士, 博士","实习, 暑期实习",Miradoc,https://mp.weixin.qq.com/s/tAEFdm6RxNeqpmUVOhiK1A,https://mp.weixin.qq.com/s/tAEFdm6RxNeqpmUVOhiK1A,不限,/,,,,
2026/05/31,安赛乐米塔尔津西新材料(常州)-安东新迈,合资,机械/制造业,生产作业员,常州,尽快投递,2026届,"大专, 本科, 硕士, 博士","暑期实习, 春招专场",AMORNEX安东新迈,https://mp.weixin.qq.com/s/AAFcjd6VAso8Q2-i7Mli1Q,https://mp.weixin.qq.com/s/AAFcjd6VAso8Q2-i7Mli1Q,理工科类专业优先,有笔试,,,,
2026/05/31,徐福记,民企,快速消费品,校园大使,全国多地,尽快投递,"2027, 2028, 2029届","本科, 硕士, 博士",秋招提前批,徐福记招聘,https://mp.weixin.qq.com/s/Lgo5JYi4r4EUUoJpfk9PwQ,https://app.mokahr.com/campus-recruitment/hfc-foods/102201#/job/37f06857-238c-4792-b984-ea18c6192e32?from=qrcode&isRecommendation=undefined,/,/,,,,
2026/05/31,戴永红,民企,生活服务业,商品储备;开发储备,株洲,尽快投递,2026届,"大专, 本科, 硕士, 博士",春招补招,戴永红HR,https://mp.weixin.qq.com/s/CjAivPBWqJ0SCNk2uiEAQw,https://app.mokahr.com/campus-recruitment/daiyonghong/145017?locale=zh-CN#/jobs,食品科学、供应链管理、市场营销、连锁经营管理相关专业优先,/,,,,
2026/05/31,中国华电,央国企,能源/化工/环保,集团下属各单位岗位，具体见官方公告及投递方式链接！,全国多地,2026-06-03,2026届,"大专, 本科, 硕士, 博士",春招补招,中国华电,https://mp.weixin.qq.com/s/vgGvvM31I4TjHE5MgCvpCw,https://rencaishichang.chd.com.cn/w3/#/w3/notice/main_view2?class_item_pk=10000,"电力、煤炭等相关专业,要求专业对口或相近",有笔试,,,,
2026/05/29,广发期货,其他,金融业,业务开发岗 期货研究岗 “星原计划” 量化研究岗 前端开发岗 JAVA开发岗 期货做市交易员 高频策略开发岗 场外衍生品产品交易岗 场外业务岗,广州,尽快投递,2027届,"本科, 硕士, 博士",秋招提前批,广发期货,https://mp.weixin.qq.com/s/TaDPLb9U7Ix1s-PxBAN1Mw,https://wecruit.hotjob.cn/SU6513bedd1eb8054296dc453c/pb/school.html,/,/,,,,
2026/05/29,路博润,外企,能源/化工/环保,供应链实习生-需求计划方向;供应链实习生-客户服务方向;供应链实习生-客户服务和计划方向;财务实习生;IT实习生;产品法规实习生;危险化学品信息沟通实习生;生产实习生;质量实习生;人力资源实习生;生产实习生;技术部实习生;质量控制实习生;维修实习生;供应链实习生;行政实习生,"上海, 珠海",尽快投递,2027届,"本科, 硕士, 博士","实习, 暑期实习",路博润亚太,https://mp.weixin.qq.com/s/IRKY4xWcTcd5HzaFVcgBew?scene=1,https://mp.weixin.qq.com/s/IRKY4xWcTcd5HzaFVcgBew?scene=1,/,/,,,,
2026/05/29,网易游戏雷火,民企,IT/互联网/游戏,游戏客户端开发工程师;游戏服务端开发工程师;游戏引擎/渲染开发工程师;游戏综合测试工程师;游戏测试开发工程师,杭州,尽快投递,2027届,"本科, 硕士, 博士",暑期实习,网易游戏雷火伏羲招聘,https://mp.weixin.qq.com/s/-kPfgqucTxsm5Q4loXO9iQ,https://leihuo.163.com/campus/?sessionid=#/intern,"计算机,软件,数学,物理等相关专业",/,,,,
2026/05/29,中控信息,民企,IT/互联网/游戏,AI算法实习生（多模态/知识图谱方向）;AI产品实习生;机器人算法实习生（导航/感知/机械臂/VLM方向）;机器人结构实习生;机器人硬件实习生;机器人语音算法实习生;机器人测试实习生;水厂工艺算法实习生;项目管理实习生;技术实习生;综合管理实习生,杭州,尽快投递,2027届,"本科, 硕士, 博士","实习, 暑期实习",中控信息er,https://mp.weixin.qq.com/s/FjLR17PEb2F54U1gF_Rz6Q,https://app.mokahr.com/campus-recruitment/zkxx/72098?sessionid=#/,"不同岗位对应相关专业,涵盖计算机、人工智能、自动化、机器人、机械、电子、环境工程、给排水、工商管理、工科类等专业",/,,,,
2026/05/29,航空工业自控所,央国企,机械/制造业,量子传感器及导航系统研制 人形机器人研制 无人系统研制 人工智能应用 机电产品研制 液压系统研制 GNC 系统研制 机械结构设计 软件设计与测试 企业管理 MEMS 及微系统研制 计算机及电子系统研制 机械加工工艺 光学陀螺及先进传感器研制,西安,尽快投递,2027届,"硕士, 博士",暑期实习,航空工业自控所,https://mp.weixin.qq.com/s/9C1c9XkpwdPLe_VwsGeyvQ,https://h618.zhiye.com/intern/jobs?memory={}&silence=1,"人工智能,机器人,量子传感,飞行器设计,航空宇航,控制,导航,电子,计算机,通信,软件,光学,液压,机械,机电,电气,数学,力学,物理,适航,可靠性,管理等相关专业",/,,,,
2026/05/29,云和恩墨,民企,IT/互联网/游戏,销售实习生,"上海, 乌鲁木齐, 兰州, 北京, 南京, 南昌, 合肥, 太原, 成都, 武汉, 沈阳, 深圳, 石家庄, 贵阳, 郑州, 重庆, 长沙, 青岛",尽快投递,2027届,"本科, 硕士, 博士","实习, 暑期实习",云和恩墨,https://mp.weixin.qq.com/s/5sfjTsSW3sCmfv7TzEz3OQ,https://app.mokahr.com/campus-recruitment/enmotech/47098#/,/,/,,,,
2026/05/29,黑翼资产,民企,金融业,量化研究岗位：计算机、人工智能、统计、电子工程、数学、物理等理工科专业；,"上海, 北京, 成都",2026-06-30,2027届,"硕士, 博士","实习, 暑期实习",黑翼小站,https://mp.weixin.qq.com/s/ej-CTDYPdnJK90L02J0bbA,https://mp.weixin.qq.com/s/ej-CTDYPdnJK90L02J0bbA,计算机、人工智能、统计、电子工程、数学、物理等理工科专业,有笔试,,,,
2026/05/29,东北证券,央国企,金融业,AI Pilot实习生;信息系统管理岗;金融科技岗;股权业务承做岗;债券业务承做岗;质量控制部审核助理;受托督导部投资经理岗;资本市场部销售管理岗;行研实习生;机构销售实习生;量化策略研究员;行业研究员;投研秘书;研究助理;营销助理;交易员;产品运营经理;合规助理;风控助理;经纪业务暑期实习生,"上海, 兰州, 北京, 厦门, 呼和浩特, 嘉兴, 宁波, 广州, 桂林, 武汉, 泉州, 深圳, 清远, 牡丹江, 福州, 莆田, 重庆, 长春, 长沙, 韶关",2026-06-30,2027届,"本科, 硕士, 博士","暑期实习, 秋招提前批",东北证券招聘,https://mp.weixin.qq.com/s/VD03LLf_gSaSXxc9rysmOg,https://nesc.zhiye.com/intern/jobs,/,有笔试,,,,
2026/05/29,广电运通集团,央国企,IT/互联网/游戏,实习生(AI智能体开发);产品经理实习生(医疗方向);java开发实习生;产品助理实习生(云平台);医疗数据质控实习生;机器人算法实习生;算法开发实习生(图像识别);测试实习生;硬件实习生;机械实习生,广州,尽快投递,2027届,"本科, 硕士, 博士","实习, 暑期实习",广电运通招聘,https://mp.weixin.qq.com/s/Xc3VoG-uAlV7IIySt_LX8A,https://app.mokahr.com/campus-recruitment/grgbanking/39448?sessionid=#/jobs?zhineng[0]=150841&keyword=&page=1&anchorName=jobsList,/,/,,,,
2026/05/29,认养一头牛集团,民企,农林牧渔,场控实习生;主播实习生;人力实习生;达播实习生;供应链实习生;电商设计实习生;拍摄剪辑实习生;电商店铺运营实习生,杭州,尽快投递,2027届,"本科, 硕士, 博士","实习, 暑期实习",认养一头牛驿站,https://mp.weixin.qq.com/s/oJbjc_YADZoRPmBqbMrneg,https://ryytn.zhiye.com/intern/jobs,/,/,,,,
2026/05/29,电子五所,事业单位,通信/电子/半导体,专业技术类岗位，面向理工类专业；具体见投递方式链接！,广州,尽快投递,2027届,"硕士, 博士","实习, 暑期实习",赛宝视窗,https://mp.weixin.qq.com/s/U5qjspC_abzroUdWRcuRMw,https://mp.weixin.qq.com/s/U5qjspC_abzroUdWRcuRMw,理工类相关专业,/,,,,
2026/05/29,中国矿产资源集团-所属单位,央国企,能源/化工/环保,管理培训生 数据产品组业务架构师岗 市场营销组解决方案岗 运维保障组开发工程师岗；,"上海, 北京, 舟山, 雄安新区, 雅安",2026-06-15,2026届,"本科, 硕士, 博士",春招专场,国资小新,https://mp.weixin.qq.com/s/FQuwCRRkVyNL5_GizaO2bQ,https://www.iguopin.com/company?id=10685402531252365,/,有笔试,,,,
2026/05/29,美埃科技,外企,机械/制造业,销售管培生,"上海, 北京, 南京, 合肥, 广州, 成都, 杭州, 武汉, 深圳, 西安",尽快投递,2026届,"本科, 硕士, 博士",春招专场,美埃HR,https://mp.weixin.qq.com/s/f4JdGNCYIq0EmX1CkxnIfA?scene=1&click_id=16,https://app.mokahr.com/campus-recruitment/mayair/142334#/job/a1e6305b-9215-42c1-a249-70a531d0ae7f?from=qrcode,"环境工程、机械、电气、化工材料、工艺自动化、市场营销、国贸等相关专业优先,优秀者专业不限",/,,,,
2026/05/29,中国建材地勘中心陕西总队,央国企,房地产业/建筑业,实验岗;企业法务岗,西安,2026-06-05,2026届,"本科, 硕士, 博士",春招补招,中国建材地勘中心陕西总队,https://mp.weixin.qq.com/s/mNibqojEjA5qSCIyfBQDGw,https://mp.weixin.qq.com/s/mNibqojEjA5qSCIyfBQDGw,"工程力学,地质工程,法学",/,,,,
2026/05/29,中车株洲所,央国企,机械/制造业,计算机类 电气类 电子类 机械类 新能源类 材料类等专业；,株洲,尽快投递,2026届,博士,春招专场,美丽株所,https://mp.weixin.qq.com/s/HbEVlwlQSB1dqVAOs7zUwA,https://crrczzs.m.zhiye.com/xzzw.html,"计算机类,电气类,电子类,机械类,新能源类,材料类等相关专业",/,,,,
2026/05/29,比亚迪-弗迪电池制备中心,民企,汽车制造/维修/零配件,机械工程师(助理、高级);电气工程师(助理、高级);软件工程师(助理、高级),"南宁, 台州, 合肥, 惠州, 抚州, 武汉, 汕尾, 济南, 深圳, 温州, 滁州, 盐城, 绍兴, 芜湖, 蚌埠, 襄阳, 西宁, 西安, 贵阳, 郑州, 重庆, 长沙",尽快投递,2026届,"本科, 硕士, 博士",春招专场,比亚迪招聘,https://mp.weixin.qq.com/s/2cOgfxbEjZCLyLtaeBuLDg,https://job.byd.com/,机械类、自动化类、电气类、计算机类、电子信息类,有笔试,,,,
2026/05/29,甘肃电气装备集团有限公司,央国企,机械/制造业,产品研发设计;市场开发;会计;生产操作;产品开发;编程人员;研发工程师;嵌入式工程师;JAVA工程师;UI设计师;测试工程师;科研岗;销售;行政岗;设计岗,"兰州, 天水, 西安",2026-06-12,"2024, 2025, 2026届","大专, 本科, 硕士, 博士",春招专场,甘肃国资,https://mp.weixin.qq.com/s/V-bBbB17eLP-AeyTp4YSog?scene=1,https://mp.weixin.qq.com/s/V-bBbB17eLP-AeyTp4YSog?scene=1,"电气类,机械类,电子信息类,自动化类,计算机类,财务类等相关专业",/,,,,
2026/05/29,渑池齐鲁村镇银行,其他,金融业,客户经理岗位,三门峡,2026-06-12,2026届,"本科, 硕士, 博士",春招专场,渑池齐鲁村镇银行,https://mp.weixin.qq.com/s/3A_fO8IDy3iualD6UVc4-Q?scene=1,https://mp.weixin.qq.com/s/3A_fO8IDy3iualD6UVc4-Q?scene=1,"金融经济类,会计管理类,数学统计类,理工科类相关专业优先",有笔试,,,,
2026/05/29,杭州地铁运营有限公司,央国企,交通/物流/仓储,结构维修工;信号维修工;供电维修工,杭州,2026-06-19,2026届,"大专, 本科, 硕士, 博士",春招专场,杭州地铁运营公司,https://mp.weixin.qq.com/s/-raRKIv0EWKimk6BOswBAA,https://www.hzmetrojob.com/posts-school,"土木工程,地质工程,道路桥梁隧道,轨道交通信号与控制,自动化类,电子信息工程,控制工程,交通信息工程及控制,电气类,能源与动力工程",/,,,,
2026/05/29,格力电器,民企,耐用消费品,技术研发类 经营销售类 信息技术类 技术支持类 制造技术类 职能管理类；,珠海,尽快投递,2026届,"本科, 硕士, 博士",春招补招,格力电器招聘,https://mp.weixin.qq.com/s/MdzsCTFfVBjLitdpwDo5ww,https://zhaopin.greeyun.com/home,/,有笔试,,,,
2026/05/29,南网数字集团,央国企,能源/化工/环保,算法开发类实习生;软件开发类实习生;解决方案类实习生;硬件开发类实习生;嵌入式开发类实习生;网络安全类实习生;产品类实习生;技术支持类实习生;需求分析类实习生;数据类实习生;运维类实习生;测试类实习生;项目管理类实习生;项目实施类实习生;应用集成类实习生;行政政务类实习生;政工业务类实习生;法律业务实习生;经济财会业务类实习生;人力资源业务类实习生,"广州, 深圳",2026-06-10,2027届,"硕士, 博士",暑期实习,南网数字集团,https://mp.weixin.qq.com/s/wlKyGTsyJEw-sKT83vV6sg,https://v.wjx.cn/vm/rXpUX8N.aspx,信息通信类、电气类、电力生产类、经营管理类相关专业,/,,,,
2026/05/28,上海市机械工程学会,其他,政府/机构/组织,AI智能应用助理（综合管理办公室）;科普讲师（科普部）;新媒体运营助理（综合管理办公室）,上海,尽快投递,2027届,"本科, 硕士, 博士",暑期实习,上海市机械工程学会,https://mp.weixin.qq.com/s/-hV6b9XJO2Z1UJH9vMkDjQ?scene=1&click_id=8,https://mp.weixin.qq.com/s/-hV6b9XJO2Z1UJH9vMkDjQ?scene=1&click_id=8,电子信息、计算机、公共管理等相关专业优先,/,,,,
2026/05/28,武汉芯昌科技,民企,通信/电子/半导体,模拟电路设计实习生;版图设计实习生;系统设计实习生,武汉,尽快投递,2027届,"本科, 硕士, 博士","实习, 暑期实习",武汉芯昌科技有限公司,https://mp.weixin.qq.com/s/KyXhydK1LA3dMgXVteidKQ?scene=1&click_id=7,https://v.wjx.cn/vm/eT3CodL.aspx,"电子信息,微电子及相关专业",/,,,,
2026/05/28,建发房产,央国企,房地产业/建筑业,博士后岗(四好建设、城市更新、智能化应用、战略性新兴产业等研究方向);建筑设计岗;室内设计岗;规划设计岗;土建工程岗;数智AI岗;投资研究岗;财务资金岗,"上海, 北京, 南京, 厦门, 广州, 成都, 杭州, 重庆",尽快投递,2027届,"本科, 硕士, 博士",暑期实习,建发房产招聘,https://mp.weixin.qq.com/s/dQCJsGdvnl2_fXY22KOmmg,http://chinacdc.zhiye.com/fcjxs2024,/,/,,,,
2026/05/28,华硕电脑,民企,通信/电子/半导体,渠道运营专员;校园行销专员;店面运营&销售;终端管理专员;媒体推广专员;KOS账号运营;KOL账号运营;KOC账号运营;电竞活动运营;电竞用户运营;赛事活动运营;新媒体传播;校园运营官;硕市生专员;内容运营专员;主播,"上海, 乌鲁木齐, 北京, 广州, 西安, 重庆",尽快投递,2027届,"本科, 硕士, 博士",暑期实习,ASUS华硕招聘,https://mp.weixin.qq.com/s/FxZvQE_a6zNc4BPCOlv5SA,https://asus.zhiye.com/Intern,/,有笔试,,,,
2026/05/28,保融科技,民企,IT/互联网/游戏,软件开发工程师(Java/Python);客户支持工程师;产品需求分析师,杭州,尽快投递,2027届,"本科, 硕士, 博士","实习, 暑期实习",保融HR,https://mp.weixin.qq.com/s/g7P2U6FjwMW5ptF2ILk-uw,https://campus.fingard.com/campus_apply/baorong/25901/?sessionid=#/page/%E6%A0%A1%E6%8B%9B%E8%81%8C%E4%BD%8D,"计算机,软件,数学,通信,信息等理工类专业",/,,,,
2026/05/28,上海国际信托,央国企,金融业,投资研究岗 财富管理岗 信托投行岗 数智科技岗 综合支持岗 ,"上海, 北京, 南京, 杭州, 深圳",2026-06-05,2027届,"硕士, 博士",暑期实习,上信之光,https://mp.weixin.qq.com/s/-2ISin0biZJmxvmXUjp2fw,https://mp.weixin.qq.com/s/-2ISin0biZJmxvmXUjp2fw,专业不限,/,,,,
2026/05/28,欧莱雅,外企,快速消费品,产品营销;电商;销售与大客户管理,上海,尽快投递,2027届,"本科, 硕士, 博士",暑期实习,欧莱雅校园招聘,https://mp.weixin.qq.com/s/es6bMVi688gROxEEYhxbbQ,https://u.hrtps.com/r/dlV8DKGNk,不限,/,,,,
2026/05/28,趋势中国,民企,文化/传媒/广告/体育,"客户主任(对接客户,项目执行);文案策划(方案撰写,创意输出);媒介主任(媒体关系维护,媒体合作);新媒体运营(social稿件撰写,新媒体平台运营);平面设计师(平面视觉设计);3D设计师(展台展厅3D设计);人力资源(COE,HRBP,SSC)",北京,尽快投递,2027届,"本科, 硕士, 博士","实习, 暑期实习",趋势TRENDS,https://mp.weixin.qq.com/s/4tY05RxsR24_fappGfK0sw?scene=1,https://mp.weixin.qq.com/s/4tY05RxsR24_fappGfK0sw?scene=1,/,/,,,,
2026/05/28,建元信托,央国企,金融业,信托业务岗;自营投资岗;资产管理岗(固收投资方向);资产管理岗(私募FOF/标品权益信托方向);资产管理岗(产品经理方向);投资研究岗;财务分析岗;法律合规岗;投资交易岗;运营支持岗;数据管理岗,上海,2026-06-30,2027届,"本科, 硕士, 博士",暑期实习,建元信托,https://mp.weixin.qq.com/s/Pb_T7tZPenDQQWyuSWOJgA,https://mp.weixin.qq.com/s/Pb_T7tZPenDQQWyuSWOJgA,/,有笔试,,,,
2026/05/28,启辰科技,民企,教育/培训/科研,后端工程师;前端工程师;算法工程师;AI编程工程师;教育测量研究员;学科命题研究助理;试题量化研究员;入校技术服务助理,广州,尽快投递,2027届,"本科, 硕士, 博士","实习, 暑期实习",广州启辰科技,https://mp.weixin.qq.com/s/qQ-iLbK0nqFt1-pNa5mXIA,https://mp.weixin.qq.com/s/qQ-iLbK0nqFt1-pNa5mXIA,"计算机,软件,教育学,师范类相关专业",有笔试,,,,
2026/05/28,泸州老窖股份有限公司,央国企,快速消费品,文化宣传方向 数据分析方向 AI 技术方向 人力资源方向 信息技术方向 产品创意方向 包材设计方向,泸州,尽快投递,2027届,"本科, 硕士, 博士",暑期实习,泸州老窖微招聘,https://mp.weixin.qq.com/s/Q3eW47Ur9j_iZa9zuM7CRQ,https://job.lzlj.com/intern/jobs?sessionid=,贴合实习方向即可,/,,,,
2026/05/28,兴华基金管理有限公司,民企,金融业,交易管理部交易助理;渠道服务部渠道管理助理;法律合规部合规助理;稽核审计部审计助理;品牌管理部品牌经理助理实习生;互联网金融部电商互金助理实习生;产品研发部产品经理助理实习生;综合财务部综合人力助理实习生,"上海, 北京, 济南, 青岛",尽快投递,2027届,"本科, 硕士, 博士","实习, 暑期实习",兴华基金,https://mp.weixin.qq.com/s/UhbdqMEdid3bNus_vjIJYQ,https://mp.weixin.qq.com/s/UhbdqMEdid3bNus_vjIJYQ,"经济,金融,法学,计算机,市场营销,电子商务,广告传媒,统计学,金融工程,人力资源管理,工商管理等相关专业",/,,,,
2026/05/28,恒越基金管理有限公司,民企,金融业,固收研究：金融、经济等相关专业,上海,尽快投递,2027届,"硕士, 博士",暑期实习,恒越基金招聘,https://mp.weixin.qq.com/s/Au63NbfcY_Fc4NbfCQ4AxQ,https://mp.weixin.qq.com/s/Au63NbfcY_Fc4NbfCQ4AxQ,金融、经济等相关专业,/,,,,
2026/05/28,宁银消金,央国企,金融业,总部实习生 金融科技实习生 消金科技实习生 消金定向实习生,宁波,2026-06-28,2027届,"本科, 硕士, 博士",暑期实习,宁银消金招聘,https://mp.weixin.qq.com/s/N_e4gVHFFB9McahBRLpq2w,https://xjzhaopin.nbcb.com.cn/#/internship-recruitment,"总部实习生、消金定向实习生专业不限,金融科技实习生要求计算机、软件工程、电子通信相关专业",有笔试,,,,
2026/05/28,快手,民企,IT/互联网/游戏,大模型;音视频;推荐;广告;搜索;系统架构;引擎研发;AI Infra;AI工程与应用,"上海, 北京, 杭州, 深圳",尽快投递,2027届,"本科, 硕士, 博士","暑期实习, 秋招提前批",快手招聘,https://mp.weixin.qq.com/s/1LFm8FhfWiR5QZdFHDFmgw,https://campus.kuaishou.cn/recruit/campus/e/#/campus/jobs?pageNum=1&positionLabel=kstar&positionNatureCode=fulltime&recruitSubProjectCodes=20271779425607,/,/,,,,
2026/05/28,新和成,民企,能源/化工/环保,营销商务实习生 人力行政实习生 能源管理实习生 IT实习生 财经实习生 安环实习生 研发-分析实习生 研发-分离实习生 技术引进实习生；,"天津, 潍坊, 绍兴, 绥化",尽快投递,2027届,"本科, 硕士, 博士",暑期实习,新和成招聘,https://mp.weixin.qq.com/s/I0OAv2nS1792EndSByOzqA,https://xinhecheng1.zhiye.com/intern/jobs,/,有笔试,,,,
2026/05/28,CubyFun,民企,IT/互联网/游戏,AI产品交互实习生;小程序开发AI应用方向实习生;视频剪辑实习生;内容商务实习生;用户测试调研实习生,深圳,尽快投递,2027届,"本科, 硕士, 博士","实习, 暑期实习",蚯比CubyFun,https://mp.weixin.qq.com/s/iIBHn_yaOl99KUI0YTnhkQ,https://mp.weixin.qq.com/s/iIBHn_yaOl99KUI0YTnhkQ,/,/,,,,
2026/05/28,科锐国际,民企,财务/审计/税务,软件开发工程师;软件测试工程师,"上海, 东莞, 北京, 南京, 成都, 杭州, 武汉, 济南, 深圳, 苏州, 西安, 长沙",尽快投递,2026届,"本科, 硕士, 博士",春招专场,DUT学生服务,https://mp.weixin.qq.com/s/QZLZ7FBXxVQQkUJlAKfBBg,https://docs.qq.com/form/page/DWktRTnZiUUhCZEFC?sessionid=#/fill,计算机、人工智能、软件工程、通信、电子、数学、物理、自动化、信息安全等理工科专业优先,/,,,,
2026/05/28,TP-LINK,民企,通信/电子/半导体,软件类;算法类;硬件类;测试类,"北京, 南京, 杭州, 深圳",尽快投递,2027届,"本科, 硕士, 博士",秋招提前批,TP-LINK招聘,https://mp.weixin.qq.com/s/W182TMvFIJktbyeLeN39CA,https://hr.tp-link.com.cn/,/,有笔试,,,,
2026/05/28,先临三维,民企,IT/互联网/游戏,SLAM算法实习生；三维重建算法实习生；深度学习算法实习生；几何/网格算法实习生；c++开发实习生,杭州,尽快投递,2027届,"硕士, 博士","实习, 暑期实习",先临三维高精度3D视觉,https://mp.weixin.qq.com/s/sAzsaWn1AmEoM7_yoGj7-Q,https://shining3d.zhiye.com/jobs?activityGuid=d81ab3d6-6d49-41aa-9343-16cacb965941,/,/,,,,
2026/05/28,ABB机器人,外企,智能硬件,技术研发类 运营职能类；,上海,尽快投递,2027届,"本科, 硕士, 博士",暑期实习,ABB中国招聘,https://mp.weixin.qq.com/s/vaVAg3hF4Ju8_jLi_MBxxA,https://mp.weixin.qq.com/s/vaVAg3hF4Ju8_jLi_MBxxA,/,/,,,,
2026/05/28,招商蛇口,央国企,房地产业/建筑业,工程管理类;设计管理类;营销管理类;运营管理类;成本采招类;客群管理类;产业园区类;邮轮业务类;商业管理类;物业服务类;会展业务类;综合管理类;财务金融类;风险合规类,"上海, 北京, 合肥, 成都, 杭州, 沈阳, 深圳, 郑州, 重庆, 香港",尽快投递,2027届,"本科, 硕士, 博士","实习, 暑期实习",招商蛇口,https://mp.weixin.qq.com/s/hGN968iW9LhAzump181_nA,https://cmsk1979.zhiye.com/intern/jobs,/,/,,,,
2026/05/28,卡特彼勒（徐州）有限公司-CXL,合资,机械/制造业,暑期实习生（智能制造;AI软件;智能物流;质量管理;制造工艺）,徐州,2026-06-04,2027届,"本科, 硕士, 博士",暑期实习,卡特彼勒CXL之家,https://mp.weixin.qq.com/s/3myaIAuXLyj6nRR8H11C-Q?click_id=9,https://mp.weixin.qq.com/s/3myaIAuXLyj6nRR8H11C-Q?click_id=9,机电工程;信息与控制;人工智能;经济管理;物流供应链;工业工程,/,,,,
2026/05/28,中国航发南方,央国企,机械/制造业,航空发动机类 机械类 材料类 其它专业；,株洲,2026-06-12,2027届,"本科, 硕士, 博士",暑期实习,南方新视野,https://mp.weixin.qq.com/s/0O1MhAZBF02hoRehwMzSRw,https://v.wjx.cn/vm/rXX78WU.aspx,"航空发动机类相关专业,机械类相关专业,材料类相关专业,电气工程及其自动化,控制科学与工程,汉语言文学,财务管理,会计,工业工程,软件工程等相关专业",/,,,,
2026/05/28,遇贤微电子,民企,通信/电子/半导体,前端设计岗位;后端设计岗位;芯片验证岗位;软件开发岗位;硬件系统岗位,"广州, 西安",尽快投递,2026届,"本科, 硕士, 博士",春招补招,遇贤微电子,https://mp.weixin.qq.com/s/wMND84e74CAHtncWi6wvww,https://mp.weixin.qq.com/s/wMND84e74CAHtncWi6wvww,微电子/电子/软件/计算机/光电/自动化等相关专业,有笔试,,,,
2026/05/28,德州仪器-成都制造基地,外企,通信/电子/半导体,设备工程师;质量工程师;工艺工程师;模拟芯片测试工程师;生产计划工程师;设备技术员;质量工程师实习生;设备工程师实习生;工艺工程师实习生;产品工程师实习生;人力资源发展项目实习生;IT自动化软件工程师实习生;设备技术员实习生,成都,尽快投递,2027届,"大专, 本科, 硕士, 博士","实习, 暑期实习",德州仪器芯招聘,https://mp.weixin.qq.com/s/DBmUZDQN9GH3St3u3DzG-A,https://app.mokahr.com/campus-recruitment/ti/143986?sourceToken=18df34a6fe7bca5ac6c576bda5b266dd#/jobs?page=1&anchorName=jobsList,/,/,,,,
2026/05/28,中广核,央国企,能源/化工/环保,中广核聚核体验营暨提前批专场：设计研发专场 工程建设专场 运行维修专场 数字科技专场；,"上海, 大连, 惠州, 深圳, 防城港, 阳江",2026-07-01,2027届,"本科, 硕士, 博士",秋招提前批,中广核校园招聘,https://mp.weixin.qq.com/s/RTf5DVvjtbZzCzZXBHACqw,https://jsj.top/f/LSM7Nd?sessionid=,/,/,,,,
2026/05/28,湖南德赛电池,民企,能源/化工/环保,销售储备干部;生产管理;设备管理;精益管理;仓储;报关,长沙,尽快投递,2026届,"本科, 硕士, 博士",春招补招,湖南德赛电池招聘,https://mp.weixin.qq.com/s/zlpRj_t7AyQt4uVs8JZaOA,https://docs.qq.com/form/page/DRmZaY2xoWWF3Sk9U#/fill,营销类：英语、市场营销、应用化学、材料化学、化学工程与工艺、能源动力类或相关专业；智能制造类：工业工程、机械自动化、材料、化工、能源应用工程等相关专业；职能类：物理与供应链管理、国际贸易等相关专业,/,,,,
2026/05/28,特区建工集团,央国企,房地产业/建筑业,工程管理岗;工程技术岗;商务合约岗;安全管理岗;电气工程岗;建筑设计岗;党群行政岗;人力资源岗;审计法务岗;财务管理岗;投资规划岗;数字技术岗,深圳,尽快投递,2026届,"本科, 硕士, 博士",春招专场,福大就业创业,https://mp.weixin.qq.com/s/4I3iH0a8MG5mjy16SyseRw,https://mp.weixin.qq.com/s/0UEB5jC5R1CHb6wgb67-SA#rd,/,有笔试,,,,
2026/05/27,吉利科技集团,民企,汽车制造/维修/零配件,法务实习生;人力实习生;印档实习生;经营管理实习生;财务实习生;采购实习生;设计实习生;平台运营实习生;新媒体运营实习生;标准化实习生;研发实习生;制造实习生;经营管理实习生;项目管理实习生,"台州, 宁波, 成都, 杭州, 襄阳",尽快投递,2027届,"本科, 硕士, 博士","实习, 暑期实习",河南工大就业创业中心,https://mp.weixin.qq.com/s/th8yBWwqb0cDEpdMvViStg,https://campus.geely.com/campus-recruitment/geely/98148#/jobs,/,/,,,,
2026/05/27,中国信通院,事业单位,通信/电子/半导体,人工智能、网络安全、信息化、智能制造、大数据、元宇宙、数字化等方向,北京,尽快投递,2027届,"本科, 硕士, 博士",暑期实习,中国信通院CAICT招聘,https://mp.weixin.qq.com/s/dqAs_d6U2YUro_KHAfl3OQ,https://wecruit.hotjob.cn/SU643e3338bef57c46afe6213d/mc/position/intern?projectCode=102201&showProjectBanner=true,/,/,,,,
2026/05/27,长亭科技,民企,IT/互联网/游戏,实习安全服务工程师·校招提前批,"上海, 北京, 南京, 武汉, 深圳, 长沙",尽快投递,2027届,"本科, 硕士, 博士","实习, 暑期实习, 秋招提前批",长亭科技招聘,https://mp.weixin.qq.com/s/B62uQztmvDE6OkC8H9aQfw,https://join.chaitin.cn/plugins/career_site/sites/default/jobs/636afb92-e779-422d-b5ca-68ba32793c62?tab=&job_category=%E5%AE%89%E5%85%A8%E6%9C%8D%E5%8A%A1%E7%B1%BB&job_id=636afb92-e779-422d-b5ca-68ba32793c62,信息安全、网络安全、计算机等相关专业,/,,,,
2026/05/27,凯翼汽车,央国企,汽车制造/维修/零配件,“优翼生” 校招直通班,宜宾,2026-06-12,2027届,"本科, 硕士, 博士",秋招提前批,凯翼人力,https://mp.weixin.qq.com/s/ShQ79cD0yiCXo0x1rMDyHQ,https://mp.weixin.qq.com/s/ShQ79cD0yiCXo0x1rMDyHQ,专业不限,/,,,,
2026/05/27,苏商银行,民企,金融业,企业金融营销岗,南京,尽快投递,2027届,"本科, 硕士, 博士","暑期实习, 秋招提前批",苏商银行招聘,https://mp.weixin.qq.com/s/ulb12jTaXlrzR2zE6NUL3w,https://app.mokahr.com/campus-recruitment/snb/45592#/job/3fdcdf28-cadc-4457-8c35-109739177557?from=qrcode,/,/,,,,
2026/05/27,中再产险,央国企,金融业,业务管理类 理赔管理类 精算类 业务承保类；,北京,尽快投递,2027届,"硕士, 博士",暑期实习,中再产险,https://chinare.zhiye.com/intern/detail?jobAdId=43a95940-057b-40ba-ab3c-588f447b9dc1,https://chinare.zhiye.com/intern/detail?jobAdId=43a95940-057b-40ba-ab3c-588f447b9dc1,金融、保险、精算、法律、理工等相关专业,/,,,,
2026/05/27,康尼机电,民企,机械/制造业,项目专员;系统设计师(AI/EB);技术管理师;人力资源助理,南京,尽快投递,2027届,"本科, 硕士, 博士","实习, 暑期实习",康尼招聘,https://mp.weixin.qq.com/s/hMe27ZkY9G5G0xitLDfyqw,https://kangni.zhiye.com/intern/jobs,"电子信息、自动化、控制、计算机相关专业,人力资源管理、工商管理优先",/,,,,
2026/05/27,歌尔,民企,通信/电子/半导体,研发类 品质&技术类 职能类&其它,"上海, 东莞, 北京, 南京, 威海, 成都, 杭州, 济南, 深圳, 潍坊, 西安, 重庆, 青岛, 香港, 海外",尽快投递,2027届,"本科, 硕士, 博士",秋招提前批,歌尔股份招聘,https://mp.weixin.qq.com/s/RpfBmv-KeTYX-Ur-vweoGg?,https://goertek.hotjob.cn/,/,/,,,,
2026/05/27,中国电建四川院-四川电力设计咨询有限责任公司,央国企,能源/化工/环保,电气工程类实习生;土木建筑类实习生;能源气象类实习生;环境生态类实习生;数智科技类实习生;工程管理与技术经济类实习生;工程测绘类实习生,成都,2026-06-12,2027届,"硕士, 博士",暑期实习,四川电力设计咨询公司,https://mp.weixin.qq.com/s/b6mKMYG4m3Ba3TmhvVWGLA,https://sedc2026.zhaopin.com/xingc/index.html,电气工程类;土木建筑类;能源气象类;环境生态类;数智科技类;工程管理与技术经济类;工程测绘类,/,,,,
2026/05/27,广州敏视数码科技有限公司,民企,汽车制造/维修/零配件,C++软件工程师;图像算法工程师;嵌入式软件工程师;硬件工程师;结构工程师;电子技术员;海外销售;国内销售;PMC管培生;工业工程管培生;品质管理管培生;财务管培生;总经理助理,广州,尽快投递,2026届,"本科, 硕士, 博士",春招补招,敏视,https://mp.weixin.qq.com/s/28TKhGro0puYzVNQ7y1mrg,https://stonkam.zhiye.com/campus/jobs,技术类：软件工程、自动化、机械、电子、计算机、信息、通信等理工科专业；营销类：英/日/俄/西班牙语、国际商务、国际贸易等专业,有笔试,,,,
2026/05/27,上海华力,央国企,通信/电子/半导体,计划信息类 综合智能类 工程技术类 动力安环类 智能制造类,"上海, 成都",尽快投递,2026届,"本科, 硕士, 博士",春招补招,华力微招聘,https://mp.weixin.qq.com/s/vVtBL1YuH66zZ98uZoDxPA,https://app.mokahr.com/campus-recruitment/huahong/70000?sessionid=#/jobs?page=1&anchorName=jobsList,/,/,,,,
2026/05/27,中国铁路呼和浩特局集团有限公司,央国企,交通/物流/仓储,党校教学专业技术岗位;卫生防疫专业技术岗位,呼和浩特,2026-06-02,"2025, 2026届","本科, 硕士, 博士",春招专场,中国铁路呼和浩特局集团有限公司,https://rczp.china-railway.com.cn/page/platform/company_info_del.html?parentId=322&jmetazpxxid=11275,https://rczp.china-railway.com.cn/page/platform/company_info_del.html?parentId=322&jmetazpxxid=11275,"哲学,马克思主义哲学,马克思主义理论,精神病与精神卫生学,心理学,应用心理学,精神医学",有笔试,,,,
2026/05/27,中国铁路郑州局集团有限公司,央国企,交通/物流/仓储,财会专业技术岗位 企业法律事务专业技术岗位 商旅业务专业技术岗位；,郑州,尽快投递,2026届,"本科, 硕士, 博士",春招专场,中国铁路郑州局集团有限公司,https://rczp.zztlj.com/homepage/article/2059511615371378690/false,https://rczp.zztlj.com/homepage/portal,/,/,,,,
2026/05/26,金田集团,民企,机械/制造业,市场类暑期训练营;材料类暑期夏令营,宁波,2026-06-19,2027届,"本科, 硕士, 博士",暑期实习,金田招聘,https://mp.weixin.qq.com/s/elUS7zYP8Am1mQS7zzXvLQ,https://wecruit.hotjob.cn/SU663c2abe1eb8053acd9c0e34/mc/position/campus?projectId=203301,"外销岗要求国贸、英语、小语种、材料类相关专业优先,营销岗位专业不限；材料类要求金属材料等相关专业优先,有铜合金/磁性材料相关课题经验者优先",/,,,,
2026/05/26,万兴科技-AI漫剧团队,民企,IT/互联网/游戏,AI美学评测;测试开发;测试;产品GTM;产品VOC;产品创意;创意策划;商务拓展(漫剧);用户运营,"杭州, 深圳, 长沙",尽快投递,"2027, 2028, 2029届","本科, 硕士, 博士","实习, 暑期实习",万兴人,https://mp.weixin.qq.com/s/F2dWM8myHIi8NSijHUZ4tg,https://bsurl.cn/v2/MT2lWvrc,不限,/,,,,
2026/05/26,宁波银行-无锡分行,其他,金融业,暑期实习生,无锡,尽快投递,2027届,"本科, 硕士, 博士",暑期实习,在无锡遇见宁波银行,https://mp.weixin.qq.com/s/kaZJFfiy1ftuXG-o673sng,https://zhaopin.nbcb.com.cn,专业不限,/,,,,
2026/05/26,云岫资本,民企,金融业,FA-投资银行部-投资分析师(实习留用);FA-股权资本市场部-分析师(实习留用),"上海, 北京",2026-06-14,2027届,"本科, 硕士, 博士","实习, 暑期实习",云岫资本,https://mp.weixin.qq.com/s/e3GyXoRpsQ6C4tKEPFPvmg,https://mp.weixin.qq.com/s/e3GyXoRpsQ6C4tKEPFPvmg,专业不限,有笔试,,,,
2026/05/26,浙商证券,民企,金融业,行业研究助理;产业研究助理;机构销售助理;专家运营;投资顾问助理;综合运营,"上海, 北京, 广州, 深圳",尽快投递,2027届,"硕士, 博士",暑期实习,浙商证券研究所,https://mp.weixin.qq.com/s/WzSa3XlrzCMl6wJD3DSDYA,https://mp.weixin.qq.com/s/WzSa3XlrzCMl6wJD3DSDYA,"大部分岗位专业不限,部分岗位要求经济/金融/财务/工商管理等相关专业背景",/,,,,
2026/05/26,锐明技术,民企,IT/互联网/游戏,嵌入式开发实习生;Android开发实习生;模块通信实习生;ISP实习生;MCU实习生;软件测试实习生(设备/平台);自动驾驶感知算法实习生;多传感器融合定位算法实习生;自动驾驶预测算法实习生;决策规划控制算法实习生;产品实习生-自动驾驶/摄像机/货运,"成都, 深圳, 重庆",2026-06-30,2027届,"本科, 硕士, 博士","实习, 暑期实习",锐明招聘,https://mp.weixin.qq.com/s/crcIljuYXAPMAXE27dHTOQ,https://streamax.zhiye.com/intern?sessionid=,/,/,,,,
2026/05/26,东风日产-造型中心,合资,汽车制造/维修/零配件,车辆外饰设计 车辆内饰设计 色彩纹理设计 GUI设计；,广州,2026-06-10,2027届,"本科, 硕士, 博士","实习, 暑期实习",东风日产招聘,https://mp.weixin.qq.com/s/EjMaqZGRCdXA0GDm-vlzjQ,https://dongfengnissan1.zhiye.com/intern/jobs?sessionid=,"工业设计,交通工具设计,产品设计,视觉设计等",/,,,,
2026/05/26,舍弗勒,外企,汽车制造/维修/零配件,AI;系统;机械;软件;测试;产品;采购;供应链;质量;工艺;IE;生产,"上海, 南京, 四平, 天津, 芜湖, 银川, 长沙",尽快投递,2027届,"本科, 硕士, 博士",暑期实习,舍弗勒招聘,https://mp.weixin.qq.com/s/3NXl-7qHz9A2ncApjb4EHQ,https://schaeffler.tupu360.com/position/list?type=TECHNOLOGYRUITMENT〈=zh_CN&sessionid=,"机械工程,车辆工程,计算机软件,人工智能,数据科学,电气及自动化,机电一体化,工业工程,材料科学,供应链",/,,,,
2026/05/26,雅迪集团,民企,汽车制造/维修/零配件,校园招聘实习生 培训实习生 人力实习生(新媒体方向) 运维实习生；,无锡,尽快投递,2027届,"本科, 硕士, 博士","实习, 暑期实习",雅迪招聘,https://mp.weixin.qq.com/s/eQKQt2hJ0YTnNyZjvRveLA,https://app.mokahr.com/social-recruitment/yadea/144891?locale=zh-CN#/jobs,"人力资源,工商管理,企业管理,新闻传播,影视编导,计算机相关专业优先",/,,,,
2026/05/26,碧桂园,民企,房地产业/建筑业,财务资金类 法务管理类 资产管理类 成本管理类 设计管理类 项目管理类 人力资源类 行政管理类 数字化管理类；,全国多地,尽快投递,2027届,"本科, 硕士, 博士",秋招提前批,碧桂园校招官网,https://wecruit.hotjob.cn/SU5fe5ad319b0d78e6f422f6f8/pb/interns.html,https://wecruit.hotjob.cn/SU5fe5ad319b0d78e6f422f6f8/pb/interns.html,/,/,,,,
2026/05/26,驭鉴数科,民企,IT/互联网/游戏,运营助理,"北京, 杭州",尽快投递,2027届,"本科, 硕士, 博士","实习, 暑期实习",驭鉴数字科技有限公司,https://mp.weixin.qq.com/s/jRGw7MCAvAiodXn0Bm1axg,https://mp.weixin.qq.com/s/jRGw7MCAvAiodXn0Bm1axg,"专业不限,电子商务、市场营销、统计学、金融、计算机等相关专业优先",/,,,,
2026/05/26,谷雨,民企,贸易/批发/零售,带货主播实习生;直播场控实习生;剪辑实习生,"广州, 长沙",尽快投递,2027届,"本科, 硕士, 博士","实习, 暑期实习",谷雨样,https://mp.weixin.qq.com/s/HPmRaIPNcG_7W7dflCJhDQ,https://grainrain.zhiye.com/intern/jobs,/,/,,,,
2026/05/26,有道领世,民企,教育/培训/科研,实习教师（线上一对一）,"北京, 石家庄",尽快投递,2027届,"本科, 硕士, 博士","实习, 暑期实习",领世培优教师招聘,https://mp.weixin.qq.com/s/ySUj68GONxhEqmRnh5zVaw,https://app.mokahr.com/campus-recruitment/lingshi/144566?locale=zh-CN#/jobs?commitment[0]=%E5%AE%9E%E4%B9%A0&page=1&anchorName=jobsList,专业不限,/,,,,
2026/05/26,乔诺咨询,民企,财务/审计/税务,客户顾问 咨询顾问,"上海, 北京, 成都, 深圳",尽快投递,2026届,"本科, 硕士, 博士",春招专场,乔诺咨询,https://mp.weixin.qq.com/s/vBJGKXAskh9WFIdPLVq_OQ,https://www.zhipin.com/kj/9b70e8fe62e40c570a322f1b0b659098/mobile/?sessionid=,/,/,,,,
2026/05/26,黄石市东楚投资集团有限公司,央国企,政府/机构/组织,2026年高校毕业生招聘11个岗位共计16人。（具体岗位及条件见附件1）,黄石,2026-06-01,"2024, 2025, 2026届","本科, 硕士, 博士",春招专场,黄石东楚投资集团,https://mp.weixin.qq.com/s/LwLaneD-Hw0GEPFbZr1z6A,https://mp.weixin.qq.com/s/LwLaneD-Hw0GEPFbZr1z6A,/,有笔试,,,,
2026/05/26,会世资产,民企,金融业,量化研究员实习生;基金运营助理实习生;量化IT开发工程师;市场经理,上海,尽快投递,2027届,"本科, 硕士, 博士","实习, 暑期实习, 秋招提前批",会世资产,https://mp.weixin.qq.com/s/491fgQagZgCbTiQjxSsyyA,https://mp.weixin.qq.com/s/491fgQagZgCbTiQjxSsyyA,"数学,统计,金融数学,计算机,物理,法律,财会,金融,软件工程,信息技术,自动化,经济相关专业",有笔试,,,,
2026/05/26,新华三集团,民企,IT/互联网/游戏,AI算法实习;软件开发实习;软件测试实习;硬件实习;售前产品经理实习生,"乌鲁木齐, 兰州, 北京, 合肥, 广州, 成都, 杭州, 武汉, 沈阳, 西安, 长沙, 香港",尽快投递,2027届,"本科, 硕士, 博士","实习, 暑期实习",新华三集团招聘,https://mp.weixin.qq.com/s/GnwIcpmo0AZ7WhjBC8bNLA,https://career.h3c.com/intern/jobs,计算机、通信、电子、自动化、人工智能等理工类专业,/,,,,
2026/05/26,春秋航空,民企,交通/物流/仓储,实习算法工程师;实习开发工程师;财务类实习生;社群运营专员(实习),"上海, 重庆",尽快投递,2027届,"本科, 硕士, 博士",暑期实习,春秋航空招聘,https://mp.weixin.qq.com/s/0nsC9CUW2Rr0FY2f-s9R4A,https://wecruit.hotjob.cn/SU6311b6cf0dcad4076d054b89/pb/school.html?postName=%E5%AE%9E%E4%B9%A0,"计算机相关专业,通信相关专业,财务相关专业,部分岗位专业不限",/,,,,
2026/05/26,中煤航测遥感集团有限公司,央国企,IT/互联网/游戏,强磁场影像算法工程师;自动化工程师;地质灾害工程师;集成架构师;生产技术岗;研发岗;大数据分析研发岗;印刷技术员;印刷机作业员,西安,2026-05-28,2026届,"本科, 硕士, 博士",春招补招,西安航天基地科创人才,https://mp.weixin.qq.com/s/KmtCdK1iPlByECLY6japSQ,http://124.114.202.110:33204/#/HomeView/Content/Rczp,"人工智能,自动化,地质工程,城乡规划,地理信息系统,大数据分析,印刷,机械制造及其自动化",/,,,,
2026/05/26,江腾电力集团,央国企,能源/化工/环保,电力施工类 电力设计类 信息科技类 监理造价类 综合能源类 电力服务类；具体见投递方式链接；,"西安, 全国多地",2026-06-09,2026届,"本科, 硕士, 博士",春招专场,广东江腾电力集团有限公司,https://mp.weixin.qq.com/s/Z7Vg2ViEbKTj05N9ivGCsQ,https://s.51job.com/3VSYtv,/,有笔试,,,,
2026/05/26,中国铁路西安局集团有限公司,央国企,交通/物流/仓储,车务操作技能岗位;客运操作技能岗位;货运操作技能岗位;机务乘务操作技能岗位;机务检修操作技能岗位;车辆检修操作技能岗位;工务操作技能岗位;电务操作技能岗位;供电操作技能岗位;房建操作技能岗位;经营开发操作技能岗位;财务专业技术岗位;法律专业技术岗位;信息技术专业技术岗位;党校教学专业技术岗位;卫生防疫专业技术岗位,"安康, 宝鸡, 延安, 晋城, 榆林, 汉中, 西安, 铜川",2026-06-02,"2025, 2026届","本科, 硕士, 博士",春招专场,中国铁路西安局集团有限公司,https://rczp.china-railway.com.cn/page/platform/company_info_del.html?parentId=325&jmetazpxxid=11274,https://rczp.china-railway.com.cn/page/platform/company_info_del.html?parentId=325&jmetazpxxid=11274,"各岗位专业要求不同,具体详见对应岗位说明",有笔试,,,,
2026/05/26,乐其集团,民企,贸易/批发/零售,AI Agent交付产品（校招）;AI算法工程师（校招）;AI应用开发工程师;AI产品经理;运营专员,"上海, 东莞, 北京, 广州, 杭州, 盐城",尽快投递,2026届,"本科, 硕士, 博士",春招专场,Leqee乐在其中,https://mp.weixin.qq.com/s/ZcuEhtI6BbcXPThPfQV-5w,https://mp.weixin.qq.com/s/ZcuEhtI6BbcXPThPfQV-5w,"计算机、人工智能、信息管理、数学、大数据等理工科专业,运营相关专业",/,,,,
2026/05/26,中石化江汉石油工程设计有限公司,央国企,房地产业/建筑业,智能低碳研究岗;智慧能源设计岗;AI及数智化岗,"武汉, 重庆",2026-05-31,2026届,"硕士, 博士",春招专场,中石化江汉设计公司,https://mp.weixin.qq.com/s/UGE37rHFEdD2JLcJ-YfTtw,https://job.sinopec.com/,智能低碳研究岗：控制科学与工程、储能科学与工程、新能源科学与工程、能源动力与化学工程、智能科学与技术、新能源材料与器件、资源循环利用工程、储能技术、清洁能源技术、动力工程、智能制造技术；智慧能源设计岗：太阳能技术与工程、检测技术与自动化装置、系统工程、模式识别与智能系统、导航、制导与控制、信息系统、海洋工程与能源及控制、船舶控制与能源测绘、环境感知与智能控制、港口利用、海洋测绘、船舶与海洋结构物设计制造、船舶工程、海洋工程；AI及数智化岗：智能信息处理、电力系统及其自动化、高电压与绝缘技术、电力电子与电力传动、通信与信息系统、信号与信息处理、计算机应用技术、计算机网络结构、人工智能、软件工程、信息技术等,有笔试,,,,
2026/05/26,阿里巴巴-虎鲸文娱集团,民企,文化/传媒/广告/体育,AI Agent优化工程师-训练/数据/评测;AI应用研发工程师;AI SRE;AI应用算法工程师;AI Infra 工程师;AI数据工程师;算法工程师-计算机图形/引擎;算法工程师-视频编码与处理;算法工程师-语音多模态大模型;算法工程师-大语言模型;算法工程师-多模态;算法工程师-搜索推荐;算法工程师-AI Agent;算法工程师-深度学习;算法工程师-机器学习;算法工程师-大模型应用;测试开发工程师;测试开发工程师;客户端开发工程师Android;客户端开发工程师鸿蒙;客户端开发工程师iOS;数据研发工程师;动漫制片人;淘麦郎-研发工程师JAVA,"上海, 北京, 杭州, 西安",尽快投递,2027届,"本科, 硕士, 博士","实习, 暑期实习",优酷招聘,https://mp.weixin.qq.com/s/cTLocgSFUvrJ82k6cQ37Vg,https://campus-talent.alibaba.com/campus/position?batchId=100000540002&filterParams=%7B%22customDept%22%3A%5B%22Z3LCXO%22%2C%22L38HG1%22%5D%7D,/,/,,,,
2026/05/26,杭州市益次方社会工作服务中心,社会组织,政府/机构/组织,"实习生（公益活动策划,活动执行）",杭州,尽快投递,"2027, 2028, 2029届","本科, 硕士, 博士","实习, 暑期实习",益次方社会工作服务中心,https://mp.weixin.qq.com/s/VGayugi_U5QsWMWn3FPW5w,https://mp.weixin.qq.com/s/VGayugi_U5QsWMWn3FPW5w,社会工作、新闻传播专业优先,/,,,,
2026/05/26,宝洁,外企,快速消费品,校园寻「宝」家,全国多地,尽快投递,"2027, 2028, 2029届","本科, 硕士, 博士",秋招提前批,宝洁招聘,https://mp.weixin.qq.com/s/n6u0SE9GemafGvmm8gMZSg,https://mp.weixin.qq.com/s/n6u0SE9GemafGvmm8gMZSg,/,/,,,,
2026/05/26,3M中国,外企,机械/制造业,材料工程师;机械工程师;测试工程师;新能源电池工程师;售后技术支持工程师;市场营销专员;数据分析师,上海,尽快投递,"2027, 2028, 2029届","本科, 硕士, 博士","实习, 暑期实习",3M中国,https://mp.weixin.qq.com/s/oZ0IL6E0roGDQn9O1NKN1Q,https://www.ajinga.com/auto-wechat-login/?origin_from=%2Fmobile-web-more-jobs%2F11702%2F&wx_login_key=company_id&wx_login_val=11702&code=091OiPkl2NUKKh4Tvmol2wIsyd2OiPkj&state=ajinga_wechat,材料科学、工程、机械、机电一体化、自动化、计算机、市场营销相关专业优先,/,,,,
2026/05/26,苏州大洋供应链集团,民企,交通/物流/仓储,国际实习生,苏州,尽快投递,"2027, 2028, 2029届","本科, 硕士, 博士","实习, 暑期实习",大洋供应链集团,https://mp.weixin.qq.com/s/MncMeZ_-2bh0qAYyxJMClw,https://mp.weixin.qq.com/s/MncMeZ_-2bh0qAYyxJMClw,/,/,,,,
2026/05/26,沃尔风险管理,民企,商务服务业,实习生,长沙,尽快投递,"2027, 2028, 2029届","本科, 硕士, 博士","实习, 暑期实习",沃尔风险管理,https://mp.weixin.qq.com/s/SSMidI0K--EL4o64I1unLQ,https://mp.weixin.qq.com/s/SSMidI0K--EL4o64I1unLQ,金融、保险专业优先,/,,,,
2026/05/26,庆阳市博物馆-社教部,事业单位,文化/传媒/广告/体育,宣传新媒体实习生,庆阳,尽快投递,"2027, 2028, 2029届","本科, 硕士, 博士","实习, 暑期实习",庆阳市博物馆,https://mp.weixin.qq.com/s/CKz_gB-PJInEh-sg-HJing,https://mp.weixin.qq.com/s/CKz_gB-PJInEh-sg-HJing,新闻传媒、汉语言文学、视觉设计、文博类、旅游管理等相关专业,/,,,,
2026/05/26,西安绿天生物技术有限公司,民企,医疗/医药/生物,实习生,西安,尽快投递,"2027, 2028, 2029届","本科, 硕士, 博士","实习, 暑期实习",西安联创生物医药孵化器,https://mp.weixin.qq.com/s/C_swMV8vnJhexs-FicSQVg,投递邮箱：xuexifeng@qq.com,天然产物化学、有机化学、生物技术、分子生物学、药学、化妆品科学及相关领域,/,,,,
2026/05/26,金田集团,民企,机械/制造业,校园大使,全国多地,尽快投递,"2027, 2028, 2029届","本科, 硕士, 博士",秋招提前批,金田招聘,https://mp.weixin.qq.com/s/OTFAFrM8m_Lc1UOPIFwsng,https://wecruit.hotjob.cn/SU663c2abe1eb8053acd9c0e34/mc/detail?postId=6a06dd90e49e0e559f6852e4&recruitType=campus&distance=0,/,/,,,,
2026/05/26,小红书,民企,IT/互联网/游戏,技术品牌实习生;媒体合作实习生;校园传播实习生;社区运营实习生,上海,2026-06-05,"2027, 2028, 2029届","本科, 硕士, 博士","实习, 暑期实习",小红书招聘,https://mp.weixin.qq.com/s/0w2cJw4kmoQtaeArp90-uA,https://redebuilt.cn/,"技术品牌方向要求理工科背景,媒体合作方向要求新闻/广电/中文背景,其余方向未明确",/,,,,
2026/05/26,高顿教育,民企,教育/培训/科研,线上运营实习;活动策划执行实习;渠道搭建实习,上海,尽快投递,"2027, 2028, 2029届","本科, 硕士, 博士",暑期实习,高顿上海财经联盟,https://mp.weixin.qq.com/s/oV0X3ASh5A2LmIvlQWUn0w,https://jsj.gaodun.com/f/vpTcd0,"专业不限,财会商科专业优先",/,,,,
2026/05/26,砀山县融媒体中心,事业单位,文化/传媒/广告/体育,新闻采编实习生;播音主持实习生;新媒体运营实习生;视频制作实习生;广告策划实习生,宿州,2026-06-21,"2027, 2028, 2029届","本科, 硕士, 博士","实习, 暑期实习",砀山广播电视台,https://mp.weixin.qq.com/s/9dfUskZ6stNmz9sWeGXYwg,https://mp.weixin.qq.com/s/9dfUskZ6stNmz9sWeGXYwg,"新闻传播学、广播电视学、网络与新媒体、影视制作、播音与主持艺术、表（导）演、摄影摄像等相关专业优先,同等条件下砀山籍学生优先",/,,,,
2026/05/26,中邮保险,央国企,金融业,科技创新类 经营企划类 产品精算类 运营管理类 财会审计类 党建纪检类 投资管理类 风控合规类 职能管理类,北京,2026-06-30,2027届,"本科, 硕士, 博士",暑期实习,中邮保险,https://zybxsxs2026.zhaopin.com/?sessionid=,https://zybxsxs2026.zhaopin.com/job/index.html,经济学、管理学、工学、法学、文学、理学、医学等相关专业,/,,,,
2026/05/26,三环集团,民企,通信/电子/半导体,研发类（材料研发-无机/有机/浆料/金属方向、AI+有机、AI+燃料电池）;机电类（非标机械设计、自动化应用开发、机器视觉应用开发、热工模拟设计、热工结构设计）,"南充, 德阳, 成都, 深圳, 潮州, 苏州",尽快投递,2027届,"本科, 硕士, 博士",秋招提前批,CCTC三环招聘,https://mp.weixin.qq.com/s/9TNmRldGScAr6Y1ALYKl-g,https://hr.cctc.cc/school,/,/,,,,
2026/05/26,三井住友银行(中国),外企,金融业,暑期实习岗位，专业不限，具备金融、财务会计、IT等专业知识者优先,"上海, 广州",2026-06-30,2027届,"本科, 硕士, 博士",暑期实习,三井住友银行中国招聘,https://mp.weixin.qq.com/s/TYDiq-XDYgypVGbh3tCxrg,https://smbccn.zhiye.com/intern/jobs?memory={}&silence=1,"专业不限,金融、财务会计、IT专业优先",/,,,,
2026/05/26,联芯集成电路,民企,通信/电子/半导体,材料、化学、物理、光电、机械等理工类专业,厦门,尽快投递,2027届,"本科, 硕士, 博士","暑期实习, 秋招提前批",联芯英才,https://mp.weixin.qq.com/s/i32Y7T-baP6N4ChiyITprw?scene=1,https://mp.weixin.qq.com/s/i32Y7T-baP6N4ChiyITprw?scene=1,"材料,化学,物理,光电,机械等理工类",/,,,,
2026/05/26,莉莉丝游戏-发行中心,民企,IT/互联网/游戏,发行管培实习生 海外广告投放实习生 海外发行采购实习生 本地化项目管理实习生 本地化多语言 LQA 实习生 品牌视觉设计实习生 动效设计实习生 美宣PM实习生,上海,尽快投递,2027届,"本科, 硕士, 博士","实习, 暑期实习",莉莉丝游戏,https://mp.weixin.qq.com/s/PysfaQYePvFjywUfukl1sQ,https://lilithgames.jobs.feishu.cn/intern/?keywords=&category=&location=&project=7494154827805018395&type=&job_hot_flag=&current=1&limit=10&functionCategory=&tag=&sessionid=,/,/,,,,
2026/05/26,梅特勒托利多,外企,机械/制造业,市场 销售 技术支持类岗位；,"上海, 常州, 广州, 杭州, 济南, 西安, 郑州",尽快投递,2027届,"本科, 硕士, 博士",暑期实习,梅特勒托利多招聘,https://mp.weixin.qq.com/s/1l3jYhNRshifzxkXQ863Mg,https://xyz.51job.com/consumer/pc/home/index?ctmid=8652476,/,/,,,,
2026/05/26,公安部第一研究所,事业单位,政府/机构/组织,网络安全政策研究工程师 软件工程师(大数据产品研发方向）模型与数据安全工程师 智能制造工程师；,北京,2026-06-03,2026届,"硕士, 博士",春招补招,一所招聘,https://mp.weixin.qq.com/s/edErxMfasBtR4hdTq3i0HA,https://mp.weixin.qq.com/s/edErxMfasBtR4hdTq3i0HA,/,有笔试,,,,
2026/05/26,中国烟草总公司郑州烟草研究院,央国企,快速消费品,本次共招聘4人，招聘岗位、人数、专业及学历要求见《中国烟草总公司郑州烟草研究院2026年高校毕业生第二批招聘计划表》（附件1）。,郑州,2026-06-04,2026届,"本科, 硕士, 博士",春招补招,中国烟草总公司郑州烟草研究院,http://www.tobacco.gov.cn/gjyc/zpxx/202605/789829425dd44297b7b288620cfc0849.shtml,https://c.exam-sp.com/zzyc2026bys,/,有笔试,,,,
2026/05/25,光大理财有限责任公司,央国企,金融业,产品渠道方向 投资研究交易方向 风险合规方向 科技运营方向；,"北京, 青岛",尽快投递,2027届,"本科, 硕士, 博士","实习, 暑期实习",光大理财有限责任公司,https://jobs.51job.com/all/co5580647.html?timestamp__1258=2cc4c68a26-OqS4B4PNfOGRNRNM19FWN00qNO1CYWhfHyoMevl1Vz1NL75Xb0vvUL1hR8RJF8Xdu4NHR1S3f134cm31Zxf71Jx1y1H0Pj1L4Okrf4UF4Gyk6L1X1GL1es1SqNN1O3Ng1fke1y4cj1941WDq1NP1SboJAqecVbQfWxM0XkyENNWOfkp1Su50rv4Tox,https://jobs.51job.com/all/co5580647.html?timestamp__1258=2cc4c68a26-OqS4B4PNfOGRNRNM19FWN00qNO1CYWhfHyoMevl1Vz1NL75Xb0vvUL1hR8RJF8Xdu4NHR1S3f134cm31Zxf71Jx1y1H0Pj1L4Okrf4UF4Gyk6L1X1GL1es1SqNN1O3Ng1fke1y4cj1941WDq1NP1SboJAqecVbQfWxM0XkyENNWOfkp1Su50rv4Tox,/,有笔试,,,,
2026/05/25,元戎,民企,IT/互联网/游戏,大模型算法实习生;端到端算法实习生;感知算法实习生;SLAM与定位算法实习生;数据生成算法实习生;AI Infra实习生;系统评测实习生;后端开发实习生;Web前端实习生;项目经理实习生;产品实习生;品牌设计实习生;视频剪辑实习生;行业研究实习生,"上海, 北京, 深圳",尽快投递,2027届,"本科, 硕士, 博士","实习, 暑期实习",元戎启行招聘,https://mp.weixin.qq.com/s/q5mT7btc47DQ1CtXoZLhzw?scene=1,https://mp.weixin.qq.com/s/q5mT7btc47DQ1CtXoZLhzw?scene=1,/,/,,,,
2026/05/25,兴业银行-昆明分行,央国企,金融业,实习生岗位：根据学生综合条件，推荐安排至分行管理部门实习或至各营业网点主要参与协助大堂服务、客户营销、产品推介、商户拓展、运营支持等工作。,"大理白族自治州, 昆明, 曲靖",尽快投递,2027届,"本科, 硕士, 博士","实习, 暑期实习",兴业银行-昆明分行,https://job.cib.com.cn/portal/#/positionDetails/1234468855197646848,https://job.cib.com.cn/portal/#/positionDetails/1234468855197646848,不限,/,,,,
2026/05/25,兴业国际信托有限公司-职能部门,央国企,金融业,职能部门2026年暑期实习生：以理工科、法律、金融、经济等相关专业为主，优先考虑具有多学科复合型教育背景的学生,"上海, 北京, 成都, 杭州, 武汉, 深圳",2026-06-15,2027届,"硕士, 博士",暑期实习,兴业国际信托有限公司-职能部门,https://job.cib.com.cn/portal/#/positionDetails/1232317903212793856,https://job.cib.com.cn/portal/#/positionDetails/1232317903212793856,"以理工科、法律、金融、经济等相关专业为主,优先考虑具有多学科复合型教育背景的学生",/,,,,
2026/05/25,安踏集团,民企,快速消费品,电商运营实习生;零售运营实习生;服设计实习生;鞋设计实习生;服装产品企划实习生;产品推广实习生;配件产品企划实习生;可隆品牌服配商品企划暑期实习生;可隆品牌工艺师暑期实习生;可隆品牌人力资源暑期实习生;FILA kids销售顾问,"厦门, 眉山",尽快投递,2027届,"本科, 硕士, 博士","实习, 暑期实习",安踏集团,https://app.mokahr.com/apply/antahr/140444?sessionid=205421049&sourceToken=b7b5f618637b86be8161b57683d04956#/jobs?page=1&anchorName=jobsList&keyword=ANTA%E6%96%B0%E6%98%9F%E8%AE%AD%E7%BB%83%E8%90%A5,https://app.mokahr.com/apply/antahr/140444?sessionid=205421049&sourceToken=b7b5f618637b86be8161b57683d04956#/jobs?page=1&anchorName=jobsList&keyword=ANTA%E6%96%B0%E6%98%9F%E8%AE%AD%E7%BB%83%E8%90%A5,"部分岗位专业不限,电子商务、设计类、市场营销、广告学、体育相关专业优先",/,,,,
2026/05/25,新东方国际教育-培训事业部,民企,教育/培训/科研,雅思托福教师 国际青少教师 国际学科教师 国际备考教师(数学) 菁英班课教师(英语) DSE教师(英文写作),"中山, 佛山, 广州, 惠州, 海口, 珠海, 藏族自治州",尽快投递,2027届,"本科, 硕士, 博士","实习, 秋招提前批",新东方广州国际精英荟,https://mp.weixin.qq.com/s/It9BKxdJwm7qEiVFY0J8fg,https://zhaopin.xdf.cn/jobs?activityGuid=a43b35a9-bcb4-4138-a078-c2e9e32acfcd,/,/,,,,
2026/05/25,安踏集团,民企,快速消费品,安踏品牌-服/配产品企划;安踏品牌-鞋/服设计;安踏品牌-产品推广;安踏品牌-会员运营/营销;安踏品牌-电商/零售运营;斐乐品牌-品牌创意;斐乐品牌-IP跨界;斐乐品牌-鞋/服/配产品企划;斐乐品牌-鞋/服/配设计;斐乐品牌-产品推广;斐乐品牌-会员营销;斐乐品牌-零售(管理);斐乐品牌-直播运营;斐乐品牌-抖音主播;斐乐品牌-人力;可隆品牌-工艺;可隆品牌-产品企划;可隆品牌-零售;可隆品牌-人力;狼爪品牌-品牌战略运营;狼爪品牌-供应链及采购;国际事业部-海外订单管理;国际事业部-跨境电商运营;国际事业部-陈列;集团综合-国家队服务;集团综合-法务;集团综合-ESG;集团综合-数据分析;集团综合-海外采购;集团综合-材料采购,"上海, 北京, 南京, 厦门, 合肥, 宁波, 成都, 无锡, 杭州, 沈阳, 牡丹江, 苏州, 重庆",2026-06-30,2027届,"本科, 硕士, 博士",暑期实习,安踏集团微招聘,https://mp.weixin.qq.com/s/PS3AD9SemDJQF8TfWH327A,https://app.mokahr.com/social-recruitment/antahr/140444?locale=zh-CN#/,/,/,,,,
2026/05/25,贪玩游戏,民企,IT/互联网/游戏,游戏广告投放;硬核投放;AI漫剪管培生;视频设计;AI创意设计师;创意策划;游戏运营;用户运营管培生;用户服务管培生;直播运营;AI效率工程师;AI产品经理;AI应用开发工程师(服务端方向);内容营销策划,广州,尽快投递,2027届,"本科, 硕士, 博士","实习, 暑期实习",贪玩游戏招聘,https://mp.weixin.qq.com/s/i5iWFfJQFqOBa-EdvDMzAA,https://app.mokahr.com/campus-recruitment/tanwanhr/166213#/jobs,/,有笔试,,,,
2026/05/25,阳光保险集团,民企,金融业,精算类 投资类 业务类 综合职能类 科技类 医疗类 运营类；,北京,尽快投递,2027届,"本科, 硕士, 博士","实习, 暑期实习",阳光保险微招聘,https://mp.weixin.qq.com/s/BZsfrvN921k8FvlT4RVx8Q,https://sunzhaopin.sinosig.com/custom/intern?hideMenu=1,/,/,,,,
2026/05/25,国电南自,央国企,能源/化工/环保,电气类 能源动力类 电子信息类 自动化类 计算机类；,南京,2026-06-05,2027届,"本科, 硕士, 博士",秋招提前批,国电南自招聘,https://mp.weixin.qq.com/s/cfE0gtsmdizIRZ-a9rZ_7g,https://v.wjx.cn/vm/rXt2KKU.aspx,"电气类,能源动力类,电子信息类,自动化类,计算机类",/,,,,
2026/05/25,巨一科技,民企,机械/制造业,硬件岗;软件岗;NVH岗;热仿真岗;视觉算法岗;总成结构岗;电磁仿真岗;工艺研发岗;核心产品岗;数字化产品岗;机械研发岗,"上海, 合肥",尽快投递,2027届,"硕士, 博士","实习, 暑期实习",巨一科技招聘,https://mp.weixin.qq.com/s/-fDU1N13kwTYZ5x6Y6gfAw,https://wecruit.hotjob.cn/SU64ed532b1c240e725e5af025/pb/interns.html,"计算机,人工智能,自动化,软件,电气,智能制造,机械等相关专业",有笔试,,,,
2026/05/25,国泰君安期货,央国企,金融业,大宗商品研究员 大宗商品业务管培生 金工策略研究员 交易员 机构销售管培生 运营管培生 量化策略研究员 机器学习算法工程师 量化开发工程师 量化交易员,"上海, 北京, 宁波, 广州, 杭州, 深圳",尽快投递,2027届,"本科, 硕士, 博士",暑期实习,国泰君安微期货,https://mp.weixin.qq.com/s/FwC-Gl17rwOlnWur1jS4YQ,https://gtjaqh.com/r/s,/,/,,,,
2026/05/25,中国公路车辆机械有限公司,央国企,汽车制造/维修/零配件,新能源技术岗（P1-P2级）,北京,尽快投递,2026届,"硕士, 博士",春招专场,中国公路车辆机械有限公司,https://mp.weixin.qq.com/s/PejNYwUVXFImggw51Zfeug?scene=1,https://mp.weixin.qq.com/s/PejNYwUVXFImggw51Zfeug?scene=1,电气工程、动力工程及工程热物理、车辆工程、能源与动力工程、交通运输工程等相关专业,/,,,,
2026/05/25,江西裕民银行股份有限公司,民企,金融业,管理培训生;市场金融培训生,南昌,2026-05-31,"2025, 2026届","本科, 硕士, 博士",春招专场,江西裕民银行股份有限公司,https://ymbank.zhaopin.com/zk/#/notice_new?prantMenuid=ff8e5aaeac9e72174c3cbb2d13d40404,https://ymbank.zhaopin.com/zk/#/join-online?prantMenuid=fc504d366ae98e2953016b3faf753e0c,"管理培训生本科岗位要求数学统计学、计算机类,其余未明确",有笔试,,,,
2026/05/25,越亚半导体,民企,通信/电子/半导体,工艺部储备干部;工程部储备干部;前端客户工程部储备干部;新产品技术部储备干部;制造部储备干部;品质部储备干部;设备工程部储备干部;财务部储备干部,"南通, 珠海",尽快投递,2026届,"大专, 本科, 硕士, 博士",春招专场,越亚半导体招聘,https://mp.weixin.qq.com/s/a6pwWfLGt_FR6_uiitNHtg,https://mp.weixin.qq.com/s/a6pwWfLGt_FR6_uiitNHtg,理工类、化工、电子、机械、电气、自动化、材料、财务相关专业,/,,,,
2026/05/25,一德期货,民企,金融业,黑色事业部分析师(全职 投研类);黑色事业部分析师助理(实习 投研类);北京北三环东路营业部产业经理(全职 营销类);杭州营业部产业经理(全职 营销类);黑色事业部产业经理(全职 营销类);一德信融期现经理(全职 营销类);东营营业部客服专员(全职 运营类),"东营, 北京, 天津, 杭州",尽快投递,"2025, 2026届","本科, 硕士, 博士","实习, 暑期实习, 春招专场",一德人资分享汇,https://mp.weixin.qq.com/s/HtrgL8zf7HjfTnScijo-ng,https://mp.weixin.qq.com/s/HtrgL8zf7HjfTnScijo-ng,金融、经济、统计相关专业优先,/,,,,
2026/05/25,山东创新精密科技有限公司,民企,能源/化工/环保,产品开发 自动化储备 品质工程（QE） 原材料检验 经管 IE 管理及技术储备 PM(英语/语言） 项目助理(英语/阿拉伯语）,四平,尽快投递,2026届,"本科, 硕士, 博士",春招补招,创新精密,https://mp.weixin.qq.com/s/0qf_397DNbEdUYwt-Xr2pA,https://mp.weixin.qq.com/s/0qf_397DNbEdUYwt-Xr2pA,"材料类,机械类,化工类,自动化类,电气类,外语类,经济贸易类",/,,,,
2026/05/25,广西太阳纸业,民企,机械/制造业,工艺工程师;生产主控;电仪工程师;机械工程师;储备骨干(生产方向);采购员;会计;运维工程师;广西生产储备,"北海, 南宁, 济宁",尽快投递,2026届,"大专, 本科, 硕士, 博士",春招专场,广西太阳人力资源,https://mp.weixin.qq.com/s/ZFEIu5T5ZWdjGAnGz19Z-Q,https://www.wjx.cn/vm/wFCFyou.aspx,"各岗位要求不同,以理工类专业为主,部分岗位专业不限",有笔试,,,,
2026/05/23,南方凯能(广东)电力集团有限公司,央国企,能源/化工/环保,生产技术岗;经济技术岗,"东莞, 中山, 佛山, 广州, 深圳",尽快投递,2026届,"大专, 本科, 硕士, 博士",春招专场,南方凯能电力集团,https://mp.weixin.qq.com/s/ew5hoQ7LtxY6xgZoaRFyvA,https://nfkn.zhaopin.com/jobs/index.html,生产技术岗：电气类、计算机类、通信类、新能源类、机械测控类、环境化学类、热能动力类、工程管理类、土壤水文类、勘测类相关专业；经济技术岗：工商管理类、市场营销类、物流管理类、公共管理类、经济类、会计学类、法学类、新闻类、语言学类相关专业,有笔试,,,,
2026/05/23,鹏扬基金,民企,金融业,量化研究员;指数研究员;宏观研究员;可转债研究员;机构销售,"上海, 北京",尽快投递,"2026, 2027届","硕士, 博士","春招补招, 秋招提前批",清华经管学院职业发展中心,https://mp.weixin.qq.com/s/vhL-peXhUX--nUVOi7S9AQ,https://mp.weixin.qq.com/s/vhL-peXhUX--nUVOi7S9AQ,"金融,经济,理工科,数理统计,国际关系,市场营销等相关专业",/,,,,
2026/05/23,安富利,外企,通信/电子/半导体,市场与销售类实习生;技术类实习生;销售支持类实习生,"上海, 北京, 深圳",尽快投递,2027届,"本科, 硕士, 博士","实习, 暑期实习",安富利壹号站,https://mp.weixin.qq.com/s/dbYHWvxh1vflyMlC9EbAZA,https://v.wjx.cn/vm/rXXVUrZ.aspx,计算机、人工智能、电子信息、通信、数学等理工科,/,,,,
2026/05/23,顺德农商银行,其他,金融业,总行实习生;分支机构实习生,"东莞, 佛山, 广州, 江门",2026-06-06,2027届,"本科, 硕士, 博士",暑期实习,顺德农商银行人才招聘,https://mp.weixin.qq.com/s/jZJOgxA9F6pEQ_qPCYwDpg,https://t.zhaopin.com/07QINX,金融、数学、计算机、市场营销等专业优先,/,,,,
2026/05/23,中邮资管,央国企,金融业,组合配置管理实习生(AI应用方向) 固定收益投资研究实习生 权益投资研究实习生 金融市场业务实习生 风险管理业务实习生；,北京,尽快投递,2027届,"硕士, 博士",暑期实习,中邮资管,https://mp.weixin.qq.com/s/QltZRUxdY6u93ttHtW7eNg?click_id=36,https://xyz.51job.com/External/Apply.aspx?CtmID=8716564,/,/,,,,
2026/05/23,锐捷网络,央国企,IT/互联网/游戏,研发类 产品类 设计类 职能类；,"北京, 南京, 成都, 武汉, 福州",尽快投递,2027届,"本科, 硕士, 博士",暑期实习,锐捷网络招聘,https://mp.weixin.qq.com/s/EuZEnmzAgX3xts8CF4-IAw,https://app.mokahr.com/campus-recruitment/ruijie/136206#/jobs,/,/,,,,
2026/05/23,归领医疗,民企,医疗/医药/生物,材料实习生;结构实习生;硬件实习生;IT实习生;海外市场实习生;小红书运营实习生;人事实习生;市场实习生;销售实习生,"乌鲁木齐, 兰州, 南宁, 哈尔滨, 太原, 昆明, 杭州, 武汉, 济南, 深圳, 石家庄, 福州, 西宁, 西安, 贵阳, 郑州, 重庆, 银川, 长春, 长沙, 青岛, 全国多地",尽快投递,2027届,"本科, 硕士, 博士","实习, 暑期实习",归领医疗,https://mp.weixin.qq.com/s/Qd9-nnnU6weIr8B7eQ32qA,https://mp.weixin.qq.com/s/Qd9-nnnU6weIr8B7eQ32qA,"部分岗位要求对应相关专业,部分岗位专业不限",/,,,,
2026/05/23,浙商银行股份有限公司,其他,金融业,总行暑期实习 分支行岗位,杭州,尽快投递,2027届,"本科, 硕士, 博士","实习, 暑期实习",浙商银行股份有限公司,https://zp.czbank.com.cn/zpweb/planController/gotoIndex.mvc?pageType=1,https://zp.czbank.com.cn/zpweb/planController/gotoIndex.mvc?pageType=1,/,/,,,,
2026/05/23,壹思唯国际教育,民企,教育/培训/科研,指导师实习生;教学助理实习生,"北京, 深圳",尽快投递,2027届,"本科, 硕士, 博士","实习, 暑期实习",壹思唯国际教育招聘,https://mp.weixin.qq.com/s/84oUdRAhMNYgmOWRYa1sqg,https://mp.weixin.qq.com/s/84oUdRAhMNYgmOWRYa1sqg,/,/,,,,
2026/05/23,红塔证券股份有限公司,央国企,金融业,管理岗;总部岗位;分支机构岗位,"上海, 北京, 昆明, 杭州, 深圳, 珠海, 郑州",2026-05-25,"2024, 2025, 2026届","本科, 硕士, 博士","春招专场, 社招",红塔证券,https://mp.weixin.qq.com/s/PgDBvLfUSV3wsmN5Po6wPA,https://wecruit.hotjob.cn/SU68245c3ad9c14f2a7d99fcc1/pb/school.html,"金融,管理,法律,社科及其他",有笔试,,,,
2026/05/23,中国中医科学院-针灸研究所,事业单位,医疗/医药/生物,办公室管理岗;科教专业技术岗;培训中心专业技术岗;疾病专业技术岗,北京,2026-06-02,2026届,"硕士, 博士",春招专场,中国中医科学院针灸医院,https://mp.weixin.qq.com/s/3-P8pM0rT6EKkDsLSwCQFg,https://mp.weixin.qq.com/s/3-P8pM0rT6EKkDsLSwCQFg,"各岗位对应明确专业要求,专业以最高学历为准,参考《研究生教育学科专业目录（2022年）》",有笔试,,,,
2026/05/23,东莞森玛仕格里菲电路有限公司,民企,通信/电子/半导体,研发岗;AI智能制造岗;产前准备岗,东莞,尽快投递,2026届,"本科, 硕士, 博士",春招专场,东莞森玛仕格里菲电路有限公司,https://mp.weixin.qq.com/s/SnHTuvwcX5Qb9LW6RLew1A,https://mp.weixin.qq.com/s/SnHTuvwcX5Qb9LW6RLew1A,理工科,/,,,,
2026/05/23,士兰半导体制造事业总部,民企,通信/电子/半导体,研发类 工艺类 设备类 质量类 职能类；,"厦门, 成都, 杭州",尽快投递,2026届,"本科, 硕士, 博士",春招补招,士兰半导体制造,https://mp.weixin.qq.com/s/uC247zOq_i_qzvpmRrT3tg,https://silanslw.zhiye.com/,理工科：微电子/集成电路/电子科学与技术/物理/材料/化学/光电/光学/机械/机电/自动化/电气/测控/电子信息/智能制造等相关专业；文科：人力资源管理/心理学/社会保障/企业管理/财务管理/会计/金融学/经济与金融/供应链管理等相关专业,有笔试,,,,
2026/05/23,源氏木语,民企,耐用消费品,仓储管培生(源仓菁英项目);物流送装督导管培生;设计培训师-室内设计方向;短视频编导管培生;公司级管理培训生(一线业务方向);软体家具质检QC管培生;新媒体运营管培生;拍摄剪辑管培生,"上海, 北京, 青岛",尽快投递,2026届,"本科, 硕士, 博士",春招补招,源氏木语招聘,https://mp.weixin.qq.com/s/J0YR0NAy__TcRyd01RlPSA,https://app.mokahr.com/campus-recruitment/yeswood/142521?sourceToken=ef51d3b58470a0c7165f17d294494556&sessionid=#/,/,/,,,,
2026/05/23,贵州中烟工业有限责任公司,央国企,快速消费品,本次共计招聘110人，具体详见附件《贵州中烟工业有限责任公司2026年招聘计划》。,"贵阳, 全国多地",2026-05-28,2026届,"本科, 硕士, 博士",春招专场,贵州中烟工业有限责任公司,http://www.tobacco.gov.cn/gjyc/zpxx/202605/e345dfc2f0ef460880ede3a26419cc8f.shtml,https://gzzy2026.zhaopin.com/jobs/index.html,/,有笔试,,,,
2026/05/23,百多力,外企,医疗/医药/生物,技术支持工程师 管理培训生；,北京,尽快投递,2026届,"本科, 硕士, 博士",春招专场,百多力医疗器械,https://mp.weixin.qq.com/s/3S06K4ieACSiC9-BiaarVg,https://mp.weixin.qq.com/s/3S06K4ieACSiC9-BiaarVg,技术支持工程师：临床医学、生物医学工程；管理培训生：工商管理、市场营销、生物医学工程等,/,,,,
2026/05/23,当虹科技,民企,IT/互联网/游戏,硬件开发工程师;C++开发工程师;Golang开发工程师;Java开发工程师;视频算法工程师;计算机视觉算法工程师;具身智能算法工程师;大模型算法工程师;海外社媒专员;海外内容建设专员;海外广告投放专员;内容制作专员;项目经理;测试工程师,杭州,尽快投递,2026届,"本科, 硕士, 博士",春招补招,当虹HR,https://mp.weixin.qq.com/s/tU9rhJmEnKCjvbLlo_pZuw,https://arcvideo.zhiye.com/campus/jobs?queryId=d6a64620-c1d3-4529-aca4-3e6b17f9bce0,/,/,,,,
2026/05/22,用友,民企,IT/互联网/游戏,Java开发实习生-友新星(27届);Web前端实习生-友新星(27届);软件测试实习生-友新星(27届);产品实习(toB端)-友新星(27届),北京,尽快投递,2027届,"本科, 硕士, 博士","实习, 暑期实习",用友招聘,https://mp.weixin.qq.com/s/5MN_MpJMIDh9EXqwMijqDw,https://career.yonyou.com/SU67ac41886202cc7916ae3029/pb/school.html,/,/,,,,
2026/05/22,浩鲸科技,民企,IT/互联网/游戏,全球销售管培生（葡语）;全球销售管培生（英语）;全栈开发工程师（AI应用方向）;C++/go语言开发工程师;具身智能工程师;电子工程师/硬件工程师;Java开发工程师（国内）;AI应用开发工程师;产品经理（国内）,"南京, 厦门, 福州",2026-05-29,2026届,"本科, 硕士, 博士",春招补招,浩鲸科技招聘,https://mp.weixin.qq.com/s/FBNE5Jtn6NjtIrWXFuAwCA,https://iwhalecloud1.zhiye.com/campus/jobs,/,/,,,,
2026/05/22,银清企业服务（北京）有限公司,央国企,商务服务业,机房运维岗，设备维保岗，消防安防岗，综合维修岗，安全保卫岗，办公管理岗,"北京, 无锡, 武汉",2026-05-27,2026届,"本科, 硕士, 博士",春招专场,央行清算,https://mp.weixin.qq.com/s/nByi5Id3g9_-o4b8VkFkwQ?scene=1,https://cncc-recruit1.zhiye.com/,/,有笔试,,,,
2026/05/22,奇绩创坛,民企,金融业,创业者关系方向;技术产品方向;内容创作方向;职能方向,"上海, 北京",尽快投递,"2027, 2028, 2029届","本科, 硕士, 博士","实习, 暑期实习",奇绩创坛,https://mp.weixin.qq.com/s/ye8uUz9b1mMfdQnCu66q_A,https://miracleplus.feishu.cn/share/base/form/shrcnmI8qXlzUgpM3Tw76nbvPEc,/,/,,,,
2026/05/22,申万菱信基金,民企,金融业,行业研究;多资产研究;数量研究;指数研究;机构销售;商务拓展;渠道销售;电商运营;基金会计,"上海, 北京",2026-06-14,2027届,"硕士, 博士","实习, 暑期实习, 秋招提前批",申万菱信基金,https://mp.weixin.qq.com/s/OXL1gwb4SXxmyNmaEh6Wsw,https://job.swsmu.com/campus_apply/swsmu/74260#/,/,有笔试,,,,
2026/05/22,江苏银行,央国企,金融业,总行实习生（数学统计方向）;总行实习生（人工智能方向）;总行实习生（市场营销方向）;总行实习生（网络与新媒体方向）,南京,2026-05-29,2027届,"硕士, 博士",暑期实习,江苏银行招聘,https://mp.weixin.qq.com/s/7TL5SrVL2CoHuCI0mfrJjg,https://hr.jsbchina.cn/spa/custom/static/index.html#/main/cs/app/415469a50449415a9b56642c69728966_traineesva,"数学,统计,人工智能,市场营销,网络与新媒体相关专业",/,,,,
2026/05/22,因诺资产,民企,金融业,量化投资实习生;大模型量化投资实习生;C++开发实习生,"上海, 北京",尽快投递,2027届,"本科, 硕士, 博士",暑期实习,因诺招聘,https://mp.weixin.qq.com/s/6lLhUOSSRPAV09OKa31gFA,https://mp.weixin.qq.com/s/6lLhUOSSRPAV09OKa31gFA,"计算机,电子工程,数学等相关专业",/,,,,
2026/05/22,顺丰集团,民企,交通/物流/仓储,网点管理岗 中转场管理岗 仓储管理岗；,全国多地,尽快投递,"2026, 2027届","本科, 硕士, 博士","实习, 暑期实习",顺丰校园招聘,https://mp.weixin.qq.com/s/ucTa9oP2Ds_jrFkVDLFjsA,https://campus.sf-express.com/#/positionList,/,/,,,,
2026/05/22,懂车帝,民企,IT/互联网/游戏,Agent大模型实习生;AI全栈/跨端研发实习生;AI应用研发实习生;AI产品实习生-用户方向;AI大模型产品经理实习生;AI大模型产品运营实习生;后端开发实习生;测试开发实习生;数仓开发实习生;商业化广告产品运营实习生;商业化行业运营实习生;商业化产品策略实习生;经营分析实习生;内容营销实习生;汽车实测实习生;汽车编辑实习生;客户顾问;网销顾问,"上海, 北京, 合肥, 广州, 杭州, 武汉, 重庆",尽快投递,2027届,"本科, 硕士, 博士","暑期实习, 秋招提前批",懂车帝招聘,https://mp.weixin.qq.com/s/yb_BvDcCS5WVI761bYwVLw,https://dcar.jobs.feishu.cn/campus/position/list,/,/,,,,
2026/05/22,徽商银行,央国企,金融业,总行数据管理与创新部金融科技实习生;分行客户经理实习生;大堂经理助理实习生,"北京, 南京, 合肥, 宁波, 安庆, 宣城, 宿州, 成都, 池州, 淮北, 淮南, 深圳, 滁州, 芜湖, 蚌埠, 铜陵, 阜阳, 马鞍山, 黄山",2026-06-05,2027届,"本科, 硕士, 博士",暑期实习,徽商银行人才招聘,https://mp.weixin.qq.com/s/FJauJtjJw2DGTmdWXei0Zg,https://rczp.hsbank.com.cn/pc/#/InternshipDetails?id=951&type=2&channelCode=sxszp,"分行实习岗位专业不限,总行金融科技实习生要求数据开发领域相关专业",/,,,,
2026/05/22,潍柴集团,央国企,机械/制造业,动力电池产品类 固体氧化物燃料电池开发类 市场研究类 海外营销工程师 人力资源管理类 采购工程师 工艺工程师 装备工程师；,"潍坊, 烟台",尽快投递,2026届,"本科, 硕士, 博士",春招补招,潍柴招聘,https://mp.weixin.qq.com/s/SINp9IQBmFy4nEfm7VinQQ,https://weichai.zhiye.com/custom/xiaoyuan?hideMenu=1,/,/,,,,
2026/05/22,杰士德集团,民企,机械/制造业,研发与工艺类管培生;业务类管培生;职能类管培生,"唐山, 苏州",尽快投递,2026届,"本科, 硕士, 博士",春招专场,杰士德招聘,https://mp.weixin.qq.com/s/9BRQwUish2ChcedPF1LjxA,https://justech1.zhiye.com/campus/jobs,/,/,,,,
2026/05/22,拼多多集团-PDD,民企,IT/互联网/游戏,法务助理岗位,上海,尽快投递,2026届,"本科, 硕士, 博士",春招专场,拼多多集团-PDD招聘,https://mp.weixin.qq.com/s/uAkQLEUL1cyB5PiqNX8msQ,https://careers.pddglobalhr.com/campus/grad/detail?positionId=e8db1c03-080e-4466-8812-9c50dbd01699,/,/,,,,
2026/05/22,中国铁路济南局集团有限公司,央国企,交通/物流/仓储,本次招聘计划58人，具体招聘岗位、专业要求、工作单位及招聘数量详见附件。,济南,2026-05-29,"2025, 2026届","本科, 硕士, 博士",春招专场,中国铁路济南局集团有限公司,https://hr.jntlj.com/main/anndetail/790,https://hr.jntlj.com/main/anndetail/790,/,有笔试,,,,
2026/05/22,航天科工集团科技保障中心有限公司,央国企,机械/制造业,预先研究岗;档案编辑岗;产品设计岗;专区运营岗;技术运维岗;政策研究岗;校招招标代理岗;信息化管理岗;市场运营岗;安全运维岗;社招招标代理岗,北京,2026-07-31,2026届,"本科, 硕士, 博士",春招专场,中国航天科工,https://mp.weixin.qq.com/s/QnKWxgmSJqWN5DbVpvC_1w,https://mp.weixin.qq.com/s/QnKWxgmSJqWN5DbVpvC_1w,"人工智能,档案学,计算机,软件工程,供应链管理,信息管理,管理科学与工程,电子商务,法律,财务,审计,电子工程,材料,物流,采购管理",有笔试,,,,
2026/05/22,德州仪器,外企,通信/电子/半导体,现场技术应用工程师(模拟方向);现场技术应用工程师(嵌入式方向);技术销售工程师,"上海, 北京, 杭州, 深圳",尽快投递,"2024, 2025, 2026届","本科, 硕士, 博士",春招补招,德州仪器芯招聘,https://mp.weixin.qq.com/s/dM4PPxIu3o-gIB7e6-X50Q?scene=1,https://app.mokahr.com/campus-recruitment/ti/143986?sourceToken=8b02b73fd71756fc2dd211886d581183#/,"电力电子相关专业,理工科相关专业",/,,,,
2026/05/22,中国航信,央国企,IT/互联网/游戏,软件开发工程师;信息安全工程师;智能运维工程师;数据开发工程师;算法工程师;运维工程师;产品助理;需求分析师;商务经理;客户经理,"兰州, 北京, 南宁, 厦门, 嘉兴, 太原, 广州, 无锡, 昆明, 杭州, 沈阳, 泉州, 海口, 福州, 青岛",尽快投递,2026届,"本科, 硕士, 博士",春招专场,中国航信招聘,https://mp.weixin.qq.com/s/9_tl-zoHjZBNaTcqyDeiJQ?scene=1,https://travelsky.hotjob.cn/,"计算机类,电子信息类,自动化类,交通运输类,航空运输类,统计学类,设计学类,数学类",有笔试,,,,
2026/05/22,卡尔美体育-电商,民企,贸易/批发/零售,主播助理 直播运营助理；,牡丹江,尽快投递,2026届,"本科, 硕士, 博士",春招专场,卡尔美招聘,https://mp.weixin.qq.com/s/aR0yO6eqF9Eo04fw5Pa7dg,https://mp.weixin.qq.com/s/aR0yO6eqF9Eo04fw5Pa7dg,/,/,,,,
2026/05/22,宁波勇诚资产管理有限公司,央国企,商务服务业,基金运营岗;风控合规岗,宁波,2026-06-08,2026届,"硕士, 博士",春招专场,宁波勇诚资产管理有限公司,https://gzw.ningbo.gov.cn/col/col1229116730/art/2026/art_b626ab37e80d4501b54999eee919dc54.html,投递邮箱：hr@nbyczg.com,"经济学门类,法学类,工商管理类",有笔试,,,,
2026/05/22,罗技,外企,通信/电子/半导体,管理培训生岗位,上海,尽快投递,"2025, 2026届","本科, 硕士, 博士",春招专场,罗技招聘,https://mp.weixin.qq.com/s/cBzLp2dQBtYyJCPGMw1ahQ,https://mp.weixin.qq.com/s/cBzLp2dQBtYyJCPGMw1ahQ,/,/,,,,
2026/05/22,搜狐,民企,IT/互联网/游戏,推荐算法工程师;NLP算法工程师;推荐助理算法研究员;AI产品全栈工程师;AI助理研究员;风控算法工程师;Java工程师;大模型算法应用工程师;财经科技视频编辑;母婴内容运营;运营专员;产品经理,北京,尽快投递,2026届,"本科, 硕士, 博士",春招专场,搜狐招聘,https://mp.weixin.qq.com/s/z8mS_Hc9ODQt05DXAd3O7A,https://hr.sohu.com,/,/,,,,
2026/05/22,佛吉亚,外企,汽车制造/维修/零配件,研发实习生;人力资源实习生;采购实习生;财务实习生,"上海, 北京",2026-05-24,"2027, 2028, 2029届","本科, 硕士, 博士",暑期实习,佛吉亚微招聘,https://mp.weixin.qq.com/s/zIe78VvyYGeTiw5JLqS12g,https://app.mokahr.com/campus-recruitment/faurecia/146093?sharePageId=4574761#/jobs,/,有笔试,,,,
2026/05/22,江西日报社-江西报业传媒集团,事业单位,文化/传媒/广告/体育,全媒体采编岗;文字采编岗;财务会计岗;新媒体运营岗,南昌,2026-05-29,2026届,"本科, 硕士, 博士",社招,江西日报社-江西报业传媒集团,https://www.jxrcrsksta.com/content/6582?categoryId=18,https://www.jxrcfw.com/,全媒体采编岗专业不限；文字采编岗要求哲学、政治学、马克思主义理论、新闻传播学、中国史、世界史专业；财务会计岗要求会计学、财务管理、审计学专业；新媒体运营岗要求中国语言文学类、新闻传播学类专业,有笔试,,,,
